[17:59:49] [INIT] binkw32 proxy DLL attached to process (PID: 496)
[17:59:51] =========================================
[17:59:51] Far Cry 2 Co-op Mod - Milestone 1 Initialized
[17:59:51] =========================================
[17:59:51] [SUCCESS] Dunia.dll found at base address: 0x10000000
[17:59:51] [INFO] FarCry2.exe base address: 0x00400000
[17:59:51] [INFO] Background monitor thread is running.
[18:00:01] [HEARTBEAT] Game alive, tick: 10
[18:00:11] [HEARTBEAT] Game alive, tick: 20
[18:00:21] [HEARTBEAT] Game alive, tick: 30
[18:00:31] [HEARTBEAT] Game alive, tick: 40
[18:00:45] [INIT] binkw32 proxy DLL attached to process (PID: 356)
[18:00:47] =========================================
[18:00:47] Far Cry 2 Co-op Mod - Milestone 1 Initialized
[18:00:47] =========================================
[18:00:47] [SUCCESS] Dunia.dll found at base address: 0x10000000
[18:00:47] [INFO] FarCry2.exe base address: 0x00400000
[18:00:47] [INFO] Background monitor thread is running.
[18:00:57] [HEARTBEAT] Game alive, tick: 10
[18:01:07] [HEARTBEAT] Game alive, tick: 20
[18:01:17] [HEARTBEAT] Game alive, tick: 30
[18:01:27] [HEARTBEAT] Game alive, tick: 40
[18:01:37] [HEARTBEAT] Game alive, tick: 50
[18:01:47] [HEARTBEAT] Game alive, tick: 60
[18:01:57] [HEARTBEAT] Game alive, tick: 70
[18:02:07] [HEARTBEAT] Game alive, tick: 80
[18:02:17] [HEARTBEAT] Game alive, tick: 90
[18:02:27] [HEARTBEAT] Game alive, tick: 100
[18:04:53] [INIT] binkw32 proxy DLL attached to process (PID: 360)
[18:04:55] =========================================
[18:04:55] Far Cry 2 Co-op Mod - Milestone 1 Initialized
[18:04:55] =========================================
[18:04:55] [SUCCESS] Dunia.dll found at base address: 0x10000000
[18:04:55] [INFO] FarCry2.exe base address: 0x00400000
[18:04:55] [INFO] Background monitor thread is running.
[18:05:05] [HEARTBEAT] Game alive, tick: 10
[18:05:15] [HEARTBEAT] Game alive, tick: 20
[18:05:25] [HEARTBEAT] Game alive, tick: 30
[18:05:35] [HEARTBEAT] Game alive, tick: 40
[18:05:45] [HEARTBEAT] Game alive, tick: 50
[18:05:55] [HEARTBEAT] Game alive, tick: 60
[18:06:05] [HEARTBEAT] Game alive, tick: 70
[18:06:15] [HEARTBEAT] Game alive, tick: 80
[18:12:29] [INIT] binkw32 proxy DLL attached to process (PID: 356)
[18:12:31] =========================================
[18:12:31] Far Cry 2 Co-op Mod - Milestone 1 Initialized
[18:12:31] =========================================
[18:12:31] [SUCCESS] Dunia.dll found at base address: 0x10000000
[18:12:31] [INFO] FarCry2.exe base address: 0x00400000
[18:12:31] [INFO] Background monitor thread is running.
[18:12:41] [HEARTBEAT] Game alive, tick: 10
[18:12:51] [HEARTBEAT] Game alive, tick: 20
[18:13:01] [HEARTBEAT] Game alive, tick: 30
[18:13:11] [HEARTBEAT] Game alive, tick: 40
[18:13:21] [HEARTBEAT] Game alive, tick: 50
[18:13:31] [HEARTBEAT] Game alive, tick: 60
[18:13:41] [HEARTBEAT] Game alive, tick: 70
[18:13:51] [HEARTBEAT] Game alive, tick: 80
[18:14:01] [HEARTBEAT] Game alive, tick: 90
[18:14:11] [HEARTBEAT] Game alive, tick: 100
[18:14:21] [HEARTBEAT] Game alive, tick: 110
[18:14:31] [HEARTBEAT] Game alive, tick: 120
[18:14:34] [SHUTDOWN] Mod DLL detaching from process.
[18:15:04] [INIT] binkw32 proxy DLL attached to process (PID: 356)
[18:15:06] =========================================
[18:15:06] Far Cry 2 Co-op Mod - Milestone 1 Initialized
[18:15:06] =========================================
[18:15:06] [SUCCESS] Dunia.dll found at base address: 0x10000000
[18:15:06] [INFO] FarCry2.exe base address: 0x00400000
[18:15:06] [INFO] Background monitor thread is running.
[18:15:16] [HEARTBEAT] Game alive, tick: 10
[18:15:26] [HEARTBEAT] Game alive, tick: 20
[18:15:36] [HEARTBEAT] Game alive, tick: 30
[18:15:46] [HEARTBEAT] Game alive, tick: 40
[18:15:56] [HEARTBEAT] Game alive, tick: 50
[18:16:06] [HEARTBEAT] Game alive, tick: 60
[18:16:16] [HEARTBEAT] Game alive, tick: 70
[18:16:26] [HEARTBEAT] Game alive, tick: 80
[18:16:36] [HEARTBEAT] Game alive, tick: 90
[18:16:46] [HEARTBEAT] Game alive, tick: 100
[18:16:56] [HEARTBEAT] Game alive, tick: 110
[18:17:06] [HEARTBEAT] Game alive, tick: 120
[18:17:16] [HEARTBEAT] Game alive, tick: 130
[18:17:26] [HEARTBEAT] Game alive, tick: 140
[18:17:36] [HEARTBEAT] Game alive, tick: 150
[18:18:08] [INIT] binkw32 proxy DLL attached to process (PID: 356)
[18:18:10] =========================================
[18:18:10] Far Cry 2 Co-op Mod - Milestone 1 Initialized
[18:18:10] Scanner Keys: [F1] = Record Point A | [F2] = Record Point B (Moved)
[18:18:10] =========================================
[18:18:10] [SUCCESS] Dunia.dll found at base address: 0x10000000
[18:18:10] [INFO] FarCry2.exe base address: 0x00400000
[18:18:10] [INFO] Scanner is active and listening for F1 / F2 keys...
[18:18:40] =========================================
[18:18:40] [SCAN-F1] Scanning memory for Point A (Stand still)...
[18:18:40] [SCAN-F1] Found 300000 coordinate candidates! Now walk 10-20 meters and press F2.
[18:18:48] =========================================
[18:18:48] [SCAN-F2] Comparing with Point B candidates...
[18:18:48] [MATCH] Addr: 0x00709D78 | Moved: 38.30m | Pos: (3280.00, 1535.45, 0.00)
[18:18:48] [MATCH] Addr: 0x0070DD38 | Moved: 38.30m | Pos: (3280.00, 1535.45, 0.00)
[18:18:48] [MATCH] Addr: 0x00927978 | Moved: 39.09m | Pos: (3278.70, 1537.20, -25.00)
[18:18:48] [MATCH] Addr: 0x010C7384 | Moved: 30.80m | Pos: (145.29, 137.62, 103.61)
[18:18:48] [MATCH] Addr: 0x01E0BF30 | Moved: 8.49m | Pos: (137.62, 140.71, 139.02)
[18:18:48] [MATCH] Addr: 0x01E0BF34 | Moved: 8.07m | Pos: (140.71, 139.02, 138.62)
[18:18:48] [MATCH] Addr: 0x01E0BF38 | Moved: 13.74m | Pos: (139.02, 138.62, 153.70)
[18:18:48] [MATCH] Addr: 0x01E0BF3C | Moved: 17.02m | Pos: (138.62, 153.70, 137.04)
[18:18:48] [MATCH] Addr: 0x01E0BF40 | Moved: 15.87m | Pos: (153.70, 137.04, 142.91)
[18:18:48] [MATCH] Addr: 0x01E0BF44 | Moved: 10.68m | Pos: (137.04, 142.91, 144.58)
[18:18:48] [MATCH] Addr: 0x01E0BF48 | Moved: 7.21m | Pos: (142.91, 144.58, 150.99)
[18:18:48] [MATCH] Addr: 0x01E0BF4C | Moved: 7.58m | Pos: (144.58, 150.99, 141.44)
[18:18:48] [MATCH] Addr: 0x01E0BF50 | Moved: 8.74m | Pos: (150.99, 141.44, 148.15)
[18:18:48] [MATCH] Addr: 0x01E0BF54 | Moved: 5.18m | Pos: (141.44, 148.15, 143.25)
[18:18:48] [MATCH] Addr: 0x01E0BF58 | Moved: 5.23m | Pos: (148.15, 143.25, 142.56)
[18:18:48] [MATCH] Addr: 0x01E0BF5C | Moved: 7.87m | Pos: (143.25, 142.56, 146.62)
[18:18:48] [MATCH] Addr: 0x01E0BF60 | Moved: 27.42m | Pos: (142.56, 146.62, 124.26)
[18:18:48] [MATCH] Addr: 0x01E0BF64 | Moved: 34.17m | Pos: (146.62, 124.26, 163.07)
[18:18:48] [MATCH] Addr: 0x01E0BF68 | Moved: 33.37m | Pos: (124.26, 163.07, 138.31)
[18:18:48] [MATCH] Addr: 0x01E0BF6C | Moved: 23.16m | Pos: (163.07, 138.31, 154.46)
[18:18:48] [MATCH] Addr: 0x01E0BF70 | Moved: 10.71m | Pos: (138.31, 154.46, 146.91)
[18:18:48] [MATCH] Addr: 0x01E0BF74 | Moved: 11.08m | Pos: (154.46, 146.91, 144.93)
[18:18:48] [MATCH] Addr: 0x01E0BF78 | Moved: 5.62m | Pos: (146.91, 144.93, 138.04)
[18:18:48] [MATCH] Addr: 0x01E0BF7C | Moved: 12.40m | Pos: (144.93, 138.04, 151.84)
[18:18:48] [MATCH] Addr: 0x01E0BF80 | Moved: 12.18m | Pos: (138.04, 151.84, 142.28)
[18:18:48] [MATCH] Addr: 0x01E0BF84 | Moved: 12.03m | Pos: (151.84, 142.28, 142.37)
[18:18:48] [MATCH] Addr: 0x01E0BF88 | Moved: 4.93m | Pos: (142.28, 142.37, 141.97)
[18:18:48] [MATCH] Addr: 0x01E0BF8C | Moved: 4.48m | Pos: (142.37, 141.97, 142.35)
[18:18:48] [MATCH] Addr: 0x01E0BF90 | Moved: 3.79m | Pos: (141.97, 142.35, 146.89)
[18:18:48] [MATCH] Addr: 0x01E0BF94 | Moved: 20.77m | Pos: (142.35, 146.89, 129.70)
[18:18:48] [MATCH] Addr: 0x01E0BF98 | Moved: 27.00m | Pos: (146.89, 129.70, 158.43)
[18:18:48] [MATCH] Addr: 0x01E0BF9C | Moved: 27.47m | Pos: (129.70, 158.43, 148.60)
[18:18:48] [MATCH] Addr: 0x01E0BFA0 | Moved: 26.58m | Pos: (158.43, 148.60, 124.52)
[18:18:48] [MATCH] Addr: 0x01E0BFA4 | Moved: 25.23m | Pos: (148.60, 124.52, 161.74)
[18:18:48] [MATCH] Addr: 0x01E0BFA8 | Moved: 24.84m | Pos: (124.52, 161.74, 146.36)
[18:18:48] [MATCH] Addr: 0x01E0BFAC | Moved: 16.61m | Pos: (161.74, 146.36, 149.40)
[18:18:48] [MATCH] Addr: 0x01E0BFB0 | Moved: 7.27m | Pos: (146.36, 149.40, 141.87)
[18:18:48] [MATCH] Addr: 0x01E0BFB4 | Moved: 6.04m | Pos: (149.40, 141.87, 144.05)
[18:18:48] [MATCH] Addr: 0x01E0BFB8 | Moved: 22.77m | Pos: (141.87, 144.05, 121.69)
[18:18:48] [MATCH] Addr: 0x01E0BFBC | Moved: 36.77m | Pos: (144.05, 121.69, 172.51)
[18:18:48] [MATCH] Addr: 0x01E0BFC0 | Moved: 37.84m | Pos: (121.69, 172.51, 141.89)
[18:18:48] [MATCH] Addr: 0x01E0BFC4 | Moved: 32.40m | Pos: (172.51, 141.89, 147.47)
[18:18:48] [MATCH] Addr: 0x01E0BFC8 | Moved: 14.83m | Pos: (141.89, 147.47, 144.68)
[18:18:48] [MATCH] Addr: 0x01E0BFCC | Moved: 11.72m | Pos: (147.47, 144.68, 146.07)
[18:18:48] [MATCH] Addr: 0x01E0BFD0 | Moved: 2.94m | Pos: (144.68, 146.07, 143.38)
[18:18:48] [MATCH] Addr: 0x01E0BFD4 | Moved: 21.89m | Pos: (146.07, 143.38, 125.13)
[18:18:48] [MATCH] Addr: 0x01E0BFD8 | Moved: 31.62m | Pos: (143.38, 125.13, 161.42)
[18:18:48] [MATCH] Addr: 0x01E0BFDC | Moved: 34.15m | Pos: (125.13, 161.42, 131.75)
[18:18:48] [MATCH] Addr: 0x01E0BFE0 | Moved: 27.92m | Pos: (161.42, 131.75, 154.72)
[18:18:48] [MATCH] Addr: 0x01E0BFE4 | Moved: 29.71m | Pos: (131.75, 154.72, 168.71)
[18:18:48] [MATCH] Addr: 0x01E0BFE8 | Moved: 31.60m | Pos: (154.72, 168.71, 126.43)
[18:18:48] [MATCH] Addr: 0x01E0BFEC | Moved: 32.14m | Pos: (168.71, 126.43, 132.42)
[18:18:48] [MATCH] Addr: 0x01E0BFF0 | Moved: 24.73m | Pos: (126.43, 132.42, 157.90)
[18:18:48] [MATCH] Addr: 0x01E0BFF4 | Moved: 19.75m | Pos: (132.42, 157.90, 153.84)
[18:18:48] [MATCH] Addr: 0x01E0BFF8 | Moved: 16.62m | Pos: (157.90, 153.84, 137.40)
[18:18:48] [MATCH] Addr: 0x01E0BFFC | Moved: 10.94m | Pos: (153.84, 137.40, 148.43)
[18:18:48] [MATCH] Addr: 0x01E0C000 | Moved: 8.87m | Pos: (137.40, 148.43, 136.33)
[18:18:48] [MATCH] Addr: 0x01E0C004 | Moved: 8.41m | Pos: (148.43, 136.33, 152.86)
[18:18:48] [MATCH] Addr: 0x01E0C008 | Moved: 5.46m | Pos: (136.33, 152.86, 147.15)
[18:18:48] [MATCH] Addr: 0x01E0C00C | Moved: 21.14m | Pos: (152.86, 147.15, 124.09)
[18:18:48] [MATCH] Addr: 0x01E0C010 | Moved: 34.02m | Pos: (147.15, 124.09, 166.65)
[18:18:48] [MATCH] Addr: 0x01E0C014 | Moved: 33.96m | Pos: (124.09, 166.65, 145.06)
[18:18:48] [MATCH] Addr: 0x01E0C018 | Moved: 27.23m | Pos: (166.65, 145.06, 142.22)
[18:18:48] [MATCH] Addr: 0x01E0C01C | Moved: 7.12m | Pos: (145.06, 142.22, 152.28)
[18:18:48] [MATCH] Addr: 0x01E0C020 | Moved: 14.25m | Pos: (142.22, 152.28, 123.95)
[18:18:48] [MATCH] Addr: 0x01E0C024 | Moved: 13.41m | Pos: (152.28, 123.95, 145.29)
[18:18:48] [MATCH] Addr: 0x01E0C028 | Moved: 24.95m | Pos: (123.95, 145.29, 123.27)
[18:18:48] [MATCH] Addr: 0x01E0C02C | Moved: 32.08m | Pos: (145.29, 123.27, 166.04)
[18:18:48] [MATCH] Addr: 0x01E0C030 | Moved: 36.65m | Pos: (123.27, 166.04, 161.76)
[18:18:48] [MATCH] Addr: 0x01E0C034 | Moved: 30.04m | Pos: (166.04, 161.76, 140.01)
[18:18:48] [MATCH] Addr: 0x01E0C038 | Moved: 18.58m | Pos: (161.76, 140.01, 144.66)
[18:18:48] [MATCH] Addr: 0x01E0C03C | Moved: 35.45m | Pos: (140.01, 144.66, 110.76)
[18:18:48] [MATCH] Addr: 0x01E0C040 | Moved: 48.00m | Pos: (144.66, 110.76, 172.63)
[18:18:48] [MATCH] Addr: 0x01E0C044 | Moved: 51.22m | Pos: (110.76, 172.63, 123.45)
[18:18:48] [MATCH] Addr: 0x01E0C054 | Moved: 54.50m | Pos: (158.83, 103.61, 180.00)
[18:18:48] [MATCH] Addr: 0x01E0C058 | Moved: 55.46m | Pos: (103.61, 180.00, 157.19)
[18:18:48] [MATCH] Addr: 0x01E0C05C | Moved: 40.19m | Pos: (180.00, 157.19, 154.40)
[18:18:48] [MATCH] Addr: 0x01E0C060 | Moved: 15.31m | Pos: (157.19, 154.40, 143.11)
[18:18:48] [MATCH] Addr: 0x01E0C064 | Moved: 4.49m | Pos: (154.40, 143.11, 146.03)
[18:18:48] [MATCH] Addr: 0x01E0C068 | Moved: 15.10m | Pos: (143.11, 146.03, 128.33)
[18:18:48] [MATCH] Addr: 0x01E0C06C | Moved: 15.16m | Pos: (146.03, 128.33, 147.00)
[18:18:48] [MATCH] Addr: 0x01E0C070 | Moved: 30.62m | Pos: (128.33, 147.00, 163.37)
[18:18:48] [MATCH] Addr: 0x01E0C074 | Moved: 27.18m | Pos: (147.00, 163.37, 140.76)
[18:18:48] [MATCH] Addr: 0x01E0C078 | Moved: 27.00m | Pos: (163.37, 140.76, 140.73)
[18:18:48] [MATCH] Addr: 0x01E0C07C | Moved: 23.37m | Pos: (140.76, 140.73, 126.94)
[18:18:48] [MATCH] Addr: 0x01E0C080 | Moved: 27.00m | Pos: (140.73, 126.94, 158.05)
[18:18:48] [MATCH] Addr: 0x01E0C084 | Moved: 29.02m | Pos: (126.94, 158.05, 153.40)
[18:18:48] [MATCH] Addr: 0x01E0C088 | Moved: 24.80m | Pos: (158.05, 153.40, 127.55)
[18:18:48] [MATCH] Addr: 0x01E0C08C | Moved: 25.04m | Pos: (153.40, 127.55, 160.37)
[18:18:48] [MATCH] Addr: 0x01E0C090 | Moved: 22.58m | Pos: (127.55, 160.37, 0.00)
[18:18:48] [MATCH] Addr: 0x01E0C3D4 | Moved: 35.58m | Pos: (145.46, 156.60, 103.61)
[18:18:48] [MATCH] Addr: 0x01E0C3D8 | Moved: 35.55m | Pos: (156.60, 103.61, 0.00)
[18:18:48] [MATCH] Addr: 0x01E0CAE0 | Moved: 14.00m | Pos: (137.62, 156.60, 139.02)
[18:18:48] [MATCH] Addr: 0x01E0CAE4 | Moved: 13.76m | Pos: (156.60, 139.02, 138.62)
[18:18:48] [MATCH] Addr: 0x01E0CAE8 | Moved: 13.74m | Pos: (139.02, 138.62, 153.70)
[18:18:48] [MATCH] Addr: 0x01E0CAEC | Moved: 17.02m | Pos: (138.62, 153.70, 137.04)
[18:18:48] [MATCH] Addr: 0x01E0CAF0 | Moved: 15.87m | Pos: (153.70, 137.04, 142.91)
[18:18:48] [MATCH] Addr: 0x01E0CAF4 | Moved: 10.68m | Pos: (137.04, 142.91, 144.58)
[18:18:48] [MATCH] Addr: 0x01E0CAF8 | Moved: 7.21m | Pos: (142.91, 144.58, 150.99)
[18:18:48] [MATCH] Addr: 0x01E0CAFC | Moved: 7.58m | Pos: (144.58, 150.99, 141.44)
[18:18:48] [MATCH] Addr: 0x01E0CB00 | Moved: 8.74m | Pos: (150.99, 141.44, 148.15)
[18:18:48] [MATCH] Addr: 0x01E0CB04 | Moved: 5.18m | Pos: (141.44, 148.15, 143.25)
[18:18:48] [MATCH] Addr: 0x01E0CB08 | Moved: 5.23m | Pos: (148.15, 143.25, 142.56)
[18:18:48] [MATCH] Addr: 0x01E0CB0C | Moved: 7.87m | Pos: (143.25, 142.56, 146.62)
[18:18:48] [MATCH] Addr: 0x01E0CB10 | Moved: 27.42m | Pos: (142.56, 146.62, 124.26)
[18:18:48] [MATCH] Addr: 0x01E0CB14 | Moved: 34.17m | Pos: (146.62, 124.26, 163.07)
[18:18:48] [MATCH] Addr: 0x01E0CB18 | Moved: 33.37m | Pos: (124.26, 163.07, 138.31)
[18:18:48] [MATCH] Addr: 0x01E0CB1C | Moved: 23.16m | Pos: (163.07, 138.31, 154.46)
[18:18:48] [MATCH] Addr: 0x01E0CB20 | Moved: 10.71m | Pos: (138.31, 154.46, 146.91)
[18:18:48] [MATCH] Addr: 0x01E0CB24 | Moved: 11.08m | Pos: (154.46, 146.91, 144.93)
[18:18:48] [MATCH] Addr: 0x01E0CB28 | Moved: 5.62m | Pos: (146.91, 144.93, 138.04)
[18:18:48] [MATCH] Addr: 0x01E0CB2C | Moved: 12.40m | Pos: (144.93, 138.04, 151.84)
[18:18:48] [MATCH] Addr: 0x01E0CB30 | Moved: 12.18m | Pos: (138.04, 151.84, 142.28)
[18:18:48] [MATCH] Addr: 0x01E0CB34 | Moved: 12.03m | Pos: (151.84, 142.28, 142.37)
[18:18:48] [MATCH] Addr: 0x01E0CB38 | Moved: 4.93m | Pos: (142.28, 142.37, 141.97)
[18:18:48] [MATCH] Addr: 0x01E0CB3C | Moved: 4.48m | Pos: (142.37, 141.97, 142.35)
[18:18:48] [MATCH] Addr: 0x01E0CB40 | Moved: 3.79m | Pos: (141.97, 142.35, 146.89)
[18:18:48] [MATCH] Addr: 0x01E0CB44 | Moved: 20.77m | Pos: (142.35, 146.89, 129.70)
[18:18:48] [MATCH] Addr: 0x01E0CB48 | Moved: 27.00m | Pos: (146.89, 129.70, 158.43)
[18:18:48] [MATCH] Addr: 0x01E0CB4C | Moved: 27.47m | Pos: (129.70, 158.43, 148.60)
[18:18:48] [MATCH] Addr: 0x01E0CB50 | Moved: 26.58m | Pos: (158.43, 148.60, 124.52)
[18:18:48] [MATCH] Addr: 0x01E0CB54 | Moved: 25.23m | Pos: (148.60, 124.52, 161.74)
[18:18:48] [MATCH] Addr: 0x01E0CB58 | Moved: 24.84m | Pos: (124.52, 161.74, 146.36)
[18:18:48] [MATCH] Addr: 0x01E0CB5C | Moved: 16.61m | Pos: (161.74, 146.36, 149.40)
[18:18:48] [MATCH] Addr: 0x01E0CB60 | Moved: 7.27m | Pos: (146.36, 149.40, 141.87)
[18:18:48] [MATCH] Addr: 0x01E0CB64 | Moved: 6.04m | Pos: (149.40, 141.87, 144.05)
[18:18:48] [MATCH] Addr: 0x01E0CB68 | Moved: 22.77m | Pos: (141.87, 144.05, 121.69)
[18:18:48] [MATCH] Addr: 0x01E0CB6C | Moved: 36.77m | Pos: (144.05, 121.69, 172.51)
[18:18:48] [MATCH] Addr: 0x01E0CB70 | Moved: 37.84m | Pos: (121.69, 172.51, 141.89)
[18:18:48] [MATCH] Addr: 0x01E0CB74 | Moved: 32.40m | Pos: (172.51, 141.89, 147.47)
[18:18:48] [MATCH] Addr: 0x01E0CB78 | Moved: 14.83m | Pos: (141.89, 147.47, 144.68)
[18:18:48] [MATCH] Addr: 0x01E0CB7C | Moved: 11.72m | Pos: (147.47, 144.68, 146.07)
[18:18:48] [MATCH] Addr: 0x01E0CB80 | Moved: 2.94m | Pos: (144.68, 146.07, 143.38)
[18:18:48] [MATCH] Addr: 0x01E0CB84 | Moved: 21.89m | Pos: (146.07, 143.38, 125.13)
[18:18:48] [MATCH] Addr: 0x01E0CB88 | Moved: 31.62m | Pos: (143.38, 125.13, 161.42)
[18:18:48] [MATCH] Addr: 0x01E0CB8C | Moved: 34.15m | Pos: (125.13, 161.42, 131.75)
[18:18:48] [MATCH] Addr: 0x01E0CB90 | Moved: 27.92m | Pos: (161.42, 131.75, 154.72)
[18:18:48] [MATCH] Addr: 0x01E0CB94 | Moved: 29.71m | Pos: (131.75, 154.72, 168.71)
[18:18:48] [MATCH] Addr: 0x01E0CB98 | Moved: 31.60m | Pos: (154.72, 168.71, 126.43)
[18:18:48] [MATCH] Addr: 0x01E0CB9C | Moved: 32.14m | Pos: (168.71, 126.43, 132.42)
[18:18:48] [MATCH] Addr: 0x01E0CBA0 | Moved: 24.73m | Pos: (126.43, 132.42, 157.90)
[18:18:48] [MATCH] Addr: 0x01E0CBA4 | Moved: 19.75m | Pos: (132.42, 157.90, 153.84)
[18:18:48] [MATCH] Addr: 0x01E0CBA8 | Moved: 16.62m | Pos: (157.90, 153.84, 137.40)
[18:18:48] [MATCH] Addr: 0x01E0CBAC | Moved: 10.94m | Pos: (153.84, 137.40, 148.43)
[18:18:48] [MATCH] Addr: 0x01E0CBB0 | Moved: 8.87m | Pos: (137.40, 148.43, 136.33)
[18:18:48] [MATCH] Addr: 0x01E0CBB4 | Moved: 8.41m | Pos: (148.43, 136.33, 152.86)
[18:18:48] [MATCH] Addr: 0x01E0CBB8 | Moved: 5.46m | Pos: (136.33, 152.86, 147.15)
[18:18:48] [MATCH] Addr: 0x01E0CBBC | Moved: 21.14m | Pos: (152.86, 147.15, 124.09)
[18:18:48] [MATCH] Addr: 0x01E0CBC0 | Moved: 34.02m | Pos: (147.15, 124.09, 166.65)
[18:18:48] [MATCH] Addr: 0x01E0CBC4 | Moved: 33.96m | Pos: (124.09, 166.65, 145.06)
[18:18:48] [MATCH] Addr: 0x01E0CBC8 | Moved: 27.23m | Pos: (166.65, 145.06, 142.22)
[18:18:48] [MATCH] Addr: 0x01E0CBCC | Moved: 7.12m | Pos: (145.06, 142.22, 152.28)
[18:18:48] [MATCH] Addr: 0x01E0CBD0 | Moved: 14.25m | Pos: (142.22, 152.28, 123.95)
[18:18:48] [MATCH] Addr: 0x01E0CBD4 | Moved: 13.41m | Pos: (152.28, 123.95, 145.29)
[18:18:48] [MATCH] Addr: 0x01E0CBD8 | Moved: 24.95m | Pos: (123.95, 145.29, 123.27)
[18:18:48] [MATCH] Addr: 0x01E0CBDC | Moved: 32.08m | Pos: (145.29, 123.27, 166.04)
[18:18:48] [MATCH] Addr: 0x01E0CBE0 | Moved: 36.65m | Pos: (123.27, 166.04, 161.76)
[18:18:48] [MATCH] Addr: 0x01E0CBE4 | Moved: 30.04m | Pos: (166.04, 161.76, 140.01)
[18:18:48] [MATCH] Addr: 0x01E0CBE8 | Moved: 18.58m | Pos: (161.76, 140.01, 144.66)
[18:18:48] [MATCH] Addr: 0x01E0CBEC | Moved: 35.45m | Pos: (140.01, 144.66, 110.76)
[18:18:48] [MATCH] Addr: 0x01E0CBF0 | Moved: 48.00m | Pos: (144.66, 110.76, 172.63)
[18:18:48] [MATCH] Addr: 0x01E0CBF4 | Moved: 51.22m | Pos: (110.76, 172.63, 123.45)
[18:18:48] [MATCH] Addr: 0x01E0CC04 | Moved: 54.50m | Pos: (158.83, 103.61, 180.00)
[18:18:48] [MATCH] Addr: 0x01E0CC08 | Moved: 55.46m | Pos: (103.61, 180.00, 157.19)
[18:18:48] [MATCH] Addr: 0x01E0CC0C | Moved: 40.19m | Pos: (180.00, 157.19, 154.40)
[18:18:48] [MATCH] Addr: 0x01E0CC10 | Moved: 15.31m | Pos: (157.19, 154.40, 143.11)
[18:18:48] [MATCH] Addr: 0x01E0CC14 | Moved: 4.49m | Pos: (154.40, 143.11, 146.03)
[18:18:48] [MATCH] Addr: 0x01E0CC18 | Moved: 15.10m | Pos: (143.11, 146.03, 128.33)
[18:18:48] [MATCH] Addr: 0x01E0CC1C | Moved: 15.16m | Pos: (146.03, 128.33, 147.00)
[18:18:48] [MATCH] Addr: 0x01E0CC20 | Moved: 30.62m | Pos: (128.33, 147.00, 163.37)
[18:18:48] [MATCH] Addr: 0x01E0CC24 | Moved: 27.18m | Pos: (147.00, 163.37, 140.76)
[18:18:48] [MATCH] Addr: 0x01E0CC28 | Moved: 27.00m | Pos: (163.37, 140.76, 140.73)
[18:18:48] [MATCH] Addr: 0x01E0CC2C | Moved: 23.37m | Pos: (140.76, 140.73, 126.94)
[18:18:48] [MATCH] Addr: 0x01E0CC30 | Moved: 27.00m | Pos: (140.73, 126.94, 158.05)
[18:18:48] [MATCH] Addr: 0x01E0CC34 | Moved: 29.02m | Pos: (126.94, 158.05, 153.40)
[18:18:48] [MATCH] Addr: 0x01E0CC38 | Moved: 24.80m | Pos: (158.05, 153.40, 127.55)
[18:18:48] [MATCH] Addr: 0x01E0CC3C | Moved: 25.04m | Pos: (153.40, 127.55, 160.37)
[18:18:48] [MATCH] Addr: 0x01E0CC40 | Moved: 22.58m | Pos: (127.55, 160.37, -0.00)
[18:18:48] [MATCH] Addr: 0x02CA7280 | Moved: 39.11m | Pos: (3278.75, 1537.07, 23.33)
[18:18:48] [MATCH] Addr: 0x02CCADE8 | Moved: 37.27m | Pos: (3274.86, 1532.57, 23.33)
[18:18:48] [MATCH] Addr: 0x02CCADF4 | Moved: 41.01m | Pos: (3282.64, 1541.58, 26.33)
[18:18:48] [MATCH] Addr: 0x02D3C600 | Moved: 6.85m | Pos: (1012.87, 1032.05, 982.80)
[18:18:48] [MATCH] Addr: 0x02D3C604 | Moved: 9.42m | Pos: (1032.05, 982.80, 1050.23)
[18:18:48] [MATCH] Addr: 0x02D3C608 | Moved: 9.32m | Pos: (982.80, 1050.23, 0.00)
[18:18:48] [MATCH] Addr: 0x02D4333C | Moved: 40.27m | Pos: (2424.97, 1490.66, 588.54)
[18:18:48] [MATCH] Addr: 0x02D43340 | Moved: 23.13m | Pos: (1490.66, 588.54, 0.00)
[18:18:48] [MATCH] Addr: 0x02D4334C | Moved: 40.27m | Pos: (2426.68, 1494.00, 591.41)
[18:18:48] [MATCH] Addr: 0x02D43354 | Moved: 40.27m | Pos: (591.41, 2426.95, 1487.32)
[18:18:48] [MATCH] Addr: 0x02D43358 | Moved: 40.27m | Pos: (2426.95, 1487.32, 591.24)
[18:18:48] [MATCH] Addr: 0x02D43360 | Moved: 40.27m | Pos: (591.24, 2422.99, 1494.00)
[18:18:48] [MATCH] Addr: 0x03F79C6C | Moved: 39.09m | Pos: (3278.70, 1537.20, 25.00)
[18:18:48] [MATCH] Addr: 0x03F79C8C | Moved: 39.09m | Pos: (3278.70, 1537.20, 25.00)
[18:18:48] [MATCH] Addr: 0x05B1DFD8 | Moved: 55.34m | Pos: (3283.80, 1563.60, 28.64)
[18:18:48] [MATCH] Addr: 0x05B1E020 | Moved: 55.34m | Pos: (3283.80, 1563.60, 28.64)
[18:18:48] [MATCH] Addr: 0x05B1EFE0 | Moved: 39.09m | Pos: (3278.70, 1537.20, 25.00)
[18:18:48] [MATCH] Addr: 0x05B1F1D0 | Moved: 39.09m | Pos: (3278.70, 1537.20, 7.00)
[18:18:48] [MATCH] Addr: 0x05B1F2E0 | Moved: 39.09m | Pos: (3278.70, 1537.20, 7.00)
[18:18:48] [MATCH] Addr: 0x05B1F460 | Moved: 39.16m | Pos: (3278.56, 1537.22, 7.06)
[18:18:48] [MATCH] Addr: 0x05B1F5A0 | Moved: 39.09m | Pos: (3278.70, 1537.20, 7.00)
[18:18:48] [MATCH] Addr: 0x05B1FBA0 | Moved: 39.09m | Pos: (3278.70, 1537.20, 25.00)
[18:18:48] [MATCH] Addr: 0x05B1FCB0 | Moved: 39.09m | Pos: (3278.70, 1537.20, 25.00)
[18:18:48] [MATCH] Addr: 0x05B1FDFC | Moved: 39.09m | Pos: (3278.70, 1537.20, 25.00)
[18:18:48] [MATCH] Addr: 0x05B1FE0C | Moved: 39.17m | Pos: (3278.56, 1537.22, 25.05)
[18:18:48] [MATCH] Addr: 0x05B1FE18 | Moved: 39.02m | Pos: (3278.72, 1537.34, 25.05)
[18:18:48] [MATCH] Addr: 0x05B1FE24 | Moved: 39.16m | Pos: (3278.56, 1537.22, 24.94)
[18:18:48] [MATCH] Addr: 0x05B1FE30 | Moved: 39.01m | Pos: (3278.72, 1537.34, 24.94)
[18:18:48] [MATCH] Addr: 0x05CE9068 | Moved: 39.09m | Pos: (3278.70, 1537.20, 25.00)
[18:18:48] [MATCH] Addr: 0x05D340F0 | Moved: 39.09m | Pos: (3278.70, 1537.20, 25.00)
[18:18:48] [MATCH] Addr: 0x0EE462FC | Moved: 24.05m | Pos: (129.70, 158.43, 148.60)
[18:18:48] [MATCH] Addr: 0x0EE46300 | Moved: 19.30m | Pos: (158.43, 148.60, 0.00)
[18:18:48] [MATCH] Addr: 0x0F5D0090 | Moved: 38.95m | Pos: (3278.98, 1537.01, 23.28)
[18:18:48] [MATCH] Addr: 0x0F5D00C0 | Moved: 38.88m | Pos: (3278.98, 1537.13, 23.30)
[18:18:48] [MATCH] Addr: 0x0F5D00F0 | Moved: 39.20m | Pos: (3278.78, 1537.20, 23.34)
[18:18:48] [MATCH] Addr: 0x0F5D0120 | Moved: 39.02m | Pos: (3278.98, 1537.13, 23.30)
[18:18:48] [MATCH] Addr: 0x0FDFB7A4 | Moved: 38.71m | Pos: (1575.17, 56.98, 45.97)
[18:18:48] [MATCH] Addr: 0x0FDFE304 | Moved: 25.02m | Pos: (127.49, 130.00, 0.00)
[18:18:48] [MATCH] Addr: 0x0FDFEDF0 | Moved: 39.01m | Pos: (3279.00, 1537.14, 23.26)
[18:18:48] [MATCH] Addr: 0x0FDFEF20 | Moved: 39.11m | Pos: (3278.75, 1537.07, 23.78)
[18:18:48] [MATCH] Addr: 0x0FDFEF94 | Moved: 38.94m | Pos: (3280.00, 1538.00, 23.24)
[18:18:48] [MATCH] Addr: 0x0FDFEFE0 | Moved: 39.02m | Pos: (3278.98, 1537.13, 23.30)
[18:18:48] [MATCH] Addr: 0x0FDFF030 | Moved: 39.02m | Pos: (3278.98, 1537.13, 23.30)
[18:18:48] [MATCH] Addr: 0x0FDFF050 | Moved: 39.30m | Pos: (3278.64, 1537.28, 23.36)
[18:18:48] [MATCH] Addr: 0x0FDFF090 | Moved: 39.11m | Pos: (3278.75, 1537.07, 23.78)
[18:18:48] [MATCH] Addr: 0x0FDFF0A0 | Moved: 39.11m | Pos: (3278.75, 1537.07, 24.68)
[18:18:48] [MATCH] Addr: 0x0FDFF0B0 | Moved: 38.94m | Pos: (3280.00, 1538.00, 23.24)
[18:18:48] [MATCH] Addr: 0x0FDFF0C0 | Moved: 38.95m | Pos: (3279.00, 1538.00, 23.36)
[18:18:48] [MATCH] Addr: 0x0FDFF0D0 | Moved: 38.92m | Pos: (3280.00, 1537.00, 23.09)
[18:18:48] [MATCH] Addr: 0x0FDFF140 | Moved: 39.02m | Pos: (3278.98, 1537.13, 23.30)
[18:18:48] [MATCH] Addr: 0x0FDFF180 | Moved: 39.02m | Pos: (3278.98, 1537.13, 23.30)
[18:18:48] [MATCH] Addr: 0x0FDFF2AC | Moved: 38.59m | Pos: (1537.00, 3279.00, 0.00)
[18:18:48] [MATCH] Addr: 0x0FDFF800 | Moved: 38.76m | Pos: (3278.75, 1537.07, 0.00)
[18:18:48] [MATCH] Addr: 0x0FDFF840 | Moved: 39.11m | Pos: (3278.15, 1536.47, 23.18)
[18:18:48] [MATCH] Addr: 0x0FDFF850 | Moved: 39.11m | Pos: (3279.35, 1537.67, 25.28)
[18:18:48] [MATCH] Addr: 0x0FDFF890 | Moved: 39.11m | Pos: (3278.75, 1537.07, 23.33)
[18:18:48] [MATCH] Addr: 0x0FDFF900 | Moved: 39.11m | Pos: (3278.75, 1537.07, 23.33)
[18:18:48] [MATCH] Addr: 0x0FDFF9C0 | Moved: 39.11m | Pos: (3278.75, 1537.07, 24.89)
[18:18:48] [MATCH] Addr: 0x0FDFFA10 | Moved: 39.10m | Pos: (3278.71, 1537.01, 23.31)
[18:18:48] [MATCH] Addr: 0x0FDFFA40 | Moved: 39.01m | Pos: (3278.98, 1537.01, 23.28)
[18:18:48] [MATCH] Addr: 0x0FDFFA70 | Moved: 38.95m | Pos: (3278.98, 1537.01, 23.28)
[18:18:48] [MATCH] Addr: 0x0FDFFAA0 | Moved: 39.12m | Pos: (3278.71, 1537.14, 23.34)
[18:18:48] [MATCH] Addr: 0x0FDFFAD0 | Moved: 39.20m | Pos: (3278.78, 1537.20, 23.34)
[18:18:48] [MATCH] Addr: 0x0FDFFB00 | Moved: 39.02m | Pos: (3278.98, 1537.13, 23.30)
[18:18:48] [MATCH] Addr: 0x0FDFFDE0 | Moved: 39.11m | Pos: (3278.75, 1537.07, 23.33)
[18:18:48] [MATCH] Addr: 0x0FDFFDF0 | Moved: 39.11m | Pos: (3278.75, 1537.07, 23.78)
[18:18:48] [MATCH] Addr: 0x0FDFFE00 | Moved: 39.11m | Pos: (3278.75, 1537.07, 24.68)
[18:18:48] [MATCH] Addr: 0x0FDFFE40 | Moved: 39.11m | Pos: (3278.30, 1536.62, 23.33)
[18:18:48] [MATCH] Addr: 0x0FDFFE50 | Moved: 39.11m | Pos: (3279.20, 1537.52, 25.13)
[18:18:48] [MATCH] Addr: 0x0FDFFE8C | Moved: 38.76m | Pos: (3279.20, 1537.52, 0.00)
[18:18:48] [MATCH] Addr: 0x11A682D0 | Moved: 39.09m | Pos: (3278.70, 1537.20, 25.00)
[18:18:48] [MATCH] Addr: 0x11A682F0 | Moved: 39.09m | Pos: (3278.70, 1537.20, 25.00)
[18:18:48] [MATCH] Addr: 0x11A68A20 | Moved: 39.09m | Pos: (3278.70, 1537.20, 25.00)
[18:18:48] [MATCH] Addr: 0x11A68A40 | Moved: 39.09m | Pos: (3278.70, 1537.20, 25.00)
[18:18:48] [MATCH] Addr: 0x11AB06EC | Moved: 39.09m | Pos: (3278.70, 1537.20, 25.00)
[18:18:48] [MATCH] Addr: 0x11AB1C44 | Moved: 39.09m | Pos: (3278.70, 1537.20, 25.00)
[18:18:48] [MATCH] Addr: 0x11ACF370 | Moved: 39.09m | Pos: (3278.70, 1537.20, 25.00)
[18:18:48] [MATCH] Addr: 0x11ACF380 | Moved: 39.17m | Pos: (3278.56, 1537.22, 25.05)
[18:18:48] [MATCH] Addr: 0x11ACF38C | Moved: 39.02m | Pos: (3278.72, 1537.34, 25.05)
[18:18:48] [MATCH] Addr: 0x11ACF398 | Moved: 39.16m | Pos: (3278.56, 1537.22, 24.94)
[18:18:48] [MATCH] Addr: 0x11ACF3A4 | Moved: 39.01m | Pos: (3278.72, 1537.34, 24.94)
[18:18:48] [MATCH] Addr: 0x11ACF3E0 | Moved: 39.09m | Pos: (3278.70, 1537.20, 25.00)
[18:18:48] [MATCH] Addr: 0x11ACF3EC | Moved: 39.09m | Pos: (3278.70, 1537.20, 25.00)
[18:18:48] [MATCH] Addr: 0x11ACF4E0 | Moved: 39.09m | Pos: (3278.70, 1537.20, 25.00)
[18:18:48] [MATCH] Addr: 0x11ACF5F0 | Moved: 39.09m | Pos: (3278.70, 1537.20, 25.00)
[18:18:48] [MATCH] Addr: 0x11ACF73C | Moved: 39.09m | Pos: (3278.70, 1537.20, 25.00)
[18:18:48] [MATCH] Addr: 0x11ACF74C | Moved: 39.17m | Pos: (3278.56, 1537.22, 25.05)
[18:18:48] [MATCH] Addr: 0x11ACF758 | Moved: 39.02m | Pos: (3278.72, 1537.34, 25.05)
[18:18:48] [MATCH] Addr: 0x11ACF764 | Moved: 39.16m | Pos: (3278.56, 1537.22, 24.94)
[18:18:48] [MATCH] Addr: 0x11ACF770 | Moved: 39.01m | Pos: (3278.72, 1537.34, 24.94)
[18:18:48] [MATCH] Addr: 0x11AE5B4C | Moved: 48.35m | Pos: (3288.52, 1527.60, 21.38)
[18:18:48] [MATCH] Addr: 0x11AE5B78 | Moved: 45.01m | Pos: (3272.77, 1531.26, 24.36)
[18:18:48] [MATCH] Addr: 0x11AE5BA4 | Moved: 42.00m | Pos: (3271.92, 1532.21, 24.54)
[18:18:48] [MATCH] Addr: 0x11AE5DE0 | Moved: 50.95m | Pos: (3250.73, 1560.20, 61.45)
[18:18:48] [MATCH] Addr: 0x11AE6518 | Moved: 53.15m | Pos: (3146.97, 1523.24, 86.00)
[18:18:48] [MATCH] Addr: 0x11AE651C | Moved: 58.54m | Pos: (1523.24, 86.00, 42.83)
[18:18:48] [MATCH] Addr: 0x11AE6548 | Moved: 49.21m | Pos: (1522.91, 99.24, 47.04)
[18:18:48] [MATCH] Addr: 0x11AE6570 | Moved: 48.46m | Pos: (3249.14, 1527.29, 73.73)
[18:18:48] [MATCH] Addr: 0x11AE6574 | Moved: 37.42m | Pos: (1527.29, 73.73, 48.96)
[18:18:48] [MATCH] Addr: 0x11AE659C | Moved: 43.61m | Pos: (3257.37, 1529.48, 65.67)
[18:18:48] [MATCH] Addr: 0x11AE65A0 | Moved: 43.06m | Pos: (1529.48, 65.67, 43.46)
[18:18:48] [MATCH] Addr: 0x11AE6678 | Moved: 58.65m | Pos: (3273.50, 1542.42, 25.76)
[18:18:48] [MATCH] Addr: 0x11AE66FC | Moved: 43.20m | Pos: (3275.79, 1579.04, 32.61)
[18:18:48] [MATCH] Addr: 0x11AE6728 | Moved: 59.10m | Pos: (3289.83, 1576.78, 32.15)
[18:18:48] [MATCH] Addr: 0x11AE6780 | Moved: 46.63m | Pos: (3278.85, 1585.14, 33.84)
[18:18:48] [MATCH] Addr: 0x11AE67AC | Moved: 54.53m | Pos: (3268.78, 1537.92, 25.48)
[18:18:48] [MATCH] Addr: 0x11AE68B4 | Moved: 51.01m | Pos: (3267.66, 1560.01, 30.22)
[18:18:48] [MATCH] Addr: 0x11AE6990 | Moved: 44.06m | Pos: (3275.03, 1576.57, 32.27)
[18:18:48] [MATCH] Addr: 0x11AE69BC | Moved: 55.76m | Pos: (3287.88, 1573.25, 31.43)
[18:18:48] [MATCH] Addr: 0x11AE6A6C | Moved: 54.79m | Pos: (3287.44, 1558.72, 24.30)
[18:18:48] [MATCH] Addr: 0x11AE6A98 | Moved: 35.78m | Pos: (3273.55, 1576.52, 32.19)
[18:18:48] [MATCH] Addr: 0x11AE79E8 | Moved: 15.23m | Pos: (1542.94, 73.85, 27.69)
[18:18:48] [MATCH] Addr: 0x11AE7A14 | Moved: 31.79m | Pos: (1546.69, 64.22, 16.78)
[18:18:48] [MATCH] Addr: 0x11AE7AEC | Moved: 58.94m | Pos: (3192.12, 1561.74, 55.84)
[18:18:48] [MATCH] Addr: 0x11AE7AF0 | Moved: 55.34m | Pos: (1561.74, 55.84, 17.75)
[18:18:48] [MATCH] Addr: 0x11AE7B74 | Moved: 55.80m | Pos: (1575.65, 56.59, 18.36)
[18:18:48] [MATCH] Addr: 0x11AE7BA0 | Moved: 56.93m | Pos: (1576.39, 57.53, 18.48)
[18:18:48] [MATCH] Addr: 0x11AE7C50 | Moved: 58.52m | Pos: (1587.97, 58.94, 13.41)
[18:18:48] [MATCH] Addr: 0x11AE7C7C | Moved: 20.12m | Pos: (1546.72, 64.29, 17.88)
[18:18:48] [MATCH] Addr: 0x11B2C030 | Moved: 39.09m | Pos: (3278.70, 1537.20, 25.00)
[18:18:48] [MATCH] Addr: 0x11B2C040 | Moved: 39.09m | Pos: (3278.70, 1537.20, 25.00)
[18:18:48] [MATCH] Addr: 0x11B2C178 | Moved: 39.09m | Pos: (3278.70, 1537.20, 25.00)
[18:18:48] [MATCH] Addr: 0x11B2C188 | Moved: 39.17m | Pos: (3278.56, 1537.22, 25.05)
[18:18:48] [MATCH] Addr: 0x11B2C194 | Moved: 39.02m | Pos: (3278.72, 1537.34, 25.05)
[18:18:48] [MATCH] Addr: 0x11B2C1A0 | Moved: 39.16m | Pos: (3278.56, 1537.22, 24.94)
[18:18:48] [MATCH] Addr: 0x11B2C1AC | Moved: 39.01m | Pos: (3278.72, 1537.34, 24.94)
[18:18:48] [MATCH] Addr: 0x11B2C2D0 | Moved: 39.09m | Pos: (3278.70, 1537.20, 25.00)
[18:18:48] [MATCH] Addr: 0x11B2C3E0 | Moved: 39.09m | Pos: (3278.70, 1537.20, 25.00)
[18:18:48] [MATCH] Addr: 0x11B2C52C | Moved: 39.09m | Pos: (3278.70, 1537.20, 25.00)
[18:18:48] [MATCH] Addr: 0x11B2C53C | Moved: 39.17m | Pos: (3278.56, 1537.22, 25.05)
[18:18:48] [MATCH] Addr: 0x11B2C548 | Moved: 39.02m | Pos: (3278.72, 1537.34, 25.05)
[18:18:48] [MATCH] Addr: 0x11B2C554 | Moved: 39.16m | Pos: (3278.56, 1537.22, 24.94)
[18:18:48] [MATCH] Addr: 0x11B2C560 | Moved: 39.01m | Pos: (3278.72, 1537.34, 24.94)
[18:18:48] [MATCH] Addr: 0x11BB94B0 | Moved: 40.27m | Pos: (2424.97, 1490.66, 588.54)
[18:18:48] [MATCH] Addr: 0x11BB94B4 | Moved: 23.13m | Pos: (1490.66, 588.54, 1.00)
[18:18:48] [MATCH] Addr: 0x11BB95B0 | Moved: 39.18m | Pos: (3268.57, 1539.50, 30.27)
[18:18:48] [MATCH] Addr: 0x11BB95C0 | Moved: 40.27m | Pos: (2424.97, 1490.66, 588.54)
[18:18:48] [MATCH] Addr: 0x11BB95C4 | Moved: 23.13m | Pos: (1490.66, 588.54, 0.83)
[18:18:48] [MATCH] Addr: 0x11BB970C | Moved: 40.27m | Pos: (2424.97, 1490.66, 588.54)
[18:18:48] [MATCH] Addr: 0x11BB9710 | Moved: 23.13m | Pos: (1490.66, 588.54, 0.00)
[18:18:48] [MATCH] Addr: 0x11BB971C | Moved: 39.18m | Pos: (3270.28, 1542.84, 33.15)
[18:18:48] [MATCH] Addr: 0x11BB9728 | Moved: 39.18m | Pos: (3270.55, 1536.16, 32.97)
[18:18:48] [MATCH] Addr: 0x11BB9734 | Moved: 39.18m | Pos: (3266.59, 1542.84, 27.57)
[18:18:48] [MATCH] Addr: 0x11BB9740 | Moved: 39.18m | Pos: (3266.86, 1536.16, 27.39)
[18:18:48] [MATCH] Addr: 0x11BB974C | Moved: 39.17m | Pos: (3286.43, 1543.77, 22.46)
[18:18:48] [MATCH] Addr: 0x11BB9758 | Moved: 39.17m | Pos: (3286.70, 1537.09, 22.28)
[18:18:48] [MATCH] Addr: 0x11BB9764 | Moved: 39.17m | Pos: (3282.74, 1543.77, 16.89)
[18:18:48] [MATCH] Addr: 0x11BB9770 | Moved: 39.17m | Pos: (3283.01, 1537.09, 16.71)
[18:18:48] [MATCH] Addr: 0x11BB9880 | Moved: 40.27m | Pos: (2424.97, 1490.66, 588.54)
[18:18:48] [MATCH] Addr: 0x11BB9884 | Moved: 23.13m | Pos: (1490.66, 588.54, 1.00)
[18:18:48] [MATCH] Addr: 0x11BB9980 | Moved: 40.27m | Pos: (2424.97, 1490.66, 588.54)
[18:18:48] [MATCH] Addr: 0x11BB9984 | Moved: 23.13m | Pos: (1490.66, 588.54, 1.00)
[18:18:48] [MATCH] Addr: 0x11BB9990 | Moved: 40.27m | Pos: (2424.97, 1490.66, 588.54)
[18:18:48] [MATCH] Addr: 0x11BB9994 | Moved: 23.13m | Pos: (1490.66, 588.54, 0.83)
[18:18:48] [MATCH] Addr: 0x11BB9ADC | Moved: 40.27m | Pos: (2424.97, 1490.66, 588.54)
[18:18:48] [MATCH] Addr: 0x11BB9AE0 | Moved: 23.13m | Pos: (1490.66, 588.54, 0.00)
[18:18:48] [MATCH] Addr: 0x11BB9AEC | Moved: 40.27m | Pos: (2426.68, 1494.00, 591.41)
[18:18:48] [MATCH] Addr: 0x11BB9AF4 | Moved: 40.27m | Pos: (591.41, 2426.95, 1487.32)
[18:18:48] [MATCH] Addr: 0x11BB9AF8 | Moved: 40.27m | Pos: (2426.95, 1487.32, 591.24)
[18:18:48] [MATCH] Addr: 0x11BB9B00 | Moved: 40.27m | Pos: (591.24, 2422.99, 1494.00)
[18:18:48] [MATCH] Addr: 0x11BB9B04 | Moved: 40.27m | Pos: (2422.99, 1494.00, 585.84)
[18:18:48] [MATCH] Addr: 0x11BB9B0C | Moved: 40.27m | Pos: (585.84, 2423.26, 1487.32)
[18:18:48] [MATCH] Addr: 0x11BB9B10 | Moved: 40.27m | Pos: (2423.26, 1487.32, 585.66)
[18:18:48] [MATCH] Addr: 0x11BB9B1C | Moved: 39.17m | Pos: (3286.43, 1543.77, 22.46)
[18:18:48] [MATCH] Addr: 0x11BB9B28 | Moved: 39.17m | Pos: (3286.70, 1537.09, 22.28)
[18:18:48] [MATCH] Addr: 0x11BB9B34 | Moved: 39.17m | Pos: (3282.74, 1543.77, 16.89)
[18:18:48] [MATCH] Addr: 0x11BB9B40 | Moved: 39.17m | Pos: (3283.01, 1537.09, 16.71)
[18:18:48] [MATCH] Addr: 0x11BB9C60 | Moved: 45.17m | Pos: (2422.00, 1501.60, 585.00)
[18:18:48] [MATCH] Addr: 0x11BB9C64 | Moved: 31.75m | Pos: (1501.60, 585.00, 1.00)
[18:18:48] [MATCH] Addr: 0x11BB9D60 | Moved: 41.10m | Pos: (3240.54, 1548.99, 43.31)
[18:18:48] [MATCH] Addr: 0x11BB9D70 | Moved: 45.17m | Pos: (2422.00, 1501.60, 585.00)
[18:18:48] [MATCH] Addr: 0x11BB9D74 | Moved: 31.75m | Pos: (1501.60, 585.00, 0.83)
[18:18:48] [MATCH] Addr: 0x11BB9DA0 | Moved: 9.32m | Pos: (982.70, 1050.33, 1.57)
[18:18:48] [MATCH] Addr: 0x11BB9EBC | Moved: 45.17m | Pos: (2422.00, 1501.60, 585.00)
[18:18:48] [MATCH] Addr: 0x11BB9EC0 | Moved: 31.75m | Pos: (1501.60, 585.00, 0.00)
[18:18:48] [MATCH] Addr: 0x11BB9ECC | Moved: 41.10m | Pos: (3249.06, 1565.62, 57.63)
[18:18:48] [MATCH] Addr: 0x11BB9ED8 | Moved: 41.10m | Pos: (3250.40, 1532.37, 56.74)
[18:18:48] [MATCH] Addr: 0x11BB9EE4 | Moved: 41.10m | Pos: (3230.69, 1565.62, 29.87)
[18:18:48] [MATCH] Addr: 0x11BB9EF0 | Moved: 41.10m | Pos: (3232.03, 1532.37, 28.99)
[18:18:48] [MATCH] Addr: 0x11BB9EFC | Moved: 41.08m | Pos: (3305.39, 1568.88, 20.35)
[18:18:48] [MATCH] Addr: 0x11BB9F08 | Moved: 41.08m | Pos: (3306.73, 1535.64, 19.46)
[18:18:48] [MATCH] Addr: 0x11BB9F14 | Moved: 41.07m | Pos: (3287.03, 1568.88, -7.41)
[18:18:48] [MATCH] Addr: 0x11BB9F20 | Moved: 41.07m | Pos: (3288.36, 1535.64, -8.29)
[18:18:48] [MATCH] Addr: 0x11BBA030 | Moved: 45.17m | Pos: (2422.00, 1501.60, 585.00)
[18:18:48] [MATCH] Addr: 0x11BBA034 | Moved: 31.75m | Pos: (1501.60, 585.00, 1.00)
[18:18:48] [MATCH] Addr: 0x11BBA130 | Moved: 45.17m | Pos: (2422.00, 1501.60, 585.00)
[18:18:48] [MATCH] Addr: 0x11BBA134 | Moved: 31.75m | Pos: (1501.60, 585.00, 1.00)
[18:18:48] [MATCH] Addr: 0x11BBA140 | Moved: 45.17m | Pos: (2422.00, 1501.60, 585.00)
[18:18:48] [MATCH] Addr: 0x11BBA144 | Moved: 31.75m | Pos: (1501.60, 585.00, 0.83)
[18:18:48] [MATCH] Addr: 0x11BBA28C | Moved: 45.17m | Pos: (2422.00, 1501.60, 585.00)
[18:18:48] [MATCH] Addr: 0x11BBA290 | Moved: 31.75m | Pos: (1501.60, 585.00, 0.00)
[18:18:48] [MATCH] Addr: 0x11BBA29C | Moved: 45.17m | Pos: (2430.51, 1518.22, 599.32)
[18:18:48] [MATCH] Addr: 0x11BBA2A4 | Moved: 45.17m | Pos: (599.32, 2431.85, 1484.98)
[18:18:48] [MATCH] Addr: 0x11BBA2A8 | Moved: 45.17m | Pos: (2431.85, 1484.98, 598.43)
[18:18:48] [MATCH] Addr: 0x11BBA2B4 | Moved: 45.17m | Pos: (2412.15, 1518.22, 571.56)
[18:18:48] [MATCH] Addr: 0x11BBA2BC | Moved: 45.17m | Pos: (571.56, 2413.48, 1484.98)
[18:18:48] [MATCH] Addr: 0x11BBA2C0 | Moved: 45.17m | Pos: (2413.48, 1484.98, 570.68)
[18:18:48] [MATCH] Addr: 0x11BBA2CC | Moved: 41.08m | Pos: (3305.39, 1568.88, 20.35)
[18:18:48] [MATCH] Addr: 0x11BBA2D8 | Moved: 41.08m | Pos: (3306.73, 1535.64, 19.46)
[18:18:48] [MATCH] Addr: 0x11BBA2E4 | Moved: 41.07m | Pos: (3287.03, 1568.88, -7.41)
[18:18:48] [MATCH] Addr: 0x11BBA2F0 | Moved: 41.07m | Pos: (3288.36, 1535.64, -8.29)
[18:18:48] [MATCH] Addr: 0x11BBABD0 | Moved: 39.54m | Pos: (2425.50, 1488.72, 589.16)
[18:18:48] [MATCH] Addr: 0x11BBABD4 | Moved: 21.60m | Pos: (1488.72, 589.16, 1.00)
[18:18:48] [MATCH] Addr: 0x11BBACD0 | Moved: 39.54m | Pos: (2425.50, 1488.72, 589.16)
[18:18:48] [MATCH] Addr: 0x11BBACD4 | Moved: 21.60m | Pos: (1488.72, 589.16, 1.00)
[18:18:48] [MATCH] Addr: 0x11BBACE0 | Moved: 39.54m | Pos: (2425.50, 1488.72, 589.16)
[18:18:48] [MATCH] Addr: 0x11BBACE4 | Moved: 21.60m | Pos: (1488.72, 589.16, 0.83)
[18:18:48] [MATCH] Addr: 0x11BBAE2C | Moved: 39.54m | Pos: (2425.50, 1488.72, 589.16)
[18:18:48] [MATCH] Addr: 0x11BBAE30 | Moved: 21.60m | Pos: (1488.72, 589.16, 0.00)
[18:18:48] [MATCH] Addr: 0x11BBAE3C | Moved: 39.54m | Pos: (2426.01, 1489.72, 590.02)
[18:18:48] [MATCH] Addr: 0x11BBAE44 | Moved: 39.54m | Pos: (590.02, 2426.09, 1487.73)
[18:18:48] [MATCH] Addr: 0x11BBAE48 | Moved: 39.54m | Pos: (2426.09, 1487.73, 589.97)
[18:18:48] [MATCH] Addr: 0x11BBAE50 | Moved: 39.54m | Pos: (589.97, 2424.91, 1489.72)
[18:18:48] [MATCH] Addr: 0x11BBAE54 | Moved: 39.54m | Pos: (2424.91, 1489.72, 588.35)
[18:18:48] [MATCH] Addr: 0x11BBAE5C | Moved: 39.54m | Pos: (588.35, 2424.99, 1487.73)
[18:18:48] [MATCH] Addr: 0x11BBAE60 | Moved: 39.54m | Pos: (2424.99, 1487.73, 588.30)
[18:18:48] [MATCH] Addr: 0x11BBAE68 | Moved: 39.54m | Pos: (588.30, 2426.84, 1489.77)
[18:18:48] [MATCH] Addr: 0x11BBAE6C | Moved: 39.54m | Pos: (2426.84, 1489.77, 589.47)
[18:18:48] [MATCH] Addr: 0x11BBAE74 | Moved: 39.54m | Pos: (589.47, 2426.93, 1487.77)
[18:18:48] [MATCH] Addr: 0x11BBAE78 | Moved: 39.54m | Pos: (2426.93, 1487.77, 589.42)
[18:18:48] [MATCH] Addr: 0x11BBAE80 | Moved: 39.54m | Pos: (589.42, 2425.74, 1489.77)
[18:18:48] [MATCH] Addr: 0x11BBAE84 | Moved: 39.54m | Pos: (2425.74, 1489.77, 587.80)
[18:18:48] [MATCH] Addr: 0x11BBAE8C | Moved: 39.54m | Pos: (587.80, 2425.82, 1487.77)
[18:18:48] [MATCH] Addr: 0x11BBAE90 | Moved: 39.54m | Pos: (2425.82, 1487.77, 587.75)
[18:18:48] [MATCH] Addr: 0x11BBAE94 | Moved: 21.60m | Pos: (1487.77, 587.75, 0.00)
[18:18:48] [MATCH] Addr: 0x11BC1E80 | Moved: 39.09m | Pos: (3278.70, 1537.20, 25.00)
[18:18:48] [MATCH] Addr: 0x11BC1EA0 | Moved: 40.27m | Pos: (2424.97, 1490.66, 588.54)
[18:18:48] [MATCH] Addr: 0x11BC1EA4 | Moved: 23.13m | Pos: (1490.66, 588.54, 1.40)
[18:18:48] [MATCH] Addr: 0x11BC1F68 | Moved: 4.48m | Pos: (2864.54, 1754.16, 0.00)
[18:18:48] [MATCH] Addr: 0x11BC25D0 | Moved: 39.09m | Pos: (3278.70, 1537.20, 25.00)
[18:18:48] [MATCH] Addr: 0x11BC25F0 | Moved: 45.17m | Pos: (2422.00, 1501.60, 585.00)
[18:18:48] [MATCH] Addr: 0x11BC25F4 | Moved: 31.75m | Pos: (1501.60, 585.00, 1.40)
[18:18:48] [MATCH] Addr: 0x11BC2690 | Moved: 9.32m | Pos: (982.70, 1050.33, 67.63)
[18:18:48] [MATCH] Addr: 0x11BC2694 | Moved: 6.60m | Pos: (1050.33, 67.63, 0.01)
[18:18:48] [MATCH] Addr: 0x11BC26B8 | Moved: 21.80m | Pos: (2779.48, 1702.08, 0.00)
[18:18:48] [MATCH] Addr: 0x11C13AF4 | Moved: 39.09m | Pos: (3278.70, 1537.20, 25.00)
[18:18:48] [MATCH] Addr: 0x11C13B08 | Moved: 39.09m | Pos: (3277.70, 1538.20, 25.00)
[18:18:48] [MATCH] Addr: 0x11C13B1C | Moved: 39.09m | Pos: (3279.70, 1538.20, 25.00)
[18:18:48] [MATCH] Addr: 0x11C13B30 | Moved: 39.09m | Pos: (3277.70, 1536.20, 25.00)
[18:18:48] [MATCH] Addr: 0x11C13B44 | Moved: 39.09m | Pos: (3279.70, 1536.20, 25.00)
[18:18:48] [MATCH] Addr: 0x11C5AE78 | Moved: 39.09m | Pos: (3278.70, 1537.20, 25.00)
[18:18:48] [MATCH] Addr: 0x11C72B50 | Moved: 39.09m | Pos: (3278.70, 1537.20, 25.00)
[18:18:48] [MATCH] Addr: 0x11C72C60 | Moved: 39.09m | Pos: (3278.70, 1537.20, 25.00)
[18:18:48] [MATCH] Addr: 0x11C72DAC | Moved: 39.09m | Pos: (3278.70, 1537.20, 25.00)
[18:18:48] [MATCH] Addr: 0x11C72DBC | Moved: 39.17m | Pos: (3278.56, 1537.22, 25.05)
[18:18:48] [MATCH] Addr: 0x11C72DC8 | Moved: 39.02m | Pos: (3278.72, 1537.34, 25.05)
[18:18:48] [MATCH] Addr: 0x11C72DD4 | Moved: 39.16m | Pos: (3278.56, 1537.22, 24.94)
[18:18:48] [MATCH] Addr: 0x11C72DE0 | Moved: 39.01m | Pos: (3278.72, 1537.34, 24.94)
[18:18:48] [MATCH] Addr: 0x11C72F20 | Moved: 39.09m | Pos: (3278.70, 1537.20, 25.00)
[18:18:48] [MATCH] Addr: 0x11C73030 | Moved: 39.09m | Pos: (3278.70, 1537.20, 25.00)
[18:18:48] [MATCH] Addr: 0x11C7317C | Moved: 39.09m | Pos: (3278.70, 1537.20, 25.00)
[18:18:48] [MATCH] Addr: 0x11C7318C | Moved: 39.17m | Pos: (3278.56, 1537.22, 25.05)
[18:18:48] [MATCH] Addr: 0x11C73198 | Moved: 39.02m | Pos: (3278.72, 1537.34, 25.05)
[18:18:48] [MATCH] Addr: 0x11C731A4 | Moved: 39.16m | Pos: (3278.56, 1537.22, 24.94)
[18:18:48] [MATCH] Addr: 0x11C731B0 | Moved: 39.01m | Pos: (3278.72, 1537.34, 24.94)
[18:18:48] [MATCH] Addr: 0x11C81490 | Moved: 39.09m | Pos: (3278.70, 1537.20, 25.00)
[18:18:48] [MATCH] Addr: 0x11C818E0 | Moved: 39.09m | Pos: (3278.70, 1537.20, 25.00)
[18:18:48] [MATCH] Addr: 0x11C81A50 | Moved: 39.09m | Pos: (3278.70, 1537.20, 25.00)
[18:18:48] [MATCH] Addr: 0x11C81D30 | Moved: 39.09m | Pos: (3278.70, 1537.20, 25.00)
[18:18:48] [MATCH] Addr: 0x11C81EA0 | Moved: 43.15m | Pos: (3278.70, 1537.20, 25.00)
[18:18:48] [MATCH] Addr: 0x11C8FA50 | Moved: 39.09m | Pos: (3278.70, 1537.20, 25.00)
[18:18:48] [MATCH] Addr: 0x11C8FA70 | Moved: 39.09m | Pos: (3278.70, 1537.20, 25.00)
[18:18:48] [MATCH] Addr: 0x11C901A0 | Moved: 39.09m | Pos: (3278.70, 1537.20, 25.00)
[18:18:48] [MATCH] Addr: 0x11C901C0 | Moved: 39.09m | Pos: (3278.70, 1537.20, 25.00)
[18:18:48] [MATCH] Addr: 0x11D29A2C | Moved: 43.15m | Pos: (3278.70, 1537.20, 25.00)
[18:18:48] [MATCH] Addr: 0x11D3B450 | Moved: 39.09m | Pos: (3278.70, 1537.20, 25.00)
[18:18:48] [MATCH] Addr: 0x11D3B560 | Moved: 39.09m | Pos: (3278.70, 1537.20, 25.00)
[18:18:48] [MATCH] Addr: 0x11D3B6AC | Moved: 39.09m | Pos: (3278.70, 1537.20, 25.00)
[18:18:48] [MATCH] Addr: 0x11D3B6BC | Moved: 39.17m | Pos: (3278.56, 1537.22, 25.05)
[18:18:48] [MATCH] Addr: 0x11D3B6C8 | Moved: 39.02m | Pos: (3278.72, 1537.34, 25.05)
[18:18:48] [MATCH] Addr: 0x11D3B6D4 | Moved: 39.16m | Pos: (3278.56, 1537.22, 24.94)
[18:18:48] [MATCH] Addr: 0x11D3B6E0 | Moved: 39.01m | Pos: (3278.72, 1537.34, 24.94)
[18:18:48] [MATCH] Addr: 0x1522C57C | Moved: 39.09m | Pos: (3278.70, 1537.20, 25.00)
[18:18:48] [MATCH] Addr: 0x15259BBC | Moved: 43.17m | Pos: (3278.70, 1537.20, 25.00)
[18:18:48] [MATCH] Addr: 0x152BDB10 | Moved: 3.27m | Pos: (3539.24, 1622.20, 110.08)
[18:18:48] [MATCH] Addr: 0x152BDB14 | Moved: 2.98m | Pos: (1622.20, 110.08, 0.00)
[18:18:48] [MATCH] Addr: 0x152BDB48 | Moved: 3.09m | Pos: (3538.76, 1622.01, 109.89)
[18:18:48] [MATCH] Addr: 0x152BDB4C | Moved: 2.91m | Pos: (1622.01, 109.89, 0.00)
[18:18:48] [MATCH] Addr: 0x152BDB80 | Moved: 3.37m | Pos: (3539.19, 1621.40, 110.59)
[18:18:48] [MATCH] Addr: 0x152BDB84 | Moved: 3.21m | Pos: (1621.40, 110.59, 0.00)
[18:18:48] [MATCH] Addr: 0x152BDBB8 | Moved: 2.27m | Pos: (3539.56, 1620.64, 111.00)
[18:18:48] [MATCH] Addr: 0x152BDBBC | Moved: 2.18m | Pos: (1620.64, 111.00, 0.00)
[18:18:48] [MATCH] Addr: 0x152BDBF0 | Moved: 2.32m | Pos: (3539.86, 1620.62, 111.25)
[18:18:48] [MATCH] Addr: 0x152BDBF4 | Moved: 2.25m | Pos: (1620.62, 111.25, 0.00)
[18:18:48] [MATCH] Addr: 0x152BDC98 | Moved: 44.94m | Pos: (3530.30, 1625.52, 67.06)
[18:18:48] [MATCH] Addr: 0x152BDC9C | Moved: 43.98m | Pos: (1625.52, 67.06, 0.00)
[18:18:48] [MATCH] Addr: 0x152BDCD0 | Moved: 47.44m | Pos: (3529.84, 1626.15, 64.97)
[18:18:48] [MATCH] Addr: 0x152BDCD4 | Moved: 46.36m | Pos: (1626.15, 64.97, 0.00)
[18:18:48] [MATCH] Addr: 0x152BDD08 | Moved: 51.92m | Pos: (3530.93, 1625.86, 60.38)
[18:18:48] [MATCH] Addr: 0x152BDD0C | Moved: 51.04m | Pos: (1625.86, 60.38, 0.00)
[18:18:48] [MATCH] Addr: 0x152BDD40 | Moved: 47.68m | Pos: (3530.51, 1624.39, 64.83)
[18:18:48] [MATCH] Addr: 0x152BDD44 | Moved: 46.63m | Pos: (1624.39, 64.83, 0.00)
[18:18:48] [MATCH] Addr: 0x152BDD78 | Moved: 15.59m | Pos: (3530.98, 1625.76, 75.15)
[18:18:48] [MATCH] Addr: 0x152BDD7C | Moved: 15.59m | Pos: (1625.76, 75.15, 0.00)
[18:18:48] [MATCH] Addr: 0x152BDDB0 | Moved: 5.98m | Pos: (3531.42, 1625.95, 67.43)
[18:18:48] [MATCH] Addr: 0x152BDDB4 | Moved: 5.81m | Pos: (1625.95, 67.43, 0.00)
[18:18:48] [MATCH] Addr: 0x152BDDE8 | Moved: 5.14m | Pos: (3531.62, 1626.02, 76.36)
[18:18:48] [MATCH] Addr: 0x152BDDEC | Moved: 5.06m | Pos: (1626.02, 76.36, 0.00)
[18:18:48] [MATCH] Addr: 0x152BDE20 | Moved: 23.74m | Pos: (3532.19, 1624.64, 81.93)
[18:18:48] [MATCH] Addr: 0x152BDE24 | Moved: 23.69m | Pos: (1624.64, 81.93, 0.00)
[18:18:48] [MATCH] Addr: 0x152BDE58 | Moved: 10.90m | Pos: (3532.37, 1624.42, 78.53)
[18:18:48] [MATCH] Addr: 0x152BDE5C | Moved: 10.81m | Pos: (1624.42, 78.53, 0.00)
[18:18:48] [MATCH] Addr: 0x152BDE90 | Moved: 16.36m | Pos: (3532.54, 1624.10, 81.04)
[18:18:48] [MATCH] Addr: 0x152BDE94 | Moved: 16.33m | Pos: (1624.10, 81.04, 0.00)
[18:18:48] [MATCH] Addr: 0x152BDEC8 | Moved: 15.52m | Pos: (3532.21, 1624.78, 85.97)
[18:18:48] [MATCH] Addr: 0x152BDECC | Moved: 15.49m | Pos: (1624.78, 85.97, 0.00)
[18:18:48] [MATCH] Addr: 0x152BDF00 | Moved: 10.97m | Pos: (3532.91, 1623.87, 82.10)
[18:18:48] [MATCH] Addr: 0x152BDF04 | Moved: 10.82m | Pos: (1623.87, 82.10, 0.00)
[18:18:48] [MATCH] Addr: 0x152BDF38 | Moved: 3.09m | Pos: (3533.48, 1624.02, 81.63)
[18:18:48] [MATCH] Addr: 0x152BDF3C | Moved: 2.28m | Pos: (1624.02, 81.63, 0.00)
[18:18:48] [MATCH] Addr: 0x152BDF70 | Moved: 7.43m | Pos: (3533.35, 1623.85, 88.28)
[18:18:48] [MATCH] Addr: 0x152BDF74 | Moved: 7.33m | Pos: (1623.85, 88.28, 0.00)
[18:18:48] [MATCH] Addr: 0x152BDFA8 | Moved: 8.12m | Pos: (3534.15, 1623.78, 91.16)
[18:18:48] [MATCH] Addr: 0x152BDFAC | Moved: 8.02m | Pos: (1623.78, 91.16, 0.00)
[18:18:48] [MATCH] Addr: 0x152BE018 | Moved: 6.14m | Pos: (3534.16, 1623.16, 89.02)
[18:18:48] [MATCH] Addr: 0x152BE01C | Moved: 5.92m | Pos: (1623.16, 89.02, 0.00)
[18:18:48] [MATCH] Addr: 0x152BE050 | Moved: 4.64m | Pos: (3534.03, 1623.25, 96.36)
[18:18:48] [MATCH] Addr: 0x152BE054 | Moved: 4.64m | Pos: (1623.25, 96.36, 0.00)
[18:18:48] [MATCH] Addr: 0x152BE088 | Moved: 3.07m | Pos: (3535.55, 1624.43, 93.81)
[18:18:48] [MATCH] Addr: 0x152BE08C | Moved: 2.39m | Pos: (1624.43, 93.81, 0.00)
[18:18:48] [MATCH] Addr: 0x152BE0C0 | Moved: 7.97m | Pos: (3535.04, 1623.39, 97.17)
[18:18:48] [MATCH] Addr: 0x152BE0C4 | Moved: 7.85m | Pos: (1623.39, 97.17, 0.00)
[18:18:48] [MATCH] Addr: 0x152BE0F8 | Moved: 10.10m | Pos: (3535.64, 1623.14, 100.41)
[18:18:48] [MATCH] Addr: 0x152BE0FC | Moved: 10.01m | Pos: (1623.14, 100.41, 0.00)
[18:18:48] [MATCH] Addr: 0x152BE130 | Moved: 5.02m | Pos: (3535.40, 1622.37, 98.14)
[18:18:48] [MATCH] Addr: 0x152BE134 | Moved: 4.98m | Pos: (1622.37, 98.14, 0.00)
[18:18:48] [MATCH] Addr: 0x152BE168 | Moved: 6.84m | Pos: (3535.99, 1622.77, 101.30)
[18:18:48] [MATCH] Addr: 0x152BE16C | Moved: 6.80m | Pos: (1622.77, 101.30, 0.00)
[18:18:48] [MATCH] Addr: 0x152BE1A0 | Moved: 8.46m | Pos: (3536.59, 1623.52, 104.21)
[18:18:48] [MATCH] Addr: 0x152BE1A4 | Moved: 8.19m | Pos: (1623.52, 104.21, 0.00)
[18:18:48] [MATCH] Addr: 0x152BE1D8 | Moved: 6.56m | Pos: (3536.56, 1622.97, 101.80)
[18:18:48] [MATCH] Addr: 0x152BE1DC | Moved: 6.42m | Pos: (1622.97, 101.80, 0.00)
[18:18:48] [MATCH] Addr: 0x152BE210 | Moved: 4.44m | Pos: (3536.67, 1622.83, 104.91)
[18:18:48] [MATCH] Addr: 0x152BE214 | Moved: 4.40m | Pos: (1622.83, 104.91, 0.00)
[18:18:48] [MATCH] Addr: 0x152BE248 | Moved: 4.17m | Pos: (3537.20, 1623.39, 106.33)
[18:18:48] [MATCH] Addr: 0x152BE24C | Moved: 3.76m | Pos: (1623.39, 106.33, 0.00)
[18:18:48] [MATCH] Addr: 0x152BE280 | Moved: 3.48m | Pos: (3537.73, 1623.06, 106.22)
[18:18:48] [MATCH] Addr: 0x152BE284 | Moved: 3.22m | Pos: (1623.06, 106.22, 0.00)
[18:18:48] [MATCH] Addr: 0x152BE2B8 | Moved: 4.40m | Pos: (3537.35, 1621.79, 107.73)
[18:18:48] [MATCH] Addr: 0x152BE2BC | Moved: 4.21m | Pos: (1621.79, 107.73, 0.00)
[18:18:48] [MATCH] Addr: 0x152BE2F0 | Moved: 3.84m | Pos: (3537.62, 1621.61, 107.88)
[18:18:48] [MATCH] Addr: 0x152BE2F4 | Moved: 3.68m | Pos: (1621.61, 107.88, 0.00)
[18:18:48] [MATCH] Addr: 0x152BE328 | Moved: 5.32m | Pos: (3538.03, 1622.04, 109.01)
[18:18:48] [MATCH] Addr: 0x152BE32C | Moved: 5.12m | Pos: (1622.04, 109.01, 0.00)
[18:18:48] [MATCH] Addr: 0x152BE360 | Moved: 3.53m | Pos: (3538.59, 1621.86, 109.14)
[18:18:48] [MATCH] Addr: 0x152BE364 | Moved: 2.95m | Pos: (1621.86, 109.14, 0.00)
[18:18:48] [MATCH] Addr: 0x152BE398 | Moved: 3.00m | Pos: (3539.87, 1622.12, 110.80)
[18:18:48] [MATCH] Addr: 0x152BE39C | Moved: 2.32m | Pos: (1622.12, 110.80, 0.00)
[18:18:48] [MATCH] Addr: 0x152BF02C | Moved: 39.09m | Pos: (3278.70, 1537.20, 25.00)
[18:18:48] [MATCH] Addr: 0x152F54BC | Moved: 43.15m | Pos: (3278.70, 1537.20, 25.00)
[18:18:48] [MATCH] Addr: 0x152F6420 | Moved: 3.72m | Pos: (3523.62, 1625.94, 64.14)
[18:18:48] [MATCH] Addr: 0x152F6424 | Moved: 3.20m | Pos: (1625.94, 64.14, 0.00)
[18:18:48] [MATCH] Addr: 0x152F6458 | Moved: 3.36m | Pos: (3523.41, 1626.09, 63.71)
[18:18:48] [MATCH] Addr: 0x152F645C | Moved: 2.64m | Pos: (1626.09, 63.71, 0.00)
[18:18:48] [MATCH] Addr: 0x152F6490 | Moved: 2.31m | Pos: (3523.79, 1625.84, 64.68)
[18:18:48] [MATCH] Addr: 0x152F64C8 | Moved: 2.48m | Pos: (3524.15, 1624.93, 65.14)
[18:18:48] [MATCH] Addr: 0x152F6500 | Moved: 2.29m | Pos: (3524.69, 1625.23, 65.43)
[18:18:48] [MATCH] Addr: 0x152F6570 | Moved: 48.35m | Pos: (3512.63, 1627.84, 17.78)
[18:18:48] [MATCH] Addr: 0x152F65A8 | Moved: 56.48m | Pos: (3513.43, 1630.17, 9.87)
[18:18:48] [MATCH] Addr: 0x152F65E0 | Moved: 53.50m | Pos: (3514.20, 1630.06, 13.00)
[18:18:48] [MATCH] Addr: 0x152F6618 | Moved: 59.02m | Pos: (3513.93, 1628.96, 7.57)
[18:18:48] [MATCH] Addr: 0x152F6650 | Moved: 41.23m | Pos: (3514.81, 1629.80, 25.87)
[18:18:48] [MATCH] Addr: 0x152F6688 | Moved: 8.37m | Pos: (3514.17, 1629.03, 25.92)
[18:18:48] [MATCH] Addr: 0x152F66C0 | Moved: 16.28m | Pos: (3515.28, 1628.94, 18.39)
[18:18:48] [MATCH] Addr: 0x152F66F8 | Moved: 3.15m | Pos: (3515.30, 1629.69, 19.25)
[18:18:48] [MATCH] Addr: 0x152F6730 | Moved: 21.86m | Pos: (3516.56, 1629.79, 35.84)
[18:18:48] [MATCH] Addr: 0x152F6768 | Moved: 16.10m | Pos: (3516.52, 1628.98, 34.37)
[18:18:48] [MATCH] Addr: 0x152F67A0 | Moved: 6.52m | Pos: (3515.88, 1628.42, 27.50)
[18:18:48] [MATCH] Addr: 0x152F67D8 | Moved: 3.96m | Pos: (3516.42, 1627.70, 35.62)
[18:18:48] [MATCH] Addr: 0x152F6810 | Moved: 13.82m | Pos: (3517.26, 1627.80, 36.72)
[18:18:48] [MATCH] Addr: 0x152F6848 | Moved: 9.78m | Pos: (3517.13, 1629.26, 45.08)
[18:18:48] [MATCH] Addr: 0x152F6880 | Moved: 4.41m | Pos: (3517.97, 1627.86, 38.92)
[18:18:48] [MATCH] Addr: 0x152F68B8 | Moved: 8.03m | Pos: (3517.76, 1627.50, 47.86)
[18:18:48] [MATCH] Addr: 0x152F68F0 | Moved: 11.08m | Pos: (3517.69, 1627.49, 43.85)
[18:18:48] [MATCH] Addr: 0x152F6928 | Moved: 11.01m | Pos: (3518.17, 1627.25, 46.72)
[18:18:48] [MATCH] Addr: 0x152F6960 | Moved: 14.78m | Pos: (3518.18, 1627.24, 50.79)
[18:18:48] [MATCH] Addr: 0x152F6998 | Moved: 11.64m | Pos: (3519.11, 1627.62, 50.05)
[18:18:48] [MATCH] Addr: 0x152F69D0 | Moved: 6.33m | Pos: (3519.20, 1626.89, 52.55)
[18:18:48] [MATCH] Addr: 0x152F6A08 | Moved: 12.84m | Pos: (3519.19, 1626.64, 55.54)
[18:18:48] [MATCH] Addr: 0x152F6A40 | Moved: 8.02m | Pos: (3519.28, 1625.56, 55.09)
[18:18:48] [MATCH] Addr: 0x152F6A78 | Moved: 10.84m | Pos: (3520.37, 1627.36, 56.64)
[18:18:48] [MATCH] Addr: 0x152F6AB0 | Moved: 4.55m | Pos: (3520.47, 1627.41, 56.15)
[18:18:48] [MATCH] Addr: 0x152F6AB4 | Moved: 4.16m | Pos: (1627.41, 56.15, 0.00)
[18:18:48] [MATCH] Addr: 0x152F6AE8 | Moved: 7.14m | Pos: (3520.94, 1626.90, 58.03)
[18:18:48] [MATCH] Addr: 0x152F6AEC | Moved: 6.92m | Pos: (1626.90, 58.03, 0.00)
[18:18:48] [MATCH] Addr: 0x152F6B20 | Moved: 5.20m | Pos: (3521.11, 1626.73, 58.26)
[18:18:48] [MATCH] Addr: 0x152F6B24 | Moved: 5.07m | Pos: (1626.73, 58.26, 0.00)
[18:18:48] [MATCH] Addr: 0x152F6B58 | Moved: 2.66m | Pos: (3521.13, 1625.77, 58.65)
[18:18:48] [MATCH] Addr: 0x152F6B5C | Moved: 2.32m | Pos: (1625.77, 58.65, 0.00)
[18:18:48] [MATCH] Addr: 0x152F6B90 | Moved: 7.46m | Pos: (3521.33, 1625.34, 60.91)
[18:18:48] [MATCH] Addr: 0x152F6B94 | Moved: 7.28m | Pos: (1625.34, 60.91, 0.00)
[18:18:48] [MATCH] Addr: 0x152F6BC8 | Moved: 4.67m | Pos: (3521.92, 1625.80, 61.34)
[18:18:48] [MATCH] Addr: 0x152F6BCC | Moved: 4.34m | Pos: (1625.80, 61.34, 0.00)
[18:18:48] [MATCH] Addr: 0x152F6C00 | Moved: 2.71m | Pos: (3521.87, 1625.48, 61.99)
[18:18:48] [MATCH] Addr: 0x152F6C04 | Moved: 2.30m | Pos: (1625.48, 61.99, 0.00)
[18:18:48] [MATCH] Addr: 0x152F6C38 | Moved: 5.57m | Pos: (3522.44, 1625.68, 63.21)
[18:18:48] [MATCH] Addr: 0x152F6C3C | Moved: 5.35m | Pos: (1625.68, 63.21, 0.00)
[18:18:48] [MATCH] Addr: 0x152F6C70 | Moved: 2.86m | Pos: (3522.95, 1626.23, 63.09)
[18:18:48] [MATCH] Addr: 0x152F6C74 | Moved: 2.60m | Pos: (1626.23, 63.09, 0.00)
[18:18:48] [MATCH] Addr: 0x152F6CA8 | Moved: 2.71m | Pos: (3523.86, 1624.93, 64.81)
[18:18:48] [MATCH] Addr: 0x152F6CAC | Moved: 2.00m | Pos: (1624.93, 64.81, 0.00)
[18:18:48] [MATCH] Addr: 0x153E88FC | Moved: 9.33m | Pos: (3302.78, 1519.61, 20.16)
[18:18:48] [MATCH] Addr: 0x15612674 | Moved: 39.11m | Pos: (3278.75, 1537.07, 23.33)
[18:18:48] [MATCH] Addr: 0x15612688 | Moved: 39.09m | Pos: (3278.70, 1537.20, 25.00)
[18:18:48] [MATCH] Addr: 0x15930750 | Moved: 55.90m | Pos: (95.00, 140.00, -0.02)
[18:18:48] [MATCH] Addr: 0x159308C0 | Moved: 55.90m | Pos: (95.00, 140.00, -0.02)
[18:18:48] [MATCH] Addr: 0x159312D0 | Moved: 55.90m | Pos: (95.00, 140.00, -0.02)
[18:18:48] [MATCH] Addr: 0x15931440 | Moved: 55.90m | Pos: (95.00, 140.00, -0.02)
[18:18:48] [MATCH] Addr: 0x159315B0 | Moved: 55.90m | Pos: (95.00, 140.00, -0.02)
[18:18:48] [MATCH] Addr: 0x15931720 | Moved: 55.90m | Pos: (95.00, 140.00, -0.02)
[18:18:48] [MATCH] Addr: 0x15932130 | Moved: 25.50m | Pos: (95.00, 140.00, -0.02)
[18:18:48] [MATCH] Addr: 0x159322A0 | Moved: 25.50m | Pos: (95.00, 140.00, -0.02)
[18:18:48] [MATCH] Addr: 0x18102098 | Moved: 39.09m | Pos: (3278.70, 1537.20, 25.00)
[18:18:48] [MATCH] Addr: 0x18510560 | Moved: 59.94m | Pos: (3198.02, 1411.81, -52.01)
[18:18:48] [MATCH] Addr: 0x1851056C | Moved: 37.17m | Pos: (3388.63, 1588.86, 176.54)
[18:18:48] [MATCH] Addr: 0x18510570 | Moved: 37.17m | Pos: (1588.86, 176.54, 0.00)
[18:18:48] [MATCH] Addr: 0x185C0260 | Moved: 38.92m | Pos: (3278.95, 1537.17, 24.19)
[18:18:48] [MATCH] Addr: 0x185C0300 | Moved: 39.09m | Pos: (3278.74, 1537.09, 24.36)
[18:18:48] [MATCH] Addr: 0x185C03A0 | Moved: 38.92m | Pos: (3278.95, 1537.17, 24.19)
[18:18:48] [MATCH] Addr: 0x185C0440 | Moved: 39.09m | Pos: (3278.74, 1537.09, 24.36)
[18:18:48] [MATCH] Addr: 0x185C0800 | Moved: 39.09m | Pos: (3278.74, 1537.09, 24.36)
[18:18:48] [MATCH] Addr: 0x185C0DA0 | Moved: 39.10m | Pos: (3278.74, 1537.06, 24.32)
[18:18:48] [MATCH] Addr: 0x185C1200 | Moved: 39.08m | Pos: (3278.77, 1537.07, 24.33)
[18:18:48] [MATCH] Addr: 0x185C12A0 | Moved: 39.08m | Pos: (3278.77, 1537.07, 24.33)
[18:18:48] [MATCH] Addr: 0x185C1340 | Moved: 39.08m | Pos: (3278.77, 1537.07, 24.33)
[18:18:48] [MATCH] Addr: 0x185C13E0 | Moved: 39.08m | Pos: (3278.77, 1537.07, 24.33)
[18:18:48] [MATCH] Addr: 0x185C1480 | Moved: 39.02m | Pos: (3278.92, 1536.99, 24.72)
[18:18:48] [MATCH] Addr: 0x185C1840 | Moved: 39.02m | Pos: (3278.92, 1536.99, 24.72)
[18:18:48] [MATCH] Addr: 0x185C18E0 | Moved: 39.02m | Pos: (3278.92, 1536.99, 24.72)
[18:18:48] [MATCH] Addr: 0x185C1980 | Moved: 39.02m | Pos: (3278.92, 1536.99, 24.72)
[18:18:48] [MATCH] Addr: 0x185C1A20 | Moved: 39.08m | Pos: (3278.77, 1537.07, 24.32)
[18:18:48] [MATCH] Addr: 0x185C1DE0 | Moved: 39.08m | Pos: (3278.77, 1537.07, 24.32)
[18:18:48] [MATCH] Addr: 0x185C1E80 | Moved: 39.08m | Pos: (3278.77, 1537.07, 24.32)
[18:18:48] [MATCH] Addr: 0x185C1F20 | Moved: 39.08m | Pos: (3278.77, 1537.07, 24.32)
[18:18:48] [MATCH] Addr: 0x185C1FC0 | Moved: 39.08m | Pos: (3278.77, 1537.07, 24.32)
[18:18:48] [MATCH] Addr: 0x185C22E0 | Moved: 39.09m | Pos: (3278.72, 1537.11, 24.35)
[18:18:48] [MATCH] Addr: 0x185C2380 | Moved: 39.09m | Pos: (3278.72, 1537.11, 24.35)
[18:18:48] [MATCH] Addr: 0x185C2420 | Moved: 39.09m | Pos: (3278.72, 1537.11, 24.35)
[18:18:48] [MATCH] Addr: 0x185C2920 | Moved: 39.23m | Pos: (3278.64, 1536.89, 24.13)
[18:18:48] [MATCH] Addr: 0x185C2CE0 | Moved: 39.02m | Pos: (3278.96, 1536.98, 24.74)
[18:18:48] [MATCH] Addr: 0x185C2D80 | Moved: 39.02m | Pos: (3278.96, 1536.98, 24.74)
[18:18:48] [MATCH] Addr: 0x185C2E20 | Moved: 39.02m | Pos: (3278.96, 1536.98, 24.74)
[18:18:48] [MATCH] Addr: 0x185C2EC0 | Moved: 39.02m | Pos: (3278.96, 1536.98, 24.74)
[18:18:48] [MATCH] Addr: 0x185C3500 | Moved: 39.02m | Pos: (3278.96, 1536.98, 24.74)
[18:18:48] [MATCH] Addr: 0x185C35A0 | Moved: 39.02m | Pos: (3278.96, 1536.98, 24.74)
[18:18:48] [MATCH] Addr: 0x185C3640 | Moved: 39.13m | Pos: (3278.71, 1537.03, 24.34)
[18:18:48] [MATCH] Addr: 0x185C36E0 | Moved: 39.04m | Pos: (3278.37, 1537.71, 24.27)
[18:18:48] [MATCH] Addr: 0x185C3780 | Moved: 39.04m | Pos: (3278.37, 1537.71, 24.27)
[18:18:48] [MATCH] Addr: 0x185C3B40 | Moved: 39.04m | Pos: (3278.37, 1537.71, 24.27)
[18:18:48] [MATCH] Addr: 0x185C3BE0 | Moved: 39.04m | Pos: (3278.37, 1537.71, 24.27)
[18:18:48] [MATCH] Addr: 0x185C3C80 | Moved: 39.02m | Pos: (3278.50, 1537.61, 24.86)
[18:18:48] [MATCH] Addr: 0x185C3D20 | Moved: 39.14m | Pos: (3278.72, 1537.05, 25.13)
[18:18:48] [MATCH] Addr: 0x186015C0 | Moved: 38.92m | Pos: (3278.95, 1537.17, 24.19)
[18:18:48] [MATCH] Addr: 0x1860BAC0 | Moved: 38.92m | Pos: (3278.95, 1537.17, 24.19)
[18:18:48] [MATCH] Addr: 0x186F00A0 | Moved: 39.05m | Pos: (3278.80, 1537.10, 24.32)
[18:18:48] [MATCH] Addr: 0x186F2DDC | Moved: 2.01m | Pos: (3531.92, 1625.03, 66.16)
[18:18:48] [MATCH] Addr: 0x186F2F5C | Moved: 2.47m | Pos: (3513.95, 1630.17, 15.79)
[18:18:48] [MATCH] Addr: 0x186F307C | Moved: 9.76m | Pos: (3532.62, 1624.81, 87.52)
[18:18:48] [MATCH] Addr: 0x186F3080 | Moved: 13.20m | Pos: (1624.81, 87.52, 26.54)
[18:18:48] [MATCH] Addr: 0x186F30E0 | Moved: 2.03m | Pos: (1624.36, 84.68, 28.31)
[18:18:48] [MATCH] Addr: 0x186FA960 | Moved: 39.23m | Pos: (3278.65, 1536.88, 24.06)
[18:18:48] [MATCH] Addr: 0x186FAA80 | Moved: 39.11m | Pos: (3278.75, 1537.07, 23.33)
[18:18:48] [MATCH] Addr: 0x186FB6E0 | Moved: 39.00m | Pos: (3278.68, 1537.40, 24.78)
[18:18:48] [MATCH] Addr: 0x186FD2A0 | Moved: 39.09m | Pos: (3278.77, 1537.05, 24.32)
[18:18:48] [MATCH] Addr: 0x186FD3C0 | Moved: 39.09m | Pos: (3278.77, 1537.05, 24.32)
[18:18:48] [MATCH] Addr: 0x186FD420 | Moved: 39.09m | Pos: (3278.76, 1537.06, 24.32)
[18:18:48] [MATCH] Addr: 0x186FD720 | Moved: 39.09m | Pos: (3278.76, 1537.07, 24.32)
[18:18:48] [MATCH] Addr: 0x186FDA20 | Moved: 39.10m | Pos: (3278.74, 1537.05, 24.28)
[18:18:48] [MATCH] Addr: 0x18903BA0 | Moved: 39.09m | Pos: (3277.70, 1538.20, 25.00)
[18:18:48] [MATCH] Addr: 0x18903BAC | Moved: 39.09m | Pos: (3279.70, 1538.20, 25.00)
[18:18:48] [MATCH] Addr: 0x18903BB8 | Moved: 39.09m | Pos: (3277.70, 1536.20, 25.00)
[18:18:48] [MATCH] Addr: 0x18903BC4 | Moved: 39.09m | Pos: (3279.70, 1536.20, 25.00)
[18:18:48] [MATCH] Addr: 0x18903BD0 | Moved: 39.09m | Pos: (3277.70, 1538.20, 25.00)
[18:18:48] [MATCH] Addr: 0x18903BDC | Moved: 39.09m | Pos: (3279.70, 1538.20, 25.00)
[18:18:48] [MATCH] Addr: 0x18903BE8 | Moved: 39.09m | Pos: (3277.70, 1536.20, 25.00)
[18:18:48] [MATCH] Addr: 0x18903BF4 | Moved: 39.09m | Pos: (3279.70, 1536.20, 25.00)
[18:18:48] [MATCH] Addr: 0x189397FC | Moved: 39.48m | Pos: (3331.34, 1601.32, 138.95)
[18:18:48] [MATCH] Addr: 0x18939800 | Moved: 25.07m | Pos: (1601.32, 138.95, 0.00)
[18:18:48] [MATCH] Addr: 0x18A426A8 | Moved: 55.77m | Pos: (3141.31, 2415.71, 18.19)
[18:18:48] [MATCH] Addr: 0x18A42EA8 | Moved: 57.14m | Pos: (2688.47, 1319.43, 63.69)
[18:18:48] [MATCH] Addr: 0x18A42F48 | Moved: 57.63m | Pos: (3426.89, 2682.50, 13.89)
[18:18:48] [MATCH] Addr: 0x18A42F88 | Moved: 58.27m | Pos: (3339.48, 1797.23, 16.83)
[18:18:48] [MATCH] Addr: 0x18A42FE8 | Moved: 50.00m | Pos: (2696.13, 1595.36, 19.72)
[18:18:48] [MATCH] Addr: 0x18A43068 | Moved: 41.63m | Pos: (2388.65, 1919.40, 19.22)
[18:18:48] [MATCH] Addr: 0x18A43188 | Moved: 40.76m | Pos: (2783.17, 1548.78, 20.04)
[18:18:48] [MATCH] Addr: 0x18A431A8 | Moved: 54.97m | Pos: (2423.14, 1662.21, 18.47)
[18:18:48] [MATCH] Addr: 0x18A431E8 | Moved: 57.45m | Pos: (2160.49, 1871.03, 61.37)
[18:18:48] [MATCH] Addr: 0x18A431EC | Moved: 39.93m | Pos: (1871.03, 61.37, 0.00)
[18:18:48] [MATCH] Addr: 0x18A43208 | Moved: 58.96m | Pos: (2524.67, 1588.18, 22.42)
[18:18:48] [MATCH] Addr: 0x18B2C330 | Moved: 38.62m | Pos: (3280.00, 1535.45, 22.97)
[18:18:48] [MATCH] Addr: 0x18B2C37C | Moved: 38.62m | Pos: (3273.00, 1528.45, 15.97)
[18:18:48] [MATCH] Addr: 0x18B2C388 | Moved: 38.62m | Pos: (3287.00, 1542.45, 29.97)
[18:18:48] [MATCH] Addr: 0x18BBAEE8 | Moved: 57.26m | Pos: (2728.00, 1779.93, 16.50)
[18:18:48] [MATCH] Addr: 0x18D7B910 | Moved: 6.09m | Pos: (3180.92, 1582.17, 14.89)
[18:18:48] [MATCH] Addr: 0x18DDBF0C | Moved: 55.65m | Pos: (3213.48, 1679.28, 78.27)
[18:18:48] [MATCH] Addr: 0x18DDC68C | Moved: 37.32m | Pos: (3218.55, 1616.17, 101.53)
[18:18:48] [MATCH] Addr: 0x18DDC690 | Moved: 37.02m | Pos: (1616.17, 101.53, 0.00)
[18:18:48] [MATCH] Addr: 0x18EF8AA8 | Moved: 38.08m | Pos: (3266.64, 1716.29, 19.61)
[18:18:48] [MATCH] Addr: 0x18F00440 | Moved: 39.02m | Pos: (3278.92, 1536.99, 24.72)
[18:18:48] [MATCH] Addr: 0x18F00A80 | Moved: 39.02m | Pos: (3278.96, 1536.98, 24.74)
[18:18:48] [MATCH] Addr: 0x18F00EE0 | Moved: 38.92m | Pos: (3278.95, 1537.17, 24.19)
[18:18:48] [MATCH] Addr: 0x18F013E0 | Moved: 38.92m | Pos: (3278.95, 1537.17, 24.19)
[18:18:48] [MATCH] Addr: 0x18F01520 | Moved: 39.09m | Pos: (3278.72, 1537.11, 24.35)
[18:18:48] [MATCH] Addr: 0x18F017A0 | Moved: 39.02m | Pos: (3278.96, 1536.98, 24.74)
[18:18:48] [MATCH] Addr: 0x18F02880 | Moved: 39.08m | Pos: (3278.77, 1537.07, 24.33)
[18:18:48] [MATCH] Addr: 0x18F03640 | Moved: 39.02m | Pos: (3278.92, 1536.99, 24.72)
[18:18:48] [MATCH] Addr: 0x18F040E0 | Moved: 39.09m | Pos: (3278.74, 1537.09, 24.36)
[18:18:48] [MATCH] Addr: 0x18F05620 | Moved: 39.02m | Pos: (3278.96, 1536.98, 24.74)
[18:18:48] [MATCH] Addr: 0x18F0EB80 | Moved: 38.92m | Pos: (3278.95, 1537.17, 24.19)
[18:18:48] [MATCH] Addr: 0x18F0EE00 | Moved: 39.08m | Pos: (3278.77, 1537.07, 24.32)
[18:18:48] [MATCH] Addr: 0x18F0F120 | Moved: 39.02m | Pos: (3278.92, 1536.99, 24.72)
[18:18:48] [MATCH] Addr: 0x18F0F260 | Moved: 39.09m | Pos: (3278.74, 1537.09, 24.36)
[18:18:48] [MATCH] Addr: 0x18F0F3A0 | Moved: 39.08m | Pos: (3278.77, 1537.07, 24.33)
[18:18:48] [MATCH] Addr: 0x18F0F4E0 | Moved: 39.08m | Pos: (3278.77, 1537.07, 24.33)
[18:18:48] [MATCH] Addr: 0x18F0F580 | Moved: 39.09m | Pos: (3278.72, 1537.11, 24.35)
[18:18:48] [MATCH] Addr: 0x18F0F6C0 | Moved: 39.10m | Pos: (3278.74, 1537.06, 24.32)
[18:18:48] [MATCH] Addr: 0x18F0F760 | Moved: 39.09m | Pos: (3278.74, 1537.09, 24.36)
[18:18:48] [MATCH] Addr: 0x18F0F800 | Moved: 39.02m | Pos: (3278.92, 1536.99, 24.72)
[18:18:48] [MATCH] Addr: 0x18F0F940 | Moved: 39.08m | Pos: (3278.77, 1537.07, 24.32)
[18:18:48] [MATCH] Addr: 0x18F0F9E0 | Moved: 39.23m | Pos: (3278.64, 1536.89, 24.13)
[18:18:48] [MATCH] Addr: 0x18F0FA80 | Moved: 39.08m | Pos: (3278.77, 1537.07, 24.32)
[18:18:48] [MATCH] Addr: 0x18F0FB20 | Moved: 39.08m | Pos: (3278.77, 1537.07, 24.33)
[18:18:48] [MATCH] Addr: 0x18F0FBC0 | Moved: 39.09m | Pos: (3278.72, 1537.11, 24.35)
[18:18:48] [MATCH] Addr: 0x18F0FC60 | Moved: 39.08m | Pos: (3278.77, 1537.07, 24.32)
[18:18:48] [MATCH] Addr: 0x18F0FD00 | Moved: 39.08m | Pos: (3278.77, 1537.07, 24.32)
[18:18:48] [MATCH] Addr: 0x18FF67A8 | Moved: 59.06m | Pos: (2721.56, 3727.76, 25.40)
[18:18:48] [MATCH] Addr: 0x18FF8588 | Moved: 59.51m | Pos: (1205.13, 3728.18, 20.05)
[18:18:48] [MATCH] Addr: 0x18FF8A88 | Moved: 57.26m | Pos: (1344.01, 2809.27, 32.06)
[18:18:48] [MATCH] Addr: 0x18FFCE88 | Moved: 56.02m | Pos: (3535.75, 3400.24, 47.87)
[18:18:48] [MATCH] Addr: 0x18FFD368 | Moved: 57.38m | Pos: (2798.45, 3315.71, 30.79)
[18:18:48] [MATCH] Addr: 0x192C04E0 | Moved: 39.02m | Pos: (3278.50, 1537.61, 24.86)
[18:18:48] [MATCH] Addr: 0x192C0760 | Moved: 39.04m | Pos: (3278.37, 1537.71, 24.27)
[18:18:48] [MATCH] Addr: 0x192C2380 | Moved: 39.04m | Pos: (3278.37, 1537.71, 24.27)
[18:18:48] [MATCH] Addr: 0x192C2600 | Moved: 39.09m | Pos: (3278.30, 1537.70, 24.26)
[18:18:48] [MATCH] Addr: 0x192C35A0 | Moved: 39.04m | Pos: (3278.37, 1537.71, 24.27)
[18:18:48] [MATCH] Addr: 0x192C49A0 | Moved: 39.02m | Pos: (3278.96, 1536.98, 24.74)
[18:18:48] [MATCH] Addr: 0x192C4E00 | Moved: 39.02m | Pos: (3278.96, 1536.98, 24.74)
[18:18:48] [MATCH] Addr: 0x192C6AC0 | Moved: 39.04m | Pos: (3278.37, 1537.71, 24.27)
[18:18:48] [MATCH] Addr: 0x192C6E80 | Moved: 39.13m | Pos: (3278.71, 1537.03, 24.34)
[18:18:48] [MATCH] Addr: 0x192C71A0 | Moved: 39.02m | Pos: (3278.96, 1536.98, 24.74)
[18:18:48] [MATCH] Addr: 0x192FC164 | Moved: 4.19m | Pos: (2051.13, 1752.00, 0.00)
[18:18:48] [MATCH] Addr: 0x194182C0 | Moved: 39.09m | Pos: (3278.76, 1537.07, 24.32)
[18:18:48] [MATCH] Addr: 0x194193A0 | Moved: 39.08m | Pos: (3278.76, 1537.08, 24.35)
[18:18:48] [MATCH] Addr: 0x194528B0 | Moved: 39.00m | Pos: (3278.68, 1537.40, 24.78)
[18:18:48] [MATCH] Addr: 0x19452980 | Moved: 39.00m | Pos: (3278.68, 1537.40, 24.78)
[18:18:48] [MATCH] Addr: 0x19452B50 | Moved: 39.09m | Pos: (3278.76, 1537.07, 24.32)
[18:18:48] [MATCH] Addr: 0x19452DE0 | Moved: 39.09m | Pos: (3278.76, 1537.07, 24.32)
[18:18:48] [MATCH] Addr: 0x19452ED0 | Moved: 39.09m | Pos: (3278.76, 1537.07, 24.32)
[18:18:48] [MATCH] Addr: 0x19452FA0 | Moved: 39.32m | Pos: (3278.47, 1536.93, 24.33)
[18:18:48] [MATCH] Addr: 0x19453090 | Moved: 39.09m | Pos: (3278.76, 1537.07, 24.32)
[18:18:48] [MATCH] Addr: 0x19453160 | Moved: 39.09m | Pos: (3278.76, 1537.07, 24.32)
[18:18:48] [MATCH] Addr: 0x19453250 | Moved: 39.09m | Pos: (3278.75, 1537.07, 24.64)
[18:18:48] [MATCH] Addr: 0x19453320 | Moved: 39.09m | Pos: (3278.91, 1536.91, 24.96)
[18:18:48] [MATCH] Addr: 0x19453410 | Moved: 39.16m | Pos: (3278.68, 1537.01, 24.32)
[18:18:48] [MATCH] Addr: 0x194534E0 | Moved: 39.23m | Pos: (3278.58, 1536.99, 24.33)
[18:18:48] [MATCH] Addr: 0x194535D0 | Moved: 39.09m | Pos: (3278.76, 1537.07, 24.32)
[18:18:48] [MATCH] Addr: 0x194536A0 | Moved: 39.09m | Pos: (3278.76, 1537.07, 24.32)
[18:18:48] [MATCH] Addr: 0x19453790 | Moved: 39.09m | Pos: (3278.76, 1537.07, 24.32)
[18:18:48] [MATCH] Addr: 0x19453860 | Moved: 39.09m | Pos: (3278.76, 1537.07, 24.32)
[18:18:48] [MATCH] Addr: 0x19453950 | Moved: 39.09m | Pos: (3278.76, 1537.07, 24.32)
[18:18:48] [MATCH] Addr: 0x19453A20 | Moved: 39.32m | Pos: (3278.48, 1536.92, 24.33)
[18:18:48] [MATCH] Addr: 0x19453B10 | Moved: 39.01m | Pos: (3278.83, 1537.13, 24.32)
[18:18:48] [MATCH] Addr: 0x19453BE0 | Moved: 38.93m | Pos: (3278.94, 1537.17, 24.27)
[18:18:48] [MATCH] Addr: 0x19453CD0 | Moved: 39.09m | Pos: (3278.76, 1537.07, 24.32)
[18:18:48] [MATCH] Addr: 0x19453DA0 | Moved: 39.09m | Pos: (3278.76, 1537.07, 24.32)
[18:18:48] [MATCH] Addr: 0x19453E90 | Moved: 39.09m | Pos: (3278.70, 1537.20, 25.00)
[18:18:48] [MATCH] Addr: 0x19453F60 | Moved: 39.09m | Pos: (3278.70, 1537.20, 25.00)
[18:18:48] [MATCH] Addr: 0x19454050 | Moved: 39.09m | Pos: (3278.76, 1537.07, 24.32)
[18:18:48] [MATCH] Addr: 0x19454120 | Moved: 39.09m | Pos: (3278.76, 1537.07, 24.32)
[18:18:48] [MATCH] Addr: 0x19454210 | Moved: 39.09m | Pos: (3278.76, 1537.07, 24.32)
[18:18:48] [MATCH] Addr: 0x194542E0 | Moved: 39.09m | Pos: (3278.76, 1537.07, 24.32)
[18:18:48] [MATCH] Addr: 0x194543D0 | Moved: 39.09m | Pos: (3278.76, 1537.07, 24.32)
[18:18:48] [MATCH] Addr: 0x194544A0 | Moved: 39.09m | Pos: (3278.76, 1537.07, 24.32)
[18:18:48] [MATCH] Addr: 0x19454590 | Moved: 39.09m | Pos: (3278.76, 1537.07, 24.32)
[18:18:48] [MATCH] Addr: 0x19454660 | Moved: 39.03m | Pos: (3278.84, 1537.09, 24.97)
[18:18:48] [MATCH] Addr: 0x19454750 | Moved: 39.09m | Pos: (3278.76, 1537.07, 24.32)
[18:18:48] [MATCH] Addr: 0x19454820 | Moved: 39.09m | Pos: (3278.76, 1537.07, 24.32)
[18:18:48] [MATCH] Addr: 0x19459D00 | Moved: 39.11m | Pos: (3278.75, 1537.07, 23.33)
[18:18:48] [MATCH] Addr: 0x194C1524 | Moved: 43.80m | Pos: (1773.79, 69.67, 0.68)
[18:18:48] [MATCH] Addr: 0x194C2744 | Moved: 35.31m | Pos: (1773.79, 69.67, 0.68)
[18:18:48] [MATCH] Addr: 0x194C2A64 | Moved: 34.57m | Pos: (1773.79, 69.67, 0.68)
[18:18:48] [MATCH] Addr: 0x194C3F04 | Moved: 37.15m | Pos: (1773.79, 69.67, 0.68)
[18:18:48] [MATCH] Addr: 0x194C7104 | Moved: 42.82m | Pos: (1773.79, 69.67, 0.68)
[18:18:48] [MATCH] Addr: 0x194C81E4 | Moved: 43.30m | Pos: (1773.79, 69.67, 0.68)
[18:18:48] [MATCH] Addr: 0x194CDA04 | Moved: 31.34m | Pos: (1773.79, 69.67, 0.68)
[18:18:48] [MATCH] Addr: 0x194CE184 | Moved: 29.43m | Pos: (1773.79, 69.67, 0.68)
[18:18:48] [MATCH] Addr: 0x194CE404 | Moved: 29.55m | Pos: (1773.79, 69.67, 0.68)
[18:18:48] [MATCH] Addr: 0x194CED64 | Moved: 28.39m | Pos: (1773.79, 69.67, 0.68)
[18:18:48] [MATCH] Addr: 0x194CF124 | Moved: 36.83m | Pos: (1773.79, 69.67, 0.68)
[18:18:48] [MATCH] Addr: 0x195210C0 | Moved: 39.09m | Pos: (3278.30, 1537.70, 24.26)
[18:18:48] [MATCH] Addr: 0x195D481C | Moved: 5.37m | Pos: (3318.73, 1521.94, 21.16)
[18:18:48] [MATCH] Addr: 0x195D4834 | Moved: 12.90m | Pos: (3304.55, 1518.74, 18.32)
[18:18:48] [MATCH] Addr: 0x195D49FC | Moved: 36.29m | Pos: (3290.17, 1516.64, 37.41)
[18:18:48] [MATCH] Addr: 0x195D4A14 | Moved: 12.90m | Pos: (3304.55, 1518.74, 18.32)
[18:18:48] [MATCH] Addr: 0x195D8A1C | Moved: 5.92m | Pos: (3313.15, 1519.40, 19.85)
[18:18:48] [MATCH] Addr: 0x195D8A34 | Moved: 12.90m | Pos: (3304.55, 1518.74, 18.32)
[18:18:48] [MATCH] Addr: 0x195DAEA0 | Moved: 39.05m | Pos: (3278.80, 1537.10, 24.32)
[18:18:48] [MATCH] Addr: 0x195DAF00 | Moved: 39.08m | Pos: (3278.76, 1537.08, 24.35)
[18:18:48] [MATCH] Addr: 0x195DAFC0 | Moved: 39.09m | Pos: (3278.76, 1537.07, 24.32)
[18:18:48] [MATCH] Addr: 0x195DBCE0 | Moved: 39.00m | Pos: (3278.68, 1537.40, 24.78)
[18:18:48] [MATCH] Addr: 0x195DE7A0 | Moved: 39.09m | Pos: (3278.76, 1537.07, 24.32)
[18:18:48] [MATCH] Addr: 0x195DE800 | Moved: 39.09m | Pos: (3278.77, 1537.05, 24.32)
[18:18:48] [MATCH] Addr: 0x195DE860 | Moved: 39.09m | Pos: (3278.77, 1537.05, 24.32)
[18:18:48] [MATCH] Addr: 0x195DE920 | Moved: 39.10m | Pos: (3278.74, 1537.05, 24.28)
[18:18:48] [MATCH] Addr: 0x195DE980 | Moved: 39.09m | Pos: (3278.76, 1537.06, 24.32)
[18:18:48] [MATCH] Addr: 0x195DEBC0 | Moved: 39.23m | Pos: (3278.65, 1536.88, 24.06)
[18:18:48] [MATCH] Addr: 0x195DF3A0 | Moved: 39.11m | Pos: (3278.75, 1537.07, 23.33)
[18:18:48] [MATCH] Addr: 0x19620688 | Moved: 34.11m | Pos: (1289.00, 3525.21, 24.39)
[18:18:48] [MATCH] Addr: 0x19620828 | Moved: 57.93m | Pos: (3894.88, 2952.90, 33.20)
[18:18:48] [MATCH] Addr: 0x19620C28 | Moved: 59.75m | Pos: (1257.70, 3393.09, 28.97)
[18:18:48] [MATCH] Addr: 0x19621DC8 | Moved: 58.22m | Pos: (1975.92, 2960.85, 21.99)
[18:18:48] [MATCH] Addr: 0x19621DE8 | Moved: 57.49m | Pos: (3536.46, 2413.07, 22.22)
[18:18:48] [MATCH] Addr: 0x19621FE8 | Moved: 33.56m | Pos: (1617.02, 2287.24, 34.09)
[18:18:48] [MATCH] Addr: 0x19622028 | Moved: 56.52m | Pos: (1962.89, 1495.66, 32.26)
[18:18:48] [MATCH] Addr: 0x19622088 | Moved: 53.21m | Pos: (1326.39, 1636.34, 41.87)
[18:18:48] [MATCH] Addr: 0x196220A8 | Moved: 57.44m | Pos: (2771.65, 2893.85, 21.16)
[18:18:48] [MATCH] Addr: 0x19622108 | Moved: 59.92m | Pos: (1515.18, 1859.85, 65.71)
[18:18:48] [MATCH] Addr: 0x1962210C | Moved: 4.04m | Pos: (1859.85, 65.71, 0.00)
[18:18:48] [MATCH] Addr: 0x19622148 | Moved: 58.23m | Pos: (3731.32, 3469.60, 47.87)
[18:18:48] [MATCH] Addr: 0x196222A8 | Moved: 59.79m | Pos: (2477.53, 3354.26, 20.36)
[18:18:48] [MATCH] Addr: 0x196222C8 | Moved: 56.99m | Pos: (1578.04, 1668.13, 48.70)
[18:18:48] [MATCH] Addr: 0x19622308 | Moved: 57.75m | Pos: (1874.43, 2389.38, 31.47)
[18:18:48] [MATCH] Addr: 0x19622348 | Moved: 56.25m | Pos: (3505.86, 3252.07, 62.58)
[18:18:48] [MATCH] Addr: 0x1962234C | Moved: 42.01m | Pos: (3252.07, 62.58, 0.00)
[18:18:48] [MATCH] Addr: 0x19688CA8 | Moved: 39.09m | Pos: (3278.70, 1537.20, 25.00)
[18:18:48] [MATCH] Addr: 0x196D1200 | Moved: 6.00m | Pos: (3311.68, 1516.90, 18.10)
[18:18:48] [MATCH] Addr: 0x196D120C | Moved: 5.93m | Pos: (3309.70, 1517.21, 18.13)
[18:18:48] [MATCH] Addr: 0x196D1218 | Moved: 5.98m | Pos: (3307.69, 1517.53, 18.20)
[18:18:48] [MATCH] Addr: 0x196D34B0 | Moved: 39.11m | Pos: (3278.75, 1537.07, 23.33)
[18:18:48] [MATCH] Addr: 0x196E1E40 | Moved: 12.90m | Pos: (3304.55, 1518.74, 18.32)
[18:18:48] [MATCH] Addr: 0x1972E360 | Moved: 39.14m | Pos: (3278.72, 1537.05, 25.13)
[18:18:48] [MATCH] Addr: 0x1972E400 | Moved: 38.92m | Pos: (3278.95, 1537.17, 24.19)
[18:18:48] [MATCH] Addr: 0x199F811C | Moved: 2.00m | Pos: (3531.90, 1625.03, 66.16)
[18:18:48] [MATCH] Addr: 0x19A1085C | Moved: 2.46m | Pos: (3513.94, 1630.17, 15.79)
[18:18:48] [MATCH] Addr: 0x19A1139C | Moved: 5.96m | Pos: (3532.60, 1624.82, 87.43)
[18:18:48] [MATCH] Addr: 0x19A113A0 | Moved: 7.88m | Pos: (1624.82, 87.43, 26.63)
[18:18:48] [MATCH] Addr: 0x19A11400 | Moved: 2.15m | Pos: (1624.37, 84.58, 28.40)
[18:18:48] [MATCH] Addr: 0x19A114BC | Moved: 6.88m | Pos: (3315.89, 1524.10, 21.26)
[18:18:48] [MATCH] Addr: 0x19A114D4 | Moved: 12.90m | Pos: (3304.55, 1518.74, 18.32)
[18:18:48] [MATCH] Addr: 0x19A1151C | Moved: 5.92m | Pos: (3313.15, 1519.40, 19.85)
[18:18:48] [MATCH] Addr: 0x19A11534 | Moved: 12.90m | Pos: (3304.55, 1518.74, 18.32)
[18:18:48] [MATCH] Addr: 0x19A1157C | Moved: 5.37m | Pos: (3318.72, 1521.94, 21.18)
[18:18:48] [MATCH] Addr: 0x19A11594 | Moved: 12.90m | Pos: (3304.55, 1518.74, 18.32)
[18:18:48] [MATCH] Addr: 0x19A210E8 | Moved: 39.09m | Pos: (3278.70, 1537.20, 25.00)
[18:18:48] [MATCH] Addr: 0x19A4FA50 | Moved: 41.82m | Pos: (3391.81, 1639.84, 0.00)
[18:18:48] [MATCH] Addr: 0x19ADA57C | Moved: 30.14m | Pos: (3290.17, 1516.64, 37.41)
[18:18:48] [MATCH] Addr: 0x19ADA594 | Moved: 2.09m | Pos: (3304.55, 1518.74, 18.32)
[18:18:48] [MATCH] Addr: 0x19ADA5DC | Moved: 50.32m | Pos: (3253.40, 1523.39, 13.33)
[18:18:48] [MATCH] Addr: 0x19ADA5F4 | Moved: 2.09m | Pos: (3304.55, 1518.74, 18.32)
[18:18:48] [MATCH] Addr: 0x19ADA894 | Moved: 2.09m | Pos: (3304.55, 1518.74, 18.32)
[18:18:48] [MATCH] Addr: 0x19ADA8DC | Moved: 9.02m | Pos: (3312.72, 1524.62, 14.38)
[18:18:48] [MATCH] Addr: 0x19ADA8F4 | Moved: 7.59m | Pos: (3304.55, 1518.74, 18.32)
[18:18:48] [MATCH] Addr: 0x19AF097C | Moved: 12.67m | Pos: (3312.73, 1524.62, 14.37)
[18:18:48] [MATCH] Addr: 0x19AF0994 | Moved: 2.09m | Pos: (3304.55, 1518.74, 18.32)
[18:18:48] [MATCH] Addr: 0x19AF09F4 | Moved: 7.59m | Pos: (3304.55, 1518.74, 18.32)
[18:18:48] [MATCH] Addr: 0x291D5D3C | Moved: 39.09m | Pos: (3278.70, 1537.20, 25.00)
[18:18:48] [MATCH] Addr: 0x2931D340 | Moved: 39.11m | Pos: (3278.75, 1537.07, 23.33)
[18:18:48] [MATCH] Addr: 0x2948C3B0 | Moved: 3.65m | Pos: (3522.99, 1624.62, 64.08)
[18:18:48] [MATCH] Addr: 0x2948C3B4 | Moved: 3.56m | Pos: (1624.62, 64.08, 0.00)
[18:18:48] [MATCH] Addr: 0x2948C3E8 | Moved: 3.02m | Pos: (3522.74, 1625.14, 63.60)
[18:18:48] [MATCH] Addr: 0x2948C3EC | Moved: 2.60m | Pos: (1625.14, 63.60, 0.00)
[18:18:48] [MATCH] Addr: 0x2948C420 | Moved: 2.38m | Pos: (3523.51, 1625.22, 64.36)
[18:18:48] [MATCH] Addr: 0x2948C424 | Moved: 2.21m | Pos: (1625.22, 64.36, 0.00)
[18:18:48] [MATCH] Addr: 0x2948C458 | Moved: 3.18m | Pos: (3523.70, 1623.91, 65.12)
[18:18:48] [MATCH] Addr: 0x2948C45C | Moved: 3.03m | Pos: (1623.91, 65.12, 0.00)
[18:18:48] [MATCH] Addr: 0x2948C490 | Moved: 2.70m | Pos: (3524.55, 1625.16, 65.36)
[18:18:48] [MATCH] Addr: 0x2948C4C8 | Moved: 2.22m | Pos: (3524.55, 1624.45, 65.43)
[18:18:48] [MATCH] Addr: 0x2948C538 | Moved: 57.79m | Pos: (3514.58, 1629.63, 7.90)
[18:18:48] [MATCH] Addr: 0x2948C5A8 | Moved: 52.54m | Pos: (3515.04, 1628.79, 13.73)
[18:18:48] [MATCH] Addr: 0x2948C5E0 | Moved: 48.87m | Pos: (3515.14, 1628.76, 17.70)
[18:18:48] [MATCH] Addr: 0x2948C618 | Moved: 48.93m | Pos: (3516.07, 1628.85, 17.58)
[18:18:48] [MATCH] Addr: 0x2948C650 | Moved: 10.81m | Pos: (3516.10, 1628.83, 16.15)
[18:18:48] [MATCH] Addr: 0x2948C688 | Moved: 17.84m | Pos: (3516.76, 1629.24, 32.69)
[18:18:48] [MATCH] Addr: 0x2948C6C0 | Moved: 28.59m | Pos: (3516.18, 1627.55, 34.95)
[18:18:48] [MATCH] Addr: 0x2948C6F8 | Moved: 10.45m | Pos: (3516.66, 1629.24, 31.14)
[18:18:48] [MATCH] Addr: 0x2948C730 | Moved: 13.72m | Pos: (3516.59, 1628.21, 37.61)
[18:18:48] [MATCH] Addr: 0x2948C768 | Moved: 16.99m | Pos: (3516.70, 1628.03, 41.41)
[18:18:48] [MATCH] Addr: 0x2948C7A0 | Moved: 11.79m | Pos: (3517.48, 1629.07, 38.99)
[18:18:48] [MATCH] Addr: 0x2948C7D8 | Moved: 12.78m | Pos: (3517.44, 1627.91, 34.38)
[18:18:48] [MATCH] Addr: 0x2948C810 | Moved: 13.29m | Pos: (3517.18, 1627.57, 42.76)
[18:18:48] [MATCH] Addr: 0x2948C848 | Moved: 5.72m | Pos: (3518.10, 1626.78, 38.77)
[18:18:48] [MATCH] Addr: 0x2948C880 | Moved: 8.46m | Pos: (3518.54, 1627.60, 44.91)
[18:18:48] [MATCH] Addr: 0x2948C8B8 | Moved: 10.27m | Pos: (3518.44, 1627.57, 48.84)
[18:18:48] [MATCH] Addr: 0x2948C8F0 | Moved: 11.17m | Pos: (3518.64, 1626.53, 46.55)
[18:18:48] [MATCH] Addr: 0x2948C928 | Moved: 3.48m | Pos: (3518.74, 1626.81, 48.88)
[18:18:48] [MATCH] Addr: 0x2948C960 | Moved: 8.29m | Pos: (3519.54, 1626.58, 51.40)
[18:18:48] [MATCH] Addr: 0x2948C998 | Moved: 4.42m | Pos: (3519.27, 1626.12, 51.00)
[18:18:48] [MATCH] Addr: 0x2948C9D0 | Moved: 8.06m | Pos: (3519.89, 1626.28, 52.99)
[18:18:48] [MATCH] Addr: 0x2948CA08 | Moved: 3.31m | Pos: (3520.28, 1627.17, 54.40)
[18:18:48] [MATCH] Addr: 0x2948CA0C | Moved: 2.88m | Pos: (1627.17, 54.40, 0.00)
[18:18:48] [MATCH] Addr: 0x2948CA40 | Moved: 8.63m | Pos: (3520.31, 1625.35, 55.10)
[18:18:48] [MATCH] Addr: 0x2948CA78 | Moved: 5.57m | Pos: (3520.33, 1625.79, 57.30)
[18:18:48] [MATCH] Addr: 0x2948CA7C | Moved: 5.48m | Pos: (1625.79, 57.30, 0.00)
[18:18:48] [MATCH] Addr: 0x2948CAB0 | Moved: 9.05m | Pos: (3520.76, 1625.78, 59.46)
[18:18:48] [MATCH] Addr: 0x2948CAB4 | Moved: 9.02m | Pos: (1625.78, 59.46, 0.00)
[18:18:48] [MATCH] Addr: 0x2948CAE8 | Moved: 5.80m | Pos: (3521.69, 1626.48, 58.46)
[18:18:48] [MATCH] Addr: 0x2948CAEC | Moved: 5.43m | Pos: (1626.48, 58.46, 0.00)
[18:18:48] [MATCH] Addr: 0x2948CB20 | Moved: 5.51m | Pos: (3521.59, 1626.32, 60.81)
[18:18:48] [MATCH] Addr: 0x2948CB24 | Moved: 5.32m | Pos: (1626.32, 60.81, 0.00)
[18:18:48] [MATCH] Addr: 0x2948CB58 | Moved: 6.15m | Pos: (3521.67, 1625.16, 61.24)
[18:18:48] [MATCH] Addr: 0x2948CB5C | Moved: 6.09m | Pos: (1625.16, 61.24, 0.00)
[18:18:48] [MATCH] Addr: 0x2948CB90 | Moved: 6.44m | Pos: (3522.22, 1625.95, 62.37)
[18:18:48] [MATCH] Addr: 0x2948CB94 | Moved: 6.13m | Pos: (1625.95, 62.37, 0.00)
[18:18:48] [MATCH] Addr: 0x2948CBC8 | Moved: 3.73m | Pos: (3522.40, 1625.35, 62.20)
[18:18:48] [MATCH] Addr: 0x2948CBCC | Moved: 3.54m | Pos: (1625.35, 62.20, 0.00)
[18:18:48] [MATCH] Addr: 0x2948CC00 | Moved: 4.96m | Pos: (3522.65, 1625.02, 63.02)
[18:18:48] [MATCH] Addr: 0x2948CC04 | Moved: 4.81m | Pos: (1625.02, 63.02, 0.00)
[18:18:48] [MATCH] Addr: 0x2948CC38 | Moved: 2.67m | Pos: (3524.09, 1625.62, 64.94)
[18:18:48] [MATCH] Addr: 0x2948CC3C | Moved: 2.06m | Pos: (1625.62, 64.94, 0.00)
[18:18:48] [MATCH] Addr: 0x294B31D8 | Moved: 6.89m | Pos: (3315.89, 1524.10, 21.26)
[18:18:48] [MATCH] Addr: 0x294B3230 | Moved: 10.61m | Pos: (3306.85, 1523.18, 21.82)
[18:18:48] [MATCH] Addr: 0x294B3270 | Moved: 10.61m | Pos: (3306.85, 1523.18, 21.82)
[18:18:48] [MATCH] Addr: 0x294B3288 | Moved: 12.90m | Pos: (3304.55, 1518.74, 18.32)
[18:18:48] [MATCH] Addr: 0x294B3420 | Moved: 22.19m | Pos: (3264.75, 1550.62, 88.32)
[18:18:48] [MATCH] Addr: 0x294B3424 | Moved: 22.03m | Pos: (1550.62, 88.32, 1.00)
[18:18:48] [MATCH] Addr: 0x294B3460 | Moved: 22.19m | Pos: (3264.75, 1550.62, 88.32)
[18:18:48] [MATCH] Addr: 0x294B3464 | Moved: 22.03m | Pos: (1550.62, 88.32, 1.00)
[18:18:48] [MATCH] Addr: 0x294B3478 | Moved: 12.90m | Pos: (3304.55, 1518.74, 18.32)
[18:18:48] [MATCH] Addr: 0x294B35B8 | Moved: 5.92m | Pos: (3313.15, 1519.40, 19.85)
[18:18:48] [MATCH] Addr: 0x294B3610 | Moved: 13.48m | Pos: (3304.98, 1517.40, 17.32)
[18:18:48] [MATCH] Addr: 0x294B3650 | Moved: 13.48m | Pos: (3304.98, 1517.40, 17.32)
[18:18:48] [MATCH] Addr: 0x294B3668 | Moved: 12.90m | Pos: (3304.55, 1518.74, 18.32)
[18:18:48] [MATCH] Addr: 0x294B37A8 | Moved: 5.38m | Pos: (3318.74, 1521.94, 21.15)
[18:18:48] [MATCH] Addr: 0x294B3800 | Moved: 10.61m | Pos: (3306.85, 1523.18, 21.82)
[18:18:48] [MATCH] Addr: 0x294B3840 | Moved: 10.61m | Pos: (3306.85, 1523.18, 21.82)
[18:18:48] [MATCH] Addr: 0x294B3858 | Moved: 12.90m | Pos: (3304.55, 1518.74, 18.32)
[18:18:48] [MATCH] Addr: 0x294B3998 | Moved: 36.30m | Pos: (3290.17, 1516.64, 37.41)
[18:18:48] [MATCH] Addr: 0x294B39F0 | Moved: 12.21m | Pos: (3305.24, 1520.08, 18.82)
[18:18:48] [MATCH] Addr: 0x294B3A30 | Moved: 12.21m | Pos: (3305.24, 1520.08, 18.82)
[18:18:48] [MATCH] Addr: 0x294B3A48 | Moved: 12.90m | Pos: (3304.55, 1518.74, 18.32)
[18:18:48] [MATCH] Addr: 0x294C21BC | Moved: 39.09m | Pos: (3278.70, 1537.20, 25.00)
[18:18:48] [MATCH] Addr: 0x29589100 | Moved: 2.01m | Pos: (3531.88, 1625.03, 66.16)
[18:18:48] [MATCH] Addr: 0x2958911C | Moved: 2.62m | Pos: (3541.31, 1634.47, 75.59)
[18:18:48] [MATCH] Addr: 0x29589130 | Moved: 2.01m | Pos: (3531.88, 1625.03, 66.16)
[18:18:48] [MATCH] Addr: 0x29589144 | Moved: 2.62m | Pos: (1624.37, 84.49, 28.50)
[18:18:48] [MATCH] Addr: 0x29589150 | Moved: 4.62m | Pos: (3505.85, 1595.88, 55.99)
[18:18:48] [MATCH] Addr: 0x2958915C | Moved: 2.45m | Pos: (3562.84, 1652.87, 112.98)
[18:18:48] [MATCH] Addr: 0x29589180 | Moved: 6.28m | Pos: (3532.58, 1624.83, 87.34)
[18:18:48] [MATCH] Addr: 0x29589184 | Moved: 8.37m | Pos: (1624.83, 87.34, 26.72)
[18:18:48] [MATCH] Addr: 0x29589190 | Moved: 13.59m | Pos: (3505.85, 1598.10, 60.62)
[18:18:48] [MATCH] Addr: 0x2958919C | Moved: 9.26m | Pos: (3559.30, 1651.55, 114.06)
[18:18:48] [MATCH] Addr: 0x295891B0 | Moved: 6.28m | Pos: (3532.58, 1624.83, 87.34)
[18:18:48] [MATCH] Addr: 0x295891B4 | Moved: 6.18m | Pos: (1624.83, 87.34, 0.00)
[18:18:48] [MATCH] Addr: 0x2B070210 | Moved: 43.15m | Pos: (3278.70, 1537.20, 25.00)
[18:18:48] [MATCH] Addr: 0x2B070380 | Moved: 43.15m | Pos: (3278.70, 1537.20, 25.00)
[18:18:48] [MATCH] Addr: 0x2B0704F0 | Moved: 9.33m | Pos: (3302.78, 1519.61, 20.16)
[18:18:48] [MATCH] Addr: 0x2B0707D0 | Moved: 39.09m | Pos: (3278.70, 1537.20, 25.00)
[18:18:48] [MATCH] Addr: 0x2B2AB66C | Moved: 39.09m | Pos: (3278.70, 1537.20, 25.00)
[18:18:48] [MATCH] Addr: 0x2B684D58 | Moved: 2.53m | Pos: (3517.33, 1628.71, 34.05)
[18:18:48] [MATCH] Addr: 0x2B685198 | Moved: 6.72m | Pos: (3532.56, 1624.83, 87.25)
[18:18:48] [MATCH] Addr: 0x2B68519C | Moved: 9.02m | Pos: (1624.83, 87.25, 26.82)
[18:18:48] [MATCH] Addr: 0x2B685388 | Moved: 2.40m | Pos: (3534.32, 1624.38, 84.39)
[18:18:48] [MATCH] Addr: 0x2B68538C | Moved: 3.25m | Pos: (1624.38, 84.39, 28.59)
[18:18:48] [MATCH] Addr: 0x2B6853A0 | Moved: 4.63m | Pos: (111.77, 57.00, 0.00)
[18:18:48] [MATCH] Addr: 0x2CA2337C | Moved: 39.09m | Pos: (3278.70, 1537.20, 25.00)
[18:18:48] [MATCH] Addr: 0x2CAA3600 | Moved: 39.09m | Pos: (3278.70, 1537.20, 25.00)
[18:18:48] [MATCH] Addr: 0x2CAA3610 | Moved: 39.17m | Pos: (3278.56, 1537.22, 25.05)
[18:18:48] [MATCH] Addr: 0x2CAA361C | Moved: 39.02m | Pos: (3278.72, 1537.34, 25.05)
[18:18:48] [MATCH] Addr: 0x2CAA3628 | Moved: 39.16m | Pos: (3278.56, 1537.22, 24.94)
[18:18:48] [MATCH] Addr: 0x2CAA3634 | Moved: 39.01m | Pos: (3278.72, 1537.34, 24.94)
[18:18:48] [MATCH] Addr: 0x2CAA3670 | Moved: 39.09m | Pos: (3278.70, 1537.20, 25.00)
[18:18:48] [MATCH] Addr: 0x2CAA3BC0 | Moved: 39.09m | Pos: (3278.70, 1537.20, 25.00)
[18:18:48] [MATCH] Addr: 0x2CAA3BD0 | Moved: 39.17m | Pos: (3278.56, 1537.22, 25.05)
[18:18:48] [MATCH] Addr: 0x2CAA3BDC | Moved: 39.02m | Pos: (3278.72, 1537.34, 25.05)
[18:18:48] [MATCH] Addr: 0x2CAA3BE8 | Moved: 39.16m | Pos: (3278.56, 1537.22, 24.94)
[18:18:48] [MATCH] Addr: 0x2CAA3BF4 | Moved: 39.01m | Pos: (3278.72, 1537.34, 24.94)
[18:18:48] [MATCH] Addr: 0x2CAA3C30 | Moved: 39.09m | Pos: (3278.70, 1537.20, 25.00)
[18:18:48] [MATCH] Addr: 0x2CAA41F0 | Moved: 57.60m | Pos: (3296.00, 1568.00, 41.29)
[18:18:48] [MATCH] Addr: 0x2CAA4460 | Moved: 39.09m | Pos: (3278.70, 1537.20, 25.00)
[18:18:48] [MATCH] Addr: 0x2CAA4470 | Moved: 39.17m | Pos: (3278.56, 1537.22, 25.05)
[18:18:48] [MATCH] Addr: 0x2CAA447C | Moved: 39.02m | Pos: (3278.72, 1537.34, 25.05)
[18:18:48] [MATCH] Addr: 0x2CAA4488 | Moved: 39.16m | Pos: (3278.56, 1537.22, 24.94)
[18:18:48] [MATCH] Addr: 0x2CAA4494 | Moved: 39.01m | Pos: (3278.72, 1537.34, 24.94)
[18:18:48] [MATCH] Addr: 0x2CAA44D0 | Moved: 39.09m | Pos: (3278.70, 1537.20, 25.00)
[18:18:48] [MATCH] Addr: 0x2CAA4740 | Moved: 39.09m | Pos: (3278.70, 1537.20, 25.00)
[18:18:48] [MATCH] Addr: 0x2CAA4750 | Moved: 39.17m | Pos: (3278.56, 1537.22, 25.05)
[18:18:48] [MATCH] Addr: 0x2CAA475C | Moved: 39.02m | Pos: (3278.72, 1537.34, 25.05)
[18:18:48] [MATCH] Addr: 0x2CAA4768 | Moved: 39.16m | Pos: (3278.56, 1537.22, 24.94)
[18:18:48] [MATCH] Addr: 0x2CAA4774 | Moved: 39.01m | Pos: (3278.72, 1537.34, 24.94)
[18:18:48] [MATCH] Addr: 0x2CAA47B0 | Moved: 39.09m | Pos: (3278.70, 1537.20, 25.00)
[18:18:48] [MATCH] Addr: 0x2CAA4FE0 | Moved: 39.09m | Pos: (3278.70, 1537.20, 25.00)
[18:18:48] [MATCH] Addr: 0x2CAA4FF0 | Moved: 39.17m | Pos: (3278.56, 1537.22, 25.05)
[18:18:48] [MATCH] Addr: 0x2CAA4FFC | Moved: 39.02m | Pos: (3278.72, 1537.34, 25.05)
[18:18:48] [MATCH] Addr: 0x2CAA5008 | Moved: 39.16m | Pos: (3278.56, 1537.22, 24.94)
[18:18:48] [MATCH] Addr: 0x2CAA5014 | Moved: 39.01m | Pos: (3278.72, 1537.34, 24.94)
[18:18:48] [MATCH] Addr: 0x2CAA5050 | Moved: 39.09m | Pos: (3278.70, 1537.20, 25.00)
[18:18:48] [MATCH] Addr: 0x2CAA52C0 | Moved: 39.09m | Pos: (3278.70, 1537.20, 25.00)
[18:18:48] [MATCH] Addr: 0x2CAA52D0 | Moved: 39.17m | Pos: (3278.56, 1537.22, 25.05)
[18:18:48] [MATCH] Addr: 0x2CAA52DC | Moved: 39.02m | Pos: (3278.72, 1537.34, 25.05)
[18:18:48] [MATCH] Addr: 0x2CAA52E8 | Moved: 39.16m | Pos: (3278.56, 1537.22, 24.94)
[18:18:48] [MATCH] Addr: 0x2CAA52F4 | Moved: 39.01m | Pos: (3278.72, 1537.34, 24.94)
[18:18:48] [MATCH] Addr: 0x2CAA5330 | Moved: 39.09m | Pos: (3278.70, 1537.20, 25.00)
[18:18:48] [MATCH] Addr: 0x2CAA55A0 | Moved: 39.09m | Pos: (3278.70, 1537.20, 25.00)
[18:18:48] [MATCH] Addr: 0x2CAA55B0 | Moved: 39.17m | Pos: (3278.56, 1537.22, 25.05)
[18:18:48] [MATCH] Addr: 0x2CAA55BC | Moved: 39.02m | Pos: (3278.72, 1537.34, 25.05)
[18:18:48] [MATCH] Addr: 0x2CAA55C8 | Moved: 39.16m | Pos: (3278.56, 1537.22, 24.94)
[18:18:48] [MATCH] Addr: 0x2CAA55D4 | Moved: 39.01m | Pos: (3278.72, 1537.34, 24.94)
[18:18:48] [MATCH] Addr: 0x2CAA5610 | Moved: 39.09m | Pos: (3278.70, 1537.20, 25.00)
[18:18:48] [MATCH] Addr: 0x2CAA5B60 | Moved: 39.09m | Pos: (3278.70, 1537.20, 25.00)
[18:18:48] [MATCH] Addr: 0x2CAA5B70 | Moved: 39.17m | Pos: (3278.56, 1537.22, 25.05)
[18:18:48] [MATCH] Addr: 0x2CAA5B7C | Moved: 39.02m | Pos: (3278.72, 1537.34, 25.05)
[18:18:48] [MATCH] Addr: 0x2CAA5B88 | Moved: 39.16m | Pos: (3278.56, 1537.22, 24.94)
[18:18:48] [MATCH] Addr: 0x2CAA5B94 | Moved: 39.01m | Pos: (3278.72, 1537.34, 24.94)
[18:18:48] [MATCH] Addr: 0x2CAA5BD0 | Moved: 39.09m | Pos: (3278.70, 1537.20, 25.00)
[18:18:48] [MATCH] Addr: 0x2CAA6400 | Moved: 39.09m | Pos: (3278.70, 1537.20, 25.00)
[18:18:48] [MATCH] Addr: 0x2CAA6410 | Moved: 39.17m | Pos: (3278.56, 1537.22, 25.05)
[18:18:48] [MATCH] Addr: 0x2CAA641C | Moved: 39.02m | Pos: (3278.72, 1537.34, 25.05)
[18:18:48] [MATCH] Addr: 0x2CAA6428 | Moved: 39.16m | Pos: (3278.56, 1537.22, 24.94)
[18:18:48] [MATCH] Addr: 0x2CAA6434 | Moved: 39.01m | Pos: (3278.72, 1537.34, 24.94)
[18:18:48] [MATCH] Addr: 0x2CAA6470 | Moved: 39.09m | Pos: (3278.70, 1537.20, 25.00)
[18:18:48] [MATCH] Addr: 0x2CAA6CA0 | Moved: 39.09m | Pos: (3278.70, 1537.20, 25.00)
[18:18:48] [MATCH] Addr: 0x2CAA6CB0 | Moved: 39.17m | Pos: (3278.56, 1537.22, 25.05)
[18:18:48] [MATCH] Addr: 0x2CAA6CBC | Moved: 39.02m | Pos: (3278.72, 1537.34, 25.05)
[18:18:48] [MATCH] Addr: 0x2CAA6CC8 | Moved: 39.16m | Pos: (3278.56, 1537.22, 24.94)
[18:18:48] [MATCH] Addr: 0x2CAA6CD4 | Moved: 39.01m | Pos: (3278.72, 1537.34, 24.94)
[18:18:48] [MATCH] Addr: 0x2CAA6D10 | Moved: 39.09m | Pos: (3278.70, 1537.20, 25.00)
[18:18:48] [MATCH] Addr: 0x2CAA7260 | Moved: 39.09m | Pos: (3278.70, 1537.20, 25.00)
[18:18:48] [MATCH] Addr: 0x2CAA7270 | Moved: 39.17m | Pos: (3278.56, 1537.22, 25.05)
[18:18:48] [MATCH] Addr: 0x2CAA727C | Moved: 39.02m | Pos: (3278.72, 1537.34, 25.05)
[18:18:48] [MATCH] Addr: 0x2CAA7288 | Moved: 39.16m | Pos: (3278.56, 1537.22, 24.94)
[18:18:48] [MATCH] Addr: 0x2CAA7294 | Moved: 39.01m | Pos: (3278.72, 1537.34, 24.94)
[18:18:48] [MATCH] Addr: 0x2CAA72D0 | Moved: 39.09m | Pos: (3278.70, 1537.20, 25.00)
[18:18:48] [MATCH] Addr: 0x2CAA7820 | Moved: 39.09m | Pos: (3278.70, 1537.20, 25.00)
[18:18:48] [MATCH] Addr: 0x2CAA7830 | Moved: 39.17m | Pos: (3278.56, 1537.22, 25.05)
[18:18:48] [MATCH] Addr: 0x2CAA783C | Moved: 39.02m | Pos: (3278.72, 1537.34, 25.05)
[18:18:48] [MATCH] Addr: 0x2CAA7848 | Moved: 39.16m | Pos: (3278.56, 1537.22, 24.94)
[18:18:48] [MATCH] Addr: 0x2CAA7854 | Moved: 39.01m | Pos: (3278.72, 1537.34, 24.94)
[18:18:48] [MATCH] Addr: 0x2CAA7890 | Moved: 39.09m | Pos: (3278.70, 1537.20, 25.00)
[18:18:48] [MATCH] Addr: 0x2CAA83A0 | Moved: 40.27m | Pos: (2424.97, 1490.66, 588.54)
[18:18:48] [MATCH] Addr: 0x2CAA83A4 | Moved: 23.13m | Pos: (1490.66, 588.54, -0.00)
[18:18:48] [MATCH] Addr: 0x2CAA83B0 | Moved: 40.27m | Pos: (2426.68, 1494.00, 591.41)
[18:18:48] [MATCH] Addr: 0x2CAA83B8 | Moved: 40.27m | Pos: (591.41, 2426.95, 1487.32)
[18:18:48] [MATCH] Addr: 0x2CAA83BC | Moved: 40.27m | Pos: (2426.95, 1487.32, 591.24)
[18:18:48] [MATCH] Addr: 0x2CAA83C4 | Moved: 40.27m | Pos: (591.24, 2422.99, 1494.00)
[18:18:48] [MATCH] Addr: 0x2CAA83C8 | Moved: 40.27m | Pos: (2422.99, 1494.00, 585.84)
[18:18:48] [MATCH] Addr: 0x2CAA83D0 | Moved: 40.27m | Pos: (585.84, 2423.26, 1487.32)
[18:18:48] [MATCH] Addr: 0x2CAA83D4 | Moved: 40.27m | Pos: (2423.26, 1487.32, 585.66)
[18:18:48] [MATCH] Addr: 0x2CAA83E0 | Moved: 39.17m | Pos: (3286.43, 1543.77, 22.46)
[18:18:48] [MATCH] Addr: 0x2CAA83EC | Moved: 39.17m | Pos: (3286.70, 1537.09, 22.28)
[18:18:48] [MATCH] Addr: 0x2CAA83F8 | Moved: 39.17m | Pos: (3282.74, 1543.77, 16.89)
[18:18:48] [MATCH] Addr: 0x2CAA8404 | Moved: 39.17m | Pos: (3283.01, 1537.09, 16.71)
[18:18:48] [MATCH] Addr: 0x2CAA8410 | Moved: 39.09m | Pos: (3278.70, 1537.20, 25.00)
[18:18:48] [MATCH] Addr: 0x2CAA8680 | Moved: 40.27m | Pos: (2424.97, 1490.66, 588.54)
[18:18:48] [MATCH] Addr: 0x2CAA8690 | Moved: 40.27m | Pos: (2426.68, 1494.00, 591.41)
[18:18:48] [MATCH] Addr: 0x2CAA8698 | Moved: 40.27m | Pos: (591.41, 2426.95, 1487.32)
[18:18:48] [MATCH] Addr: 0x2CAA869C | Moved: 40.27m | Pos: (2426.95, 1487.32, 591.24)
[18:18:48] [MATCH] Addr: 0x2CAA86A4 | Moved: 40.27m | Pos: (591.24, 2422.99, 1494.00)
[18:18:48] [MATCH] Addr: 0x2CAA86A8 | Moved: 40.27m | Pos: (2422.99, 1494.00, 585.84)
[18:18:48] [MATCH] Addr: 0x2CAA86B0 | Moved: 40.27m | Pos: (585.84, 2423.26, 1487.32)
[18:18:48] [MATCH] Addr: 0x2CAA86B4 | Moved: 40.27m | Pos: (2423.26, 1487.32, 585.66)
[18:18:48] [MATCH] Addr: 0x2CAA86C0 | Moved: 39.17m | Pos: (3286.43, 1543.77, 22.46)
[18:18:48] [MATCH] Addr: 0x2CAA86CC | Moved: 39.17m | Pos: (3286.70, 1537.09, 22.28)
[18:18:48] [MATCH] Addr: 0x2CAA86D8 | Moved: 39.17m | Pos: (3282.74, 1543.77, 16.89)
[18:18:48] [MATCH] Addr: 0x2CAA86E4 | Moved: 39.17m | Pos: (3283.01, 1537.09, 16.71)
[18:18:48] [MATCH] Addr: 0x2CAA86F0 | Moved: 39.09m | Pos: (3278.70, 1537.20, 25.00)
[18:18:48] [MATCH] Addr: 0x2CAA89D0 | Moved: 43.20m | Pos: (3278.70, 1537.20, 25.00)
[18:18:48] [MATCH] Addr: 0x2CABC25C | Moved: 32.59m | Pos: (3282.95, 1531.72, 23.77)
[18:18:48] [MATCH] Addr: 0x2CBCA920 | Moved: 36.44m | Pos: (3282.64, 1531.87, 22.00)
[18:18:48] [MATCH] Addr: 0x2CBCA958 | Moved: 36.34m | Pos: (3282.66, 1531.90, 22.05)
[18:18:48] [MATCH] Addr: 0x2CBCA990 | Moved: 36.55m | Pos: (3282.50, 1532.04, 22.20)
[18:18:48] [MATCH] Addr: 0x2CBCA9C8 | Moved: 36.25m | Pos: (3282.66, 1531.90, 22.13)
[18:18:48] [MATCH] Addr: 0x2CBCAA00 | Moved: 36.36m | Pos: (3282.65, 1531.91, 22.22)
[18:18:48] [MATCH] Addr: 0x2CBCABA0 | Moved: 36.44m | Pos: (3282.64, 1531.87, 22.00)
[18:18:48] [MATCH] Addr: 0x2CBCABD8 | Moved: 36.56m | Pos: (3282.50, 1532.04, 22.19)
[18:18:48] [MATCH] Addr: 0x2CBCAC10 | Moved: 36.55m | Pos: (3282.50, 1532.04, 22.20)
[18:18:48] [MATCH] Addr: 0x2CBCAC48 | Moved: 36.25m | Pos: (3282.66, 1531.90, 22.13)
[18:18:48] [MATCH] Addr: 0x2CBCAC80 | Moved: 36.36m | Pos: (3282.65, 1531.91, 22.22)
[18:18:48] [MATCH] Addr: 0x2CBE04A0 | Moved: 2.36m | Pos: (3532.23, 1625.70, 68.49)
[18:18:48] [MATCH] Addr: 0x2CBE0510 | Moved: 2.89m | Pos: (3529.74, 1623.65, 68.47)
[18:18:48] [MATCH] Addr: 0x2CBE0514 | Moved: 2.35m | Pos: (1623.65, 68.47, 0.00)
[18:18:48] [MATCH] Addr: 0x2CBE0548 | Moved: 4.40m | Pos: (3528.02, 1626.78, 68.06)
[18:18:48] [MATCH] Addr: 0x2CBE054C | Moved: 2.63m | Pos: (1626.78, 68.06, 0.00)
[18:18:48] [MATCH] Addr: 0x2CBE0580 | Moved: 2.83m | Pos: (3528.25, 1625.34, 67.70)
[18:18:48] [MATCH] Addr: 0x2CBE0584 | Moved: 2.18m | Pos: (1625.34, 67.70, 0.00)
[18:18:48] [MATCH] Addr: 0x2CBE05B8 | Moved: 3.25m | Pos: (3532.15, 1624.84, 67.23)
[18:18:48] [MATCH] Addr: 0x2CBE05BC | Moved: 2.57m | Pos: (1624.84, 67.23, 0.00)
[18:18:48] [MATCH] Addr: 0x2CBE05F0 | Moved: 2.83m | Pos: (3530.02, 1625.22, 66.47)
[18:18:48] [MATCH] Addr: 0x2CBE0628 | Moved: 3.65m | Pos: (3530.64, 1626.78, 68.29)
[18:18:48] [MATCH] Addr: 0x2CBE062C | Moved: 2.62m | Pos: (1626.78, 68.29, 0.00)
[18:18:48] [MATCH] Addr: 0x2CBE0960 | Moved: 2.37m | Pos: (3532.23, 1625.70, 68.48)
[18:18:48] [MATCH] Addr: 0x2CBE09D0 | Moved: 2.88m | Pos: (3529.74, 1623.65, 68.47)
[18:18:48] [MATCH] Addr: 0x2CBE09D4 | Moved: 2.33m | Pos: (1623.65, 68.47, 0.00)
[18:18:48] [MATCH] Addr: 0x2CBE0A08 | Moved: 4.40m | Pos: (3528.02, 1626.78, 68.07)
[18:18:48] [MATCH] Addr: 0x2CBE0A0C | Moved: 2.62m | Pos: (1626.78, 68.07, 0.00)
[18:18:48] [MATCH] Addr: 0x2CBE0A40 | Moved: 2.83m | Pos: (3528.25, 1625.34, 67.72)
[18:18:48] [MATCH] Addr: 0x2CBE0A44 | Moved: 2.18m | Pos: (1625.34, 67.72, 0.00)
[18:18:48] [MATCH] Addr: 0x2CBE0A78 | Moved: 3.25m | Pos: (3532.15, 1624.84, 67.28)
[18:18:48] [MATCH] Addr: 0x2CBE0A7C | Moved: 2.56m | Pos: (1624.84, 67.28, 0.00)
[18:18:48] [MATCH] Addr: 0x2CBE0AB0 | Moved: 2.85m | Pos: (3530.02, 1625.22, 66.44)
[18:18:48] [MATCH] Addr: 0x2CBE0AE8 | Moved: 3.65m | Pos: (3530.64, 1626.78, 68.28)
[18:18:48] [MATCH] Addr: 0x2CBE0AEC | Moved: 2.62m | Pos: (1626.78, 68.28, 0.00)
[18:18:48] [MATCH] Addr: 0x2CBE0BC0 | Moved: 2.19m | Pos: (3512.97, 1630.47, 17.15)
[18:18:48] [MATCH] Addr: 0x2CBE0C30 | Moved: 2.64m | Pos: (3511.11, 1630.20, 17.32)
[18:18:48] [MATCH] Addr: 0x2CBE0CD8 | Moved: 3.29m | Pos: (3512.56, 1629.33, 16.86)
[18:18:48] [MATCH] Addr: 0x2CBE0D10 | Moved: 3.15m | Pos: (3513.33, 1629.84, 16.06)
[18:18:48] [MATCH] Addr: 0x2CBE0D80 | Moved: 4.07m | Pos: (3514.49, 1633.26, 16.81)
[18:18:48] [MATCH] Addr: 0x2CBE1080 | Moved: 2.19m | Pos: (3512.97, 1630.47, 17.16)
[18:18:48] [MATCH] Addr: 0x2CBE10F0 | Moved: 2.66m | Pos: (3511.11, 1630.20, 17.33)
[18:18:48] [MATCH] Addr: 0x2CBE1198 | Moved: 3.30m | Pos: (3512.56, 1629.33, 16.83)
[18:18:48] [MATCH] Addr: 0x2CBE11D0 | Moved: 3.14m | Pos: (3513.33, 1629.84, 16.08)
[18:18:48] [MATCH] Addr: 0x2CCA8850 | Moved: 39.09m | Pos: (3278.70, 1537.20, 25.00)
[18:18:48] [MATCH] Addr: 0x2CCA8860 | Moved: 39.17m | Pos: (3278.56, 1537.22, 25.05)
[18:18:48] [MATCH] Addr: 0x2CCA886C | Moved: 39.02m | Pos: (3278.72, 1537.34, 25.05)
[18:18:48] [MATCH] Addr: 0x2CCA8878 | Moved: 39.16m | Pos: (3278.56, 1537.22, 24.94)
[18:18:48] [MATCH] Addr: 0x2CCA8884 | Moved: 39.01m | Pos: (3278.72, 1537.34, 24.94)
[18:18:48] [MATCH] Addr: 0x2CCA88C0 | Moved: 39.09m | Pos: (3278.70, 1537.20, 25.00)
[18:18:48] [MATCH] Addr: 0x2CCA8E10 | Moved: 39.09m | Pos: (3278.70, 1537.20, 25.00)
[18:18:48] [MATCH] Addr: 0x2CCA8E20 | Moved: 39.17m | Pos: (3278.56, 1537.22, 25.05)
[18:18:48] [MATCH] Addr: 0x2CCA8E2C | Moved: 39.02m | Pos: (3278.72, 1537.34, 25.05)
[18:18:48] [MATCH] Addr: 0x2CCA8E38 | Moved: 39.16m | Pos: (3278.56, 1537.22, 24.94)
[18:18:48] [MATCH] Addr: 0x2CCA8E44 | Moved: 39.01m | Pos: (3278.72, 1537.34, 24.94)
[18:18:48] [MATCH] Addr: 0x2CCA8E80 | Moved: 39.09m | Pos: (3278.70, 1537.20, 25.00)
[18:18:48] [MATCH] Addr: 0x2CCA90F0 | Moved: 39.09m | Pos: (3278.70, 1537.20, 25.00)
[18:18:48] [MATCH] Addr: 0x2CCA9100 | Moved: 39.17m | Pos: (3278.56, 1537.22, 25.05)
[18:18:48] [MATCH] Addr: 0x2CCA910C | Moved: 39.02m | Pos: (3278.72, 1537.34, 25.05)
[18:18:48] [MATCH] Addr: 0x2CCA9118 | Moved: 39.16m | Pos: (3278.56, 1537.22, 24.94)
[18:18:48] [MATCH] Addr: 0x2CCA9124 | Moved: 39.01m | Pos: (3278.72, 1537.34, 24.94)
[18:18:48] [MATCH] Addr: 0x2CCA9160 | Moved: 39.09m | Pos: (3278.70, 1537.20, 25.00)
[18:18:48] [MATCH] Addr: 0x2CCA93D0 | Moved: 39.09m | Pos: (3278.70, 1537.20, 25.00)
[18:18:48] [MATCH] Addr: 0x2CCA93E0 | Moved: 39.17m | Pos: (3278.56, 1537.22, 25.05)
[18:18:48] [MATCH] Addr: 0x2CCA93EC | Moved: 39.02m | Pos: (3278.72, 1537.34, 25.05)
[18:18:48] [MATCH] Addr: 0x2CCA93F8 | Moved: 39.16m | Pos: (3278.56, 1537.22, 24.94)
[18:18:48] [MATCH] Addr: 0x2CCA9404 | Moved: 39.01m | Pos: (3278.72, 1537.34, 24.94)
[18:18:48] [MATCH] Addr: 0x2CCA9440 | Moved: 39.09m | Pos: (3278.70, 1537.20, 25.00)
[18:18:48] [MATCH] Addr: 0x2CCA9F50 | Moved: 7.35m | Pos: (3305.74, 1518.17, 12.06)
[18:18:48] [MATCH] Addr: 0x2CCA9F60 | Moved: 7.30m | Pos: (3305.69, 1518.30, 12.06)
[18:18:48] [MATCH] Addr: 0x2CCA9F6C | Moved: 7.32m | Pos: (3305.67, 1518.26, 12.06)
[18:18:48] [MATCH] Addr: 0x2CCA9F78 | Moved: 7.31m | Pos: (3305.69, 1518.30, 12.12)
[18:18:48] [MATCH] Addr: 0x2CCA9F84 | Moved: 7.33m | Pos: (3305.67, 1518.25, 12.12)
[18:18:48] [MATCH] Addr: 0x2CCA9FC0 | Moved: 7.35m | Pos: (3305.74, 1518.17, 12.06)
[18:18:48] [MATCH] Addr: 0x2CCAA230 | Moved: 28.19m | Pos: (3286.98, 1527.62, 9.18)
[18:18:48] [MATCH] Addr: 0x2CCAA240 | Moved: 28.12m | Pos: (3286.97, 1527.76, 9.18)
[18:18:48] [MATCH] Addr: 0x2CCAA24C | Moved: 28.15m | Pos: (3286.94, 1527.72, 9.18)
[18:18:48] [MATCH] Addr: 0x2CCAA258 | Moved: 28.12m | Pos: (3286.97, 1527.76, 9.24)
[18:18:48] [MATCH] Addr: 0x2CCAA264 | Moved: 28.15m | Pos: (3286.94, 1527.72, 9.24)
[18:18:48] [MATCH] Addr: 0x2CCAA2A0 | Moved: 28.19m | Pos: (3286.98, 1527.62, 9.18)
[18:18:48] [MATCH] Addr: 0x2CCAA7F0 | Moved: 21.82m | Pos: (3292.28, 1523.67, 10.06)
[18:18:48] [MATCH] Addr: 0x2CCAA800 | Moved: 21.77m | Pos: (3292.25, 1523.81, 10.04)
[18:18:48] [MATCH] Addr: 0x2CCAA80C | Moved: 21.79m | Pos: (3292.22, 1523.77, 10.04)
[18:18:48] [MATCH] Addr: 0x2CCAA818 | Moved: 21.76m | Pos: (3292.26, 1523.81, 10.12)
[18:18:48] [MATCH] Addr: 0x2CCAA824 | Moved: 21.79m | Pos: (3292.23, 1523.76, 10.12)
[18:18:48] [MATCH] Addr: 0x2CCAA860 | Moved: 21.82m | Pos: (3292.28, 1523.67, 10.06)
[18:18:48] [MATCH] Addr: 0x2CCAAAD0 | Moved: 21.82m | Pos: (3292.28, 1523.67, 10.06)
[18:18:48] [MATCH] Addr: 0x2CCAAAE0 | Moved: 21.77m | Pos: (3292.25, 1523.81, 10.04)
[18:18:48] [MATCH] Addr: 0x2CCAAAEC | Moved: 21.79m | Pos: (3292.22, 1523.77, 10.04)
[18:18:48] [MATCH] Addr: 0x2CCAAAF8 | Moved: 21.76m | Pos: (3292.26, 1523.81, 10.12)
[18:18:48] [MATCH] Addr: 0x2CCAAB04 | Moved: 21.79m | Pos: (3292.23, 1523.76, 10.12)
[18:18:48] [MATCH] Addr: 0x2CCAAB40 | Moved: 21.82m | Pos: (3292.28, 1523.67, 10.06)
[18:18:48] [MATCH] Addr: 0x2D001090 | Moved: 4.16m | Pos: (3539.17, 1622.73, 110.01)
[18:18:48] [MATCH] Addr: 0x2D001094 | Moved: 3.68m | Pos: (1622.73, 110.01, 0.00)
[18:18:48] [MATCH] Addr: 0x2D0010C8 | Moved: 4.78m | Pos: (3538.49, 1621.70, 109.60)
[18:18:48] [MATCH] Addr: 0x2D0010CC | Moved: 4.39m | Pos: (1621.70, 109.60, 0.00)
[18:18:48] [MATCH] Addr: 0x2D001100 | Moved: 3.34m | Pos: (3539.09, 1621.62, 110.45)
[18:18:48] [MATCH] Addr: 0x2D001104 | Moved: 2.77m | Pos: (1621.62, 110.45, 0.00)
[18:18:48] [MATCH] Addr: 0x2D001138 | Moved: 3.01m | Pos: (3539.71, 1621.52, 110.97)
[18:18:48] [MATCH] Addr: 0x2D00113C | Moved: 2.72m | Pos: (1621.52, 110.97, 0.00)
[18:18:48] [MATCH] Addr: 0x2D001170 | Moved: 2.80m | Pos: (3540.05, 1621.46, 111.14)
[18:18:48] [MATCH] Addr: 0x2D001174 | Moved: 2.08m | Pos: (1621.46, 111.14, 0.00)
[18:18:48] [MATCH] Addr: 0x2D0011A8 | Moved: 2.50m | Pos: (3539.97, 1620.52, 111.32)
[18:18:48] [MATCH] Addr: 0x2D0011AC | Moved: 2.16m | Pos: (1620.52, 111.32, 0.00)
[18:18:48] [MATCH] Addr: 0x2D0011E0 | Moved: 2.56m | Pos: (3540.91, 1621.87, 111.35)
[18:18:48] [MATCH] Addr: 0x2D001218 | Moved: 43.73m | Pos: (3527.94, 1625.08, 68.11)
[18:18:48] [MATCH] Addr: 0x2D00121C | Moved: 42.27m | Pos: (1625.08, 68.11, 0.00)
[18:18:48] [MATCH] Addr: 0x2D001250 | Moved: 43.87m | Pos: (3530.38, 1626.73, 68.18)
[18:18:48] [MATCH] Addr: 0x2D001254 | Moved: 42.95m | Pos: (1626.73, 68.18, 0.00)
[18:18:48] [MATCH] Addr: 0x2D001288 | Moved: 45.65m | Pos: (3529.71, 1627.00, 66.78)
[18:18:48] [MATCH] Addr: 0x2D00128C | Moved: 44.51m | Pos: (1627.00, 66.78, 0.00)
[18:18:48] [MATCH] Addr: 0x2D0012C0 | Moved: 45.67m | Pos: (3530.70, 1626.21, 66.82)
[18:18:48] [MATCH] Addr: 0x2D0012C4 | Moved: 44.74m | Pos: (1626.21, 66.82, 0.00)
[18:18:48] [MATCH] Addr: 0x2D0012F8 | Moved: 49.09m | Pos: (3530.69, 1625.71, 63.40)
[18:18:48] [MATCH] Addr: 0x2D0012FC | Moved: 48.09m | Pos: (1625.71, 63.40, 0.00)
[18:18:48] [MATCH] Addr: 0x2D001330 | Moved: 46.59m | Pos: (3530.30, 1625.56, 66.17)
[18:18:48] [MATCH] Addr: 0x2D001334 | Moved: 45.35m | Pos: (1625.56, 66.17, 0.00)
[18:18:48] [MATCH] Addr: 0x2D001368 | Moved: 17.62m | Pos: (3531.01, 1624.09, 66.94)
[18:18:48] [MATCH] Addr: 0x2D0013A0 | Moved: 21.10m | Pos: (3531.04, 1626.29, 74.10)
[18:18:48] [MATCH] Addr: 0x2D0013A4 | Moved: 21.06m | Pos: (1626.29, 74.10, 0.00)
[18:18:48] [MATCH] Addr: 0x2D0013D8 | Moved: 13.36m | Pos: (3530.52, 1624.17, 73.22)
[18:18:48] [MATCH] Addr: 0x2D0013DC | Moved: 13.34m | Pos: (1624.17, 73.22, 0.00)
[18:18:48] [MATCH] Addr: 0x2D001410 | Moved: 27.24m | Pos: (3531.44, 1625.36, 83.38)
[18:18:48] [MATCH] Addr: 0x2D001414 | Moved: 27.22m | Pos: (1625.36, 83.38, 0.00)
[18:18:48] [MATCH] Addr: 0x2D001448 | Moved: 6.43m | Pos: (3531.21, 1623.88, 74.40)
[18:18:48] [MATCH] Addr: 0x2D00144C | Moved: 6.28m | Pos: (1623.88, 74.40, 0.00)
[18:18:48] [MATCH] Addr: 0x2D001480 | Moved: 2.01m | Pos: (3531.87, 1624.83, 78.29)
[18:18:48] [MATCH] Addr: 0x2D0014B8 | Moved: 13.76m | Pos: (3533.28, 1625.04, 88.16)
[18:18:48] [MATCH] Addr: 0x2D0014BC | Moved: 13.57m | Pos: (1625.04, 88.16, 0.00)
[18:18:48] [MATCH] Addr: 0x2D0014F0 | Moved: 14.69m | Pos: (3532.83, 1624.15, 85.62)
[18:18:48] [MATCH] Addr: 0x2D0014F4 | Moved: 14.65m | Pos: (1624.15, 85.62, 0.00)
[18:18:48] [MATCH] Addr: 0x2D001528 | Moved: 20.29m | Pos: (3533.09, 1623.73, 93.72)
[18:18:48] [MATCH] Addr: 0x2D00152C | Moved: 20.25m | Pos: (1623.73, 93.72, 0.00)
[18:18:48] [MATCH] Addr: 0x2D001560 | Moved: 16.08m | Pos: (3533.96, 1624.21, 90.34)
[18:18:48] [MATCH] Addr: 0x2D001564 | Moved: 15.81m | Pos: (1624.21, 90.34, 0.00)
[18:18:48] [MATCH] Addr: 0x2D001598 | Moved: 10.71m | Pos: (3534.17, 1624.55, 93.57)
[18:18:48] [MATCH] Addr: 0x2D00159C | Moved: 10.36m | Pos: (1624.55, 93.57, 0.00)
[18:18:48] [MATCH] Addr: 0x2D0015D0 | Moved: 12.43m | Pos: (3534.06, 1623.73, 97.61)
[18:18:48] [MATCH] Addr: 0x2D0015D4 | Moved: 12.34m | Pos: (1623.73, 97.61, 0.00)
[18:18:48] [MATCH] Addr: 0x2D001608 | Moved: 11.69m | Pos: (3534.36, 1623.16, 98.29)
[18:18:48] [MATCH] Addr: 0x2D00160C | Moved: 11.59m | Pos: (1623.16, 98.29, 0.00)
[18:18:48] [MATCH] Addr: 0x2D001640 | Moved: 6.73m | Pos: (3534.66, 1624.06, 97.37)
[18:18:48] [MATCH] Addr: 0x2D001644 | Moved: 6.47m | Pos: (1624.06, 97.37, 0.00)
[18:18:48] [MATCH] Addr: 0x2D001678 | Moved: 7.68m | Pos: (3534.80, 1622.64, 97.81)
[18:18:48] [MATCH] Addr: 0x2D00167C | Moved: 7.60m | Pos: (1622.64, 97.81, 0.00)
[18:18:48] [MATCH] Addr: 0x2D0016B0 | Moved: 9.27m | Pos: (3535.25, 1624.00, 99.98)
[18:18:48] [MATCH] Addr: 0x2D0016B4 | Moved: 9.16m | Pos: (1624.00, 99.98, 0.00)
[18:18:48] [MATCH] Addr: 0x2D0016E8 | Moved: 8.68m | Pos: (3536.18, 1624.02, 100.51)
[18:18:48] [MATCH] Addr: 0x2D0016EC | Moved: 8.40m | Pos: (1624.02, 100.51, 0.00)
[18:18:48] [MATCH] Addr: 0x2D001720 | Moved: 8.45m | Pos: (3535.95, 1622.59, 102.82)
[18:18:48] [MATCH] Addr: 0x2D001724 | Moved: 8.25m | Pos: (1622.59, 102.82, 0.00)
[18:18:48] [MATCH] Addr: 0x2D001758 | Moved: 6.59m | Pos: (3536.30, 1623.58, 101.34)
[18:18:48] [MATCH] Addr: 0x2D00175C | Moved: 6.23m | Pos: (1623.58, 101.34, 0.00)
[18:18:48] [MATCH] Addr: 0x2D001790 | Moved: 9.66m | Pos: (3536.32, 1622.49, 104.14)
[18:18:48] [MATCH] Addr: 0x2D001794 | Moved: 9.50m | Pos: (1622.49, 104.14, 0.00)
[18:18:48] [MATCH] Addr: 0x2D0017C8 | Moved: 9.04m | Pos: (3536.97, 1622.99, 105.62)
[18:18:48] [MATCH] Addr: 0x2D0017CC | Moved: 8.69m | Pos: (1622.99, 105.62, 0.00)
[18:18:48] [MATCH] Addr: 0x2D001800 | Moved: 5.75m | Pos: (3536.80, 1622.28, 106.64)
[18:18:48] [MATCH] Addr: 0x2D001804 | Moved: 5.57m | Pos: (1622.28, 106.64, 0.00)
[18:18:48] [MATCH] Addr: 0x2D001838 | Moved: 6.53m | Pos: (3536.99, 1621.75, 105.92)
[18:18:48] [MATCH] Addr: 0x2D00183C | Moved: 6.21m | Pos: (1621.75, 105.92, 0.00)
[18:18:48] [MATCH] Addr: 0x2D001870 | Moved: 4.21m | Pos: (3537.86, 1622.80, 107.18)
[18:18:48] [MATCH] Addr: 0x2D001874 | Moved: 3.89m | Pos: (1622.80, 107.18, 0.00)
[18:18:48] [MATCH] Addr: 0x2D0018A8 | Moved: 4.82m | Pos: (3537.54, 1621.13, 108.27)
[18:18:48] [MATCH] Addr: 0x2D0018AC | Moved: 4.70m | Pos: (1621.13, 108.27, 0.00)
[18:18:48] [MATCH] Addr: 0x2D0018E0 | Moved: 4.61m | Pos: (3538.17, 1622.09, 108.27)
[18:18:48] [MATCH] Addr: 0x2D0018E4 | Moved: 4.10m | Pos: (1622.09, 108.27, 0.00)
[18:18:48] [MATCH] Addr: 0x2D001918 | Moved: 3.56m | Pos: (3539.77, 1622.23, 110.72)
[18:18:48] [MATCH] Addr: 0x2D00191C | Moved: 2.84m | Pos: (1622.23, 110.72, 0.00)
[18:18:48] [MATCH] Addr: 0x2D008C70 | Moved: 58.37m | Pos: (2524.84, 1588.18, 22.41)
[18:18:48] [MATCH] Addr: 0x2D008DC0 | Moved: 41.71m | Pos: (2783.33, 1548.82, 20.04)
[18:18:48] [MATCH] Addr: 0x2D009060 | Moved: 40.69m | Pos: (2388.59, 1919.25, 19.22)
[18:18:48] [MATCH] Addr: 0x2D0091B0 | Moved: 49.32m | Pos: (2696.29, 1595.36, 19.72)
[18:18:48] [MATCH] Addr: 0x2D009300 | Moved: 56.72m | Pos: (2728.01, 1780.09, 16.49)
[18:18:48] [MATCH] Addr: 0x2D009450 | Moved: 54.53m | Pos: (2423.21, 1662.06, 18.48)
[18:18:48] [MATCH] Addr: 0x2D0096F0 | Moved: 37.32m | Pos: (3266.64, 1716.29, 19.61)
[18:18:48] [MATCH] Addr: 0x2D009990 | Moved: 57.75m | Pos: (3339.62, 1797.32, 16.83)
[18:18:48] [MATCH] Addr: 0x2D009AE0 | Moved: 59.20m | Pos: (1257.66, 3392.93, 28.97)
[18:18:48] [MATCH] Addr: 0x2D009C30 | Moved: 33.30m | Pos: (1289.05, 3525.37, 24.38)
[18:18:48] [MATCH] Addr: 0x2D009D80 | Moved: 58.90m | Pos: (1205.19, 3728.03, 20.05)
[18:18:48] [MATCH] Addr: 0x2D00A020 | Moved: 59.24m | Pos: (2477.43, 3354.13, 20.37)
[18:18:48] [MATCH] Addr: 0x2D00A170 | Moved: 56.83m | Pos: (2798.44, 3315.55, 30.80)
[18:18:48] [MATCH] Addr: 0x2D00A2C0 | Moved: 52.89m | Pos: (1326.39, 1636.50, 41.87)
[18:18:48] [MATCH] Addr: 0x2D00A560 | Moved: 59.35m | Pos: (1515.33, 1859.82, 65.70)
[18:18:48] [MATCH] Addr: 0x2D00A564 | Moved: 4.02m | Pos: (1859.82, 65.70, 1.00)
[18:18:48] [MATCH] Addr: 0x2D00A800 | Moved: 55.70m | Pos: (3506.01, 3252.12, 62.60)
[18:18:48] [MATCH] Addr: 0x2D00A804 | Moved: 41.67m | Pos: (3252.12, 62.60, 1.00)
[18:18:48] [MATCH] Addr: 0x2D00A950 | Moved: 57.73m | Pos: (3731.48, 3469.57, 47.90)
[18:18:48] [MATCH] Addr: 0x2D136668 | Moved: 10.29m | Pos: (3312.72, 1520.43, 0.00)
[18:18:48] [MATCH] Addr: 0x2D1E1E10 | Moved: 56.81m | Pos: (2688.61, 1319.37, 63.75)
[18:18:48] [MATCH] Addr: 0x2D1E1F60 | Moved: 57.07m | Pos: (2160.63, 1871.12, 61.36)
[18:18:48] [MATCH] Addr: 0x2D1E1F64 | Moved: 39.24m | Pos: (1871.12, 61.36, 1.00)
[18:18:48] [MATCH] Addr: 0x2D260340 | Moved: 28.19m | Pos: (3286.98, 1527.62, 22.82)
[18:18:48] [MATCH] Addr: 0x2D260360 | Moved: 28.19m | Pos: (3286.98, 1527.62, 22.82)
[18:18:48] [MATCH] Addr: 0x2D4B2490 | Moved: 4.43m | Pos: (3539.15, 1622.24, 109.93)
[18:18:48] [MATCH] Addr: 0x2D4B2494 | Moved: 4.10m | Pos: (1622.24, 109.93, 0.00)
[18:18:48] [MATCH] Addr: 0x2D4B24C8 | Moved: 4.13m | Pos: (3538.67, 1622.05, 109.74)
[18:18:48] [MATCH] Addr: 0x2D4B24CC | Moved: 3.91m | Pos: (1622.05, 109.74, 0.00)
[18:18:48] [MATCH] Addr: 0x2D4B2500 | Moved: 4.57m | Pos: (3539.09, 1621.45, 110.48)
[18:18:48] [MATCH] Addr: 0x2D4B2504 | Moved: 4.37m | Pos: (1621.45, 110.48, 0.00)
[18:18:48] [MATCH] Addr: 0x2D4B2538 | Moved: 2.89m | Pos: (3539.47, 1620.68, 110.92)
[18:18:48] [MATCH] Addr: 0x2D4B253C | Moved: 2.74m | Pos: (1620.68, 110.92, 0.00)
[18:18:48] [MATCH] Addr: 0x2D4B2570 | Moved: 2.83m | Pos: (3539.77, 1620.66, 111.21)
[18:18:48] [MATCH] Addr: 0x2D4B2574 | Moved: 2.69m | Pos: (1620.66, 111.21, 0.00)
[18:18:48] [MATCH] Addr: 0x2D4B25A8 | Moved: 2.64m | Pos: (3540.58, 1621.85, 111.25)
[18:18:48] [MATCH] Addr: 0x2D4B25AC | Moved: 2.05m | Pos: (1621.85, 111.25, 0.00)
[18:18:48] [MATCH] Addr: 0x2D4B25E0 | Moved: 2.13m | Pos: (3540.91, 1621.86, 111.35)
[18:18:48] [MATCH] Addr: 0x2D4B2618 | Moved: 45.15m | Pos: (3530.20, 1625.56, 66.27)
[18:18:48] [MATCH] Addr: 0x2D4B261C | Moved: 44.24m | Pos: (1625.56, 66.27, 0.00)
[18:18:48] [MATCH] Addr: 0x2D4B2650 | Moved: 47.82m | Pos: (3529.74, 1626.19, 64.12)
[18:18:48] [MATCH] Addr: 0x2D4B2654 | Moved: 46.82m | Pos: (1626.19, 64.12, 0.00)
[18:18:48] [MATCH] Addr: 0x2D4B2688 | Moved: 52.53m | Pos: (3530.84, 1625.90, 59.43)
[18:18:48] [MATCH] Addr: 0x2D4B268C | Moved: 51.71m | Pos: (1625.90, 59.43, 0.00)
[18:18:48] [MATCH] Addr: 0x2D4B26C0 | Moved: 48.34m | Pos: (3530.41, 1624.43, 63.92)
[18:18:48] [MATCH] Addr: 0x2D4B26C4 | Moved: 47.37m | Pos: (1624.43, 63.92, 0.00)
[18:18:48] [MATCH] Addr: 0x2D4B26F8 | Moved: 38.37m | Pos: (3530.88, 1625.81, 74.43)
[18:18:48] [MATCH] Addr: 0x2D4B26FC | Moved: 37.26m | Pos: (1625.81, 74.43, 0.00)
[18:18:48] [MATCH] Addr: 0x2D4B2730 | Moved: 46.05m | Pos: (3531.32, 1626.00, 66.53)
[18:18:48] [MATCH] Addr: 0x2D4B2734 | Moved: 45.06m | Pos: (1626.00, 66.53, 0.00)
[18:18:48] [MATCH] Addr: 0x2D4B2768 | Moved: 7.55m | Pos: (3531.52, 1626.06, 75.62)
[18:18:48] [MATCH] Addr: 0x2D4B276C | Moved: 7.46m | Pos: (1626.06, 75.62, 0.00)
[18:18:48] [MATCH] Addr: 0x2D4B27A0 | Moved: 27.47m | Pos: (3532.10, 1624.68, 81.30)
[18:18:48] [MATCH] Addr: 0x2D4B27A4 | Moved: 27.42m | Pos: (1624.68, 81.30, 0.00)
[18:18:48] [MATCH] Addr: 0x2D4B27D8 | Moved: 13.82m | Pos: (3532.28, 1624.46, 77.79)
[18:18:48] [MATCH] Addr: 0x2D4B27DC | Moved: 13.72m | Pos: (1624.46, 77.79, 0.00)
[18:18:48] [MATCH] Addr: 0x2D4B2810 | Moved: 19.67m | Pos: (3532.45, 1624.14, 80.34)
[18:18:48] [MATCH] Addr: 0x2D4B2814 | Moved: 19.62m | Pos: (1624.14, 80.34, 0.00)
[18:18:48] [MATCH] Addr: 0x2D4B2848 | Moved: 18.57m | Pos: (3532.11, 1624.82, 85.36)
[18:18:48] [MATCH] Addr: 0x2D4B284C | Moved: 18.51m | Pos: (1624.82, 85.36, 0.00)
[18:18:48] [MATCH] Addr: 0x2D4B2880 | Moved: 13.93m | Pos: (3532.81, 1623.91, 81.37)
[18:18:48] [MATCH] Addr: 0x2D4B2884 | Moved: 13.76m | Pos: (1623.91, 81.37, 0.00)
[18:18:48] [MATCH] Addr: 0x2D4B28B8 | Moved: 5.16m | Pos: (3533.39, 1624.06, 80.86)
[18:18:48] [MATCH] Addr: 0x2D4B28BC | Moved: 4.56m | Pos: (1624.06, 80.86, 0.00)
[18:18:48] [MATCH] Addr: 0x2D4B28F0 | Moved: 9.77m | Pos: (3533.26, 1623.89, 87.66)
[18:18:48] [MATCH] Addr: 0x2D4B28F4 | Moved: 9.65m | Pos: (1623.89, 87.66, 0.00)
[18:18:48] [MATCH] Addr: 0x2D4B2928 | Moved: 10.44m | Pos: (3534.06, 1623.82, 90.60)
[18:18:48] [MATCH] Addr: 0x2D4B292C | Moved: 10.32m | Pos: (1623.82, 90.60, 0.00)
[18:18:48] [MATCH] Addr: 0x2D4B2960 | Moved: 3.21m | Pos: (3534.40, 1623.85, 87.15)
[18:18:48] [MATCH] Addr: 0x2D4B2964 | Moved: 2.41m | Pos: (1623.85, 87.15, 0.00)
[18:18:48] [MATCH] Addr: 0x2D4B2998 | Moved: 8.53m | Pos: (3534.07, 1623.20, 88.34)
[18:18:48] [MATCH] Addr: 0x2D4B299C | Moved: 8.30m | Pos: (1623.20, 88.34, 0.00)
[18:18:48] [MATCH] Addr: 0x2D4B29D0 | Moved: 6.31m | Pos: (3533.93, 1623.29, 95.88)
[18:18:48] [MATCH] Addr: 0x2D4B29D4 | Moved: 6.30m | Pos: (1623.29, 95.88, 0.00)
[18:18:48] [MATCH] Addr: 0x2D4B2A08 | Moved: 4.69m | Pos: (3535.46, 1624.48, 93.22)
[18:18:48] [MATCH] Addr: 0x2D4B2A0C | Moved: 4.12m | Pos: (1624.48, 93.22, 0.00)
[18:18:48] [MATCH] Addr: 0x2D4B2A40 | Moved: 10.23m | Pos: (3534.94, 1623.43, 96.68)
[18:18:48] [MATCH] Addr: 0x2D4B2A44 | Moved: 10.09m | Pos: (1623.43, 96.68, 0.00)
[18:18:48] [MATCH] Addr: 0x2D4B2A78 | Moved: 12.36m | Pos: (3535.55, 1623.19, 100.01)
[18:18:48] [MATCH] Addr: 0x2D4B2A7C | Moved: 12.25m | Pos: (1623.19, 100.01, 0.00)
[18:18:48] [MATCH] Addr: 0x2D4B2AB0 | Moved: 6.86m | Pos: (3535.31, 1622.40, 97.63)
[18:18:48] [MATCH] Addr: 0x2D4B2AB4 | Moved: 6.79m | Pos: (1622.40, 97.63, 0.00)
[18:18:48] [MATCH] Addr: 0x2D4B2AE8 | Moved: 8.79m | Pos: (3535.90, 1622.81, 100.89)
[18:18:48] [MATCH] Addr: 0x2D4B2AEC | Moved: 8.73m | Pos: (1622.81, 100.89, 0.00)
[18:18:48] [MATCH] Addr: 0x2D4B2B20 | Moved: 10.39m | Pos: (3536.50, 1623.56, 103.90)
[18:18:48] [MATCH] Addr: 0x2D4B2B24 | Moved: 10.09m | Pos: (1623.56, 103.90, 0.00)
[18:18:48] [MATCH] Addr: 0x2D4B2B58 | Moved: 8.61m | Pos: (3536.46, 1623.01, 101.36)
[18:18:48] [MATCH] Addr: 0x2D4B2B5C | Moved: 8.44m | Pos: (1623.01, 101.36, 0.00)
[18:18:48] [MATCH] Addr: 0x2D4B2B90 | Moved: 5.90m | Pos: (3536.57, 1622.87, 104.59)
[18:18:48] [MATCH] Addr: 0x2D4B2B94 | Moved: 5.84m | Pos: (1622.87, 104.59, 0.00)
[18:18:48] [MATCH] Addr: 0x2D4B2BC8 | Moved: 5.39m | Pos: (3537.10, 1623.44, 106.06)
[18:18:48] [MATCH] Addr: 0x2D4B2BCC | Moved: 4.96m | Pos: (1623.44, 106.06, 0.00)
[18:18:48] [MATCH] Addr: 0x2D4B2C00 | Moved: 4.73m | Pos: (3537.64, 1623.10, 105.92)
[18:18:48] [MATCH] Addr: 0x2D4B2C04 | Moved: 4.45m | Pos: (1623.10, 105.92, 0.00)
[18:18:48] [MATCH] Addr: 0x2D4B2C38 | Moved: 5.73m | Pos: (3537.25, 1621.84, 107.51)
[18:18:48] [MATCH] Addr: 0x2D4B2C3C | Moved: 5.51m | Pos: (1621.84, 107.51, 0.00)
[18:18:48] [MATCH] Addr: 0x2D4B2C70 | Moved: 5.08m | Pos: (3537.52, 1621.64, 107.64)
[18:18:48] [MATCH] Addr: 0x2D4B2C74 | Moved: 4.89m | Pos: (1621.64, 107.64, 0.00)
[18:18:48] [MATCH] Addr: 0x2D4B2CA8 | Moved: 6.80m | Pos: (3537.93, 1622.08, 108.83)
[18:18:48] [MATCH] Addr: 0x2D4B2CAC | Moved: 6.57m | Pos: (1622.08, 108.83, 0.00)
[18:18:48] [MATCH] Addr: 0x2D4B2CE0 | Moved: 4.61m | Pos: (3538.50, 1621.89, 108.94)
[18:18:48] [MATCH] Addr: 0x2D4B2CE4 | Moved: 4.00m | Pos: (1621.89, 108.94, 0.00)
[18:18:48] [MATCH] Addr: 0x2D4B2D18 | Moved: 3.82m | Pos: (3539.77, 1622.17, 110.70)
[18:18:48] [MATCH] Addr: 0x2D4B2D1C | Moved: 3.12m | Pos: (1622.17, 110.70, 0.00)
[18:18:48] [MATCH] Addr: 0x2D56509C | Moved: 14.06m | Pos: (3303.27, 1519.42, 20.11)
[18:18:48] [MATCH] Addr: 0x2D5DC60C | Moved: 39.09m | Pos: (3278.70, 1537.20, 25.00)
[18:18:48] [MATCH] Addr: 0x2D6AFB10 | Moved: 4.18m | Pos: (3539.15, 1622.74, 109.98)
[18:18:48] [MATCH] Addr: 0x2D6AFB14 | Moved: 3.71m | Pos: (1622.74, 109.98, 0.00)
[18:18:48] [MATCH] Addr: 0x2D6AFB48 | Moved: 4.81m | Pos: (3538.47, 1621.71, 109.57)
[18:18:48] [MATCH] Addr: 0x2D6AFB4C | Moved: 4.41m | Pos: (1621.71, 109.57, 0.00)
[18:18:48] [MATCH] Addr: 0x2D6AFB80 | Moved: 3.36m | Pos: (3539.07, 1621.63, 110.43)
[18:18:48] [MATCH] Addr: 0x2D6AFB84 | Moved: 2.79m | Pos: (1621.63, 110.43, 0.00)
[18:18:48] [MATCH] Addr: 0x2D6AFBB8 | Moved: 3.03m | Pos: (3539.69, 1621.52, 110.96)
[18:18:48] [MATCH] Addr: 0x2D6AFBBC | Moved: 2.74m | Pos: (1621.52, 110.96, 0.00)
[18:18:48] [MATCH] Addr: 0x2D6AFBF0 | Moved: 2.82m | Pos: (3540.03, 1621.47, 111.13)
[18:18:48] [MATCH] Addr: 0x2D6AFBF4 | Moved: 2.10m | Pos: (1621.47, 111.13, 0.00)
[18:18:48] [MATCH] Addr: 0x2D6AFC28 | Moved: 2.51m | Pos: (3539.95, 1620.53, 111.31)
[18:18:48] [MATCH] Addr: 0x2D6AFC2C | Moved: 2.18m | Pos: (1620.53, 111.31, 0.00)
[18:18:48] [MATCH] Addr: 0x2D6AFC60 | Moved: 2.58m | Pos: (3540.89, 1621.88, 111.34)
[18:18:48] [MATCH] Addr: 0x2D6AFC98 | Moved: 43.85m | Pos: (3527.92, 1625.09, 67.96)
[18:18:48] [MATCH] Addr: 0x2D6AFC9C | Moved: 42.39m | Pos: (1625.09, 67.96, 0.00)
[18:18:48] [MATCH] Addr: 0x2D6AFCD0 | Moved: 43.99m | Pos: (3530.37, 1626.74, 68.03)
[18:18:48] [MATCH] Addr: 0x2D6AFCD4 | Moved: 43.08m | Pos: (1626.74, 68.03, 0.00)
[18:18:48] [MATCH] Addr: 0x2D6AFD08 | Moved: 45.79m | Pos: (3529.69, 1627.01, 66.61)
[18:18:48] [MATCH] Addr: 0x2D6AFD0C | Moved: 44.66m | Pos: (1627.01, 66.61, 0.00)
[18:18:48] [MATCH] Addr: 0x2D6AFD40 | Moved: 45.82m | Pos: (3530.68, 1626.22, 66.65)
[18:18:48] [MATCH] Addr: 0x2D6AFD44 | Moved: 44.90m | Pos: (1626.22, 66.65, 0.00)
[18:18:48] [MATCH] Addr: 0x2D6AFD78 | Moved: 49.26m | Pos: (3530.67, 1625.72, 63.22)
[18:18:48] [MATCH] Addr: 0x2D6AFD7C | Moved: 48.27m | Pos: (1625.72, 63.22, 0.00)
[18:18:48] [MATCH] Addr: 0x2D6AFDB0 | Moved: 46.76m | Pos: (3530.28, 1625.57, 65.99)
[18:18:48] [MATCH] Addr: 0x2D6AFDB4 | Moved: 45.53m | Pos: (1625.57, 65.99, 0.00)
[18:18:48] [MATCH] Addr: 0x2D6AFDE8 | Moved: 17.65m | Pos: (3530.99, 1624.10, 66.76)
[18:18:48] [MATCH] Addr: 0x2D6AFE20 | Moved: 21.14m | Pos: (3531.02, 1626.30, 73.95)
[18:18:48] [MATCH] Addr: 0x2D6AFE24 | Moved: 21.11m | Pos: (1626.30, 73.95, 0.00)
[18:18:48] [MATCH] Addr: 0x2D6AFE58 | Moved: 13.38m | Pos: (3530.50, 1624.18, 73.06)
[18:18:48] [MATCH] Addr: 0x2D6AFE5C | Moved: 13.36m | Pos: (1624.18, 73.06, 0.00)
[18:18:48] [MATCH] Addr: 0x2D6AFE90 | Moved: 27.31m | Pos: (3531.42, 1625.37, 83.25)
[18:18:48] [MATCH] Addr: 0x2D6AFE94 | Moved: 27.30m | Pos: (1625.37, 83.25, 0.00)
[18:18:48] [MATCH] Addr: 0x2D6AFEC8 | Moved: 6.42m | Pos: (3531.19, 1623.89, 74.23)
[18:18:48] [MATCH] Addr: 0x2D6AFECC | Moved: 6.27m | Pos: (1623.89, 74.23, 0.00)
[18:18:48] [MATCH] Addr: 0x2D6AFF00 | Moved: 2.03m | Pos: (3531.85, 1624.84, 78.13)
[18:18:48] [MATCH] Addr: 0x2D6AFF38 | Moved: 13.80m | Pos: (3533.26, 1625.05, 88.04)
[18:18:48] [MATCH] Addr: 0x2D6AFF3C | Moved: 13.60m | Pos: (1625.05, 88.04, 0.00)
[18:18:48] [MATCH] Addr: 0x2D6AFF70 | Moved: 14.72m | Pos: (3532.81, 1624.16, 85.49)
[18:18:48] [MATCH] Addr: 0x2D6AFF74 | Moved: 14.69m | Pos: (1624.16, 85.49, 0.00)
[18:18:48] [MATCH] Addr: 0x2D6AFFA8 | Moved: 20.35m | Pos: (3533.07, 1623.74, 93.62)
[18:18:48] [MATCH] Addr: 0x2D6AFFAC | Moved: 20.31m | Pos: (1623.74, 93.62, 0.00)
[18:18:48] [MATCH] Addr: 0x2D6AFFE0 | Moved: 16.12m | Pos: (3533.94, 1624.22, 90.22)
[18:18:48] [MATCH] Addr: 0x2D6AFFE4 | Moved: 15.86m | Pos: (1624.22, 90.22, 0.00)
[18:18:48] [MATCH] Addr: 0x2D6B0018 | Moved: 10.74m | Pos: (3534.16, 1624.56, 93.46)
[18:18:48] [MATCH] Addr: 0x2D6B001C | Moved: 10.39m | Pos: (1624.56, 93.46, 0.00)
[18:18:48] [MATCH] Addr: 0x2D6B0050 | Moved: 12.47m | Pos: (3534.04, 1623.74, 97.52)
[18:18:48] [MATCH] Addr: 0x2D6B0054 | Moved: 12.37m | Pos: (1623.74, 97.52, 0.00)
[18:18:48] [MATCH] Addr: 0x2D6B0088 | Moved: 11.73m | Pos: (3534.34, 1623.17, 98.21)
[18:18:48] [MATCH] Addr: 0x2D6B008C | Moved: 11.63m | Pos: (1623.17, 98.21, 0.00)
[18:18:48] [MATCH] Addr: 0x2D6B00C0 | Moved: 6.74m | Pos: (3534.64, 1624.07, 97.27)
[18:18:48] [MATCH] Addr: 0x2D6B00C4 | Moved: 6.48m | Pos: (1624.07, 97.27, 0.00)
[18:18:48] [MATCH] Addr: 0x2D6B00F8 | Moved: 7.70m | Pos: (3534.78, 1622.65, 97.72)
[18:18:48] [MATCH] Addr: 0x2D6B00FC | Moved: 7.62m | Pos: (1622.65, 97.72, 0.00)
[18:18:48] [MATCH] Addr: 0x2D6B0130 | Moved: 9.30m | Pos: (3535.23, 1624.01, 99.90)
[18:18:48] [MATCH] Addr: 0x2D6B0134 | Moved: 9.19m | Pos: (1624.01, 99.90, 0.00)
[18:18:48] [MATCH] Addr: 0x2D6B0168 | Moved: 8.70m | Pos: (3536.16, 1624.03, 100.42)
[18:18:48] [MATCH] Addr: 0x2D6B016C | Moved: 8.42m | Pos: (1624.03, 100.42, 0.00)
[18:18:48] [MATCH] Addr: 0x2D6B01A0 | Moved: 8.48m | Pos: (3535.93, 1622.60, 102.75)
[18:18:48] [MATCH] Addr: 0x2D6B01A4 | Moved: 8.28m | Pos: (1622.60, 102.75, 0.00)
[18:18:48] [MATCH] Addr: 0x2D6B01D8 | Moved: 6.61m | Pos: (3536.27, 1623.59, 101.25)
[18:18:48] [MATCH] Addr: 0x2D6B01DC | Moved: 6.25m | Pos: (1623.59, 101.25, 0.00)
[18:18:48] [MATCH] Addr: 0x2D6B0210 | Moved: 9.70m | Pos: (3536.30, 1622.50, 104.07)
[18:18:48] [MATCH] Addr: 0x2D6B0214 | Moved: 9.54m | Pos: (1622.50, 104.07, 0.00)
[18:18:48] [MATCH] Addr: 0x2D6B0248 | Moved: 9.08m | Pos: (3536.95, 1623.00, 105.56)
[18:18:48] [MATCH] Addr: 0x2D6B024C | Moved: 8.74m | Pos: (1623.00, 105.56, 0.00)
[18:18:48] [MATCH] Addr: 0x2D6B0280 | Moved: 5.77m | Pos: (3536.78, 1622.29, 106.59)
[18:18:48] [MATCH] Addr: 0x2D6B0284 | Moved: 5.59m | Pos: (1622.29, 106.59, 0.00)
[18:18:48] [MATCH] Addr: 0x2D6B02B8 | Moved: 6.56m | Pos: (3536.97, 1621.75, 105.86)
[18:18:48] [MATCH] Addr: 0x2D6B02BC | Moved: 6.23m | Pos: (1621.75, 105.86, 0.00)
[18:18:48] [MATCH] Addr: 0x2D6B02F0 | Moved: 4.22m | Pos: (3537.84, 1622.81, 107.12)
[18:18:48] [MATCH] Addr: 0x2D6B02F4 | Moved: 3.90m | Pos: (1622.81, 107.12, 0.00)
[18:18:48] [MATCH] Addr: 0x2D6B0328 | Moved: 4.83m | Pos: (3537.52, 1621.14, 108.23)
[18:18:48] [MATCH] Addr: 0x2D6B032C | Moved: 4.72m | Pos: (1621.14, 108.23, 0.00)
[18:18:48] [MATCH] Addr: 0x2D6B0360 | Moved: 4.63m | Pos: (3538.15, 1622.10, 108.22)
[18:18:48] [MATCH] Addr: 0x2D6B0364 | Moved: 4.12m | Pos: (1622.10, 108.22, 0.00)
[18:18:48] [MATCH] Addr: 0x2D6B0398 | Moved: 3.59m | Pos: (3539.75, 1622.24, 110.70)
[18:18:48] [MATCH] Addr: 0x2D6B039C | Moved: 2.87m | Pos: (1622.24, 110.70, 0.00)
[18:18:48] [MATCH] Addr: 0x2D6E575C | Moved: 39.09m | Pos: (3278.70, 1537.20, 25.00)
[18:18:48] [MATCH] Addr: 0x2D967738 | Moved: 59.72m | Pos: (3253.40, 1523.39, 13.33)
[18:18:48] [MATCH] Addr: 0x2D967790 | Moved: 6.87m | Pos: (3305.24, 1520.08, 18.82)
[18:18:48] [MATCH] Addr: 0x2D9677D0 | Moved: 6.87m | Pos: (3305.24, 1520.08, 18.82)
[18:18:48] [MATCH] Addr: 0x2D9677E8 | Moved: 7.14m | Pos: (3304.55, 1518.74, 18.32)
[18:18:48] [MATCH] Addr: 0x2D9679D8 | Moved: 7.14m | Pos: (3304.55, 1518.74, 18.32)
[18:18:48] [MATCH] Addr: 0x2D967B18 | Moved: 7.62m | Pos: (3312.76, 1524.62, 14.33)
[18:18:48] [MATCH] Addr: 0x2D967B70 | Moved: 7.87m | Pos: (3306.85, 1523.18, 21.82)
[18:18:48] [MATCH] Addr: 0x2D967BB0 | Moved: 7.87m | Pos: (3306.85, 1523.18, 21.82)
[18:18:48] [MATCH] Addr: 0x2D967BC8 | Moved: 7.14m | Pos: (3304.55, 1518.74, 18.32)
[18:18:48] [MATCH] Addr: 0x2F86F750 | Moved: 6.91m | Pos: (3315.89, 1524.10, 21.27)
[18:18:48] [MATCH] Addr: 0x2F985668 | Moved: 39.11m | Pos: (3278.75, 1537.07, 23.33)
[18:18:48] [MATCH] Addr: 0x2F9856A0 | Moved: 39.11m | Pos: (3183.12, 1566.31, 23.33)
[18:18:48] [MATCH] Addr: 0x2FEAF4DC | Moved: 39.09m | Pos: (3278.70, 1537.20, 25.00)
[18:18:48] [MATCH] Addr: 0x2FED8B60 | Moved: 55.68m | Pos: (3164.91, 1689.57, 40.22)
[18:18:48] [MATCH] Addr: 0x2FF68170 | Moved: 28.19m | Pos: (3286.98, 1527.62, 22.82)
[18:18:48] [MATCH] Addr: 0x2FF68190 | Moved: 28.19m | Pos: (3286.98, 1527.62, 22.82)
[18:18:48] [MATCH] Addr: 0x2FF6BBEC | Moved: 43.15m | Pos: (3278.70, 1537.20, 25.00)
[18:18:48] [MATCH] Addr: 0x2FFC10DC | Moved: 39.09m | Pos: (3278.70, 1537.20, 25.00)
[18:18:48] [MATCH] Addr: 0x301F4ABC | Moved: 39.11m | Pos: (3278.75, 1537.07, 23.33)
[18:18:48] [MATCH] Addr: 0x301F4CF0 | Moved: 39.14m | Pos: (3278.66, 1537.16, 25.06)
[18:18:48] [MATCH] Addr: 0x3022DDCC | Moved: 39.09m | Pos: (3278.70, 1537.20, 25.00)
[18:18:48] [MATCH] Addr: 0x30259020 | Moved: 39.09m | Pos: (3278.76, 1537.07, 24.32)
[18:18:48] [MATCH] Addr: 0x302592C0 | Moved: 39.09m | Pos: (3278.76, 1537.07, 24.32)
[18:18:48] [MATCH] Addr: 0x30259560 | Moved: 39.23m | Pos: (3278.58, 1536.99, 24.33)
[18:18:48] [MATCH] Addr: 0x30259800 | Moved: 39.09m | Pos: (3278.91, 1536.91, 24.96)
[18:18:48] [MATCH] Addr: 0x30259AA0 | Moved: 39.09m | Pos: (3278.76, 1537.07, 24.32)
[18:18:48] [MATCH] Addr: 0x30259D40 | Moved: 39.32m | Pos: (3278.47, 1536.93, 24.33)
[18:18:48] [MATCH] Addr: 0x30259FE0 | Moved: 39.09m | Pos: (3278.76, 1537.07, 24.32)
[18:18:48] [MATCH] Addr: 0x3025A7C0 | Moved: 39.00m | Pos: (3278.68, 1537.40, 24.78)
[18:18:48] [MATCH] Addr: 0x3026AA94 | Moved: 4.46m | Pos: (2055.53, 1662.36, 111.06)
[18:18:48] [MATCH] Addr: 0x3029AEDC | Moved: 43.15m | Pos: (3278.70, 1537.20, 25.00)
[18:18:48] [MATCH] Addr: 0x3030A840 | Moved: 5.38m | Pos: (3318.75, 1521.93, 21.12)
[18:18:48] [MATCH] Addr: 0x3030C340 | Moved: 5.38m | Pos: (3318.76, 1521.93, 21.11)
[18:18:48] [MATCH] Addr: 0x3037B4EC | Moved: 7.38m | Pos: (512.02, 1670.01, 0.00)
[18:18:48] [MATCH] Addr: 0x303EBF0C | Moved: 39.09m | Pos: (3278.70, 1537.20, 25.00)
[18:18:48] [MATCH] Addr: 0x30549950 | Moved: 39.09m | Pos: (3278.70, 1537.20, 25.00)
[18:18:48] [MATCH] Addr: 0x30549AC0 | Moved: 39.09m | Pos: (3278.70, 1537.20, 25.00)
[18:18:48] [MATCH] Addr: 0x30549C30 | Moved: 39.09m | Pos: (3278.70, 1537.20, 25.00)
[18:18:48] [MATCH] Addr: 0x30549DA0 | Moved: 39.09m | Pos: (3278.70, 1537.20, 25.00)
[18:18:48] [MATCH] Addr: 0x30549F10 | Moved: 14.06m | Pos: (3303.27, 1519.42, 20.11)
[18:18:48] [MATCH] Addr: 0x3054A080 | Moved: 39.09m | Pos: (3278.70, 1537.20, 25.00)
[18:18:48] [MATCH] Addr: 0x3054A360 | Moved: 39.09m | Pos: (3278.70, 1537.20, 25.00)
[18:18:48] [MATCH] Addr: 0x3054A640 | Moved: 39.09m | Pos: (3278.70, 1537.20, 25.00)
[18:18:48] [MATCH] Addr: 0x3054A920 | Moved: 39.09m | Pos: (3278.70, 1537.20, 25.00)
[18:18:48] [MATCH] Addr: 0x3054AA90 | Moved: 39.09m | Pos: (3278.70, 1537.20, 25.00)
[18:18:48] [MATCH] Addr: 0x3054AC00 | Moved: 39.09m | Pos: (3278.70, 1537.20, 25.00)
[18:18:48] [MATCH] Addr: 0x3054AD70 | Moved: 32.59m | Pos: (3282.95, 1531.72, 23.77)
[18:18:48] [MATCH] Addr: 0x3054AEE0 | Moved: 39.09m | Pos: (3278.70, 1537.20, 25.00)
[18:18:48] [SCAN-F2] Filter complete: 1435 surviving address(es) found!
[18:18:48] [TRACK] Automatically tracking best match: 0x00709D78
[18:18:49] [LIVE-POS] Player: X=0.00, Y=0.00, Z=-0.00
[18:18:50] [LIVE-POS] Player: X=0.00, Y=0.00, Z=-0.00
[18:18:51] [LIVE-POS] Player: X=0.00, Y=0.00, Z=-0.00
[18:18:52] [LIVE-POS] Player: X=0.00, Y=0.00, Z=-0.00
[18:18:53] [LIVE-POS] Player: X=0.00, Y=0.00, Z=-0.00
[18:18:53] [SHUTDOWN] Mod DLL detaching from process.
[18:21:12] [INIT] binkw32 proxy attached (PID: 356)
[18:21:14] =========================================
[18:21:14] Far Cry 2 Co-op Mod - Memory Scanner v2 Initialized
[18:21:14] Controls: [F1] = Scan Point A | [F2] = Filter (can press multiple times) | [F3] = Toggle Tracking
[18:21:14] =========================================
[18:21:14] [SUCCESS] Dunia.dll at 0x10000000
[18:21:14] [INFO] FarCry2.exe at 0x00400000
[18:21:38] =========================================
[18:21:38] [SCAN-F1] Capturing Point A (Initial positions)...
[18:21:38] [SCAN-F1] Captured 300000 candidates. Walk 10-20m and press F2 to filter.
[18:21:42] =========================================
[18:21:42] [SCAN-F2] Filtering 300000 candidates...
[18:21:43] [SCAN-F2] Filter complete: 1759 survivors remaining.
[18:21:43] [CANDIDATE #1] Addr: 0x010C7384 | Pos: (144.21, 147.40, 126.25)
[18:21:43] [CANDIDATE #2] Addr: 0x01E0BF30 | Pos: (142.57, 140.80, 150.74)
[18:21:43] [CANDIDATE #3] Addr: 0x01E0BF34 | Pos: (140.80, 150.74, 142.09)
[18:21:43] [CANDIDATE #4] Addr: 0x01E0BF38 | Pos: (150.74, 142.09, 139.01)
[18:21:43] [CANDIDATE #5] Addr: 0x01E0BF3C | Pos: (142.09, 139.01, 146.64)
[18:21:43] [LOCKED] Tracking Addr: 0x010C7384. (You can walk further and press F2 again to narrow down further)
[18:21:43] [PLAYER-POS] X = 144.091 | Y = 142.503 | Z = 127.248
[18:21:44] [PLAYER-POS] X = 144.082 | Y = 150.078 | Z = 133.159
[18:21:44] [PLAYER-POS] X = 144.378 | Y = 146.666 | Z = 131.008
[18:21:45] [PLAYER-POS] X = 144.357 | Y = 150.243 | Z = 122.585
[18:21:45] [PLAYER-POS] X = 144.333 | Y = 147.070 | Z = 122.374
[18:21:46] [PLAYER-POS] X = 144.129 | Y = 151.655 | Z = 128.564
[18:21:46] [PLAYER-POS] X = 144.165 | Y = 143.579 | Z = 128.564
[18:21:46] =========================================
[18:21:46] [SCAN-F2] Filtering 1759 candidates...
[18:21:46] [SCAN-F2] Filter complete: 1405 survivors remaining.
[18:21:46] [CANDIDATE #1] Addr: 0x010C7384 | Pos: (144.11, 141.97, 130.51)
[18:21:46] [CANDIDATE #2] Addr: 0x01E0BF30 | Pos: (140.83, 144.15, 150.94)
[18:21:46] [CANDIDATE #3] Addr: 0x01E0BF34 | Pos: (144.15, 150.94, 133.34)
[18:21:46] [CANDIDATE #4] Addr: 0x01E0BF38 | Pos: (150.94, 133.34, 151.66)
[18:21:46] [CANDIDATE #5] Addr: 0x01E0BF3C | Pos: (133.34, 151.66, 147.97)
[18:21:46] [LOCKED] Tracking Addr: 0x010C7384. (You can walk further and press F2 again to narrow down further)
[18:21:47] [PLAYER-POS] X = 144.263 | Y = 142.992 | Z = 128.984
[18:21:47] [PLAYER-POS] X = 144.187 | Y = 145.406 | Z = 127.698
[18:21:48] [PLAYER-POS] X = 144.313 | Y = 142.684 | Z = 125.859
[18:21:48] [PLAYER-POS] X = 144.075 | Y = 144.841 | Z = 131.216
[18:21:49] [PLAYER-POS] X = 146.843 | Y = 143.078 | Z = 61.705
[18:21:49] [PLAYER-POS] X = 144.206 | Y = 146.499 | Z = 126.008
[18:21:50] [PLAYER-POS] X = 144.251 | Y = 145.654 | Z = 132.503
[18:21:50] =========================================
[18:21:50] [SCAN-F2] Filtering 1405 candidates...
[18:21:50] [SCAN-F2] Filter complete: 1193 survivors remaining.
[18:21:50] [CANDIDATE #1] Addr: 0x010C7384 | Pos: (144.33, 146.90, 116.59)
[18:21:50] [CANDIDATE #2] Addr: 0x01E0BF30 | Pos: (140.77, 142.71, 154.82)
[18:21:50] [CANDIDATE #3] Addr: 0x01E0BF34 | Pos: (142.71, 154.82, 138.51)
[18:21:50] [CANDIDATE #4] Addr: 0x01E0BF38 | Pos: (154.82, 138.51, 141.01)
[18:21:50] [CANDIDATE #5] Addr: 0x01E0BF3C | Pos: (138.51, 141.01, 141.90)
[18:21:50] [LOCKED] Tracking Addr: 0x010C7384. (You can walk further and press F2 again to narrow down further)
[18:21:50] [PLAYER-POS] X = 144.511 | Y = 148.639 | Z = 116.588
[18:21:51] [PLAYER-POS] X = 144.621 | Y = 166.631 | Z = 120.067
[18:21:51] [PLAYER-POS] X = 144.499 | Y = 142.383 | Z = 125.103
[18:21:52] [PLAYER-POS] X = 144.270 | Y = 147.686 | Z = 127.567
[18:21:52] [PLAYER-POS] X = 144.200 | Y = 141.423 | Z = 130.395
[18:21:53] [PLAYER-POS] X = 144.439 | Y = 143.897 | Z = 121.409
[18:21:53] [PLAYER-POS] X = 145.289 | Y = 183.439 | Z = 87.852
[18:21:53] =========================================
[18:21:53] [SCAN-F2] Filtering 1193 candidates...
[18:21:53] [SCAN-F2] Filter complete: 1083 survivors remaining.
[18:21:53] [CANDIDATE #1] Addr: 0x010C7384 | Pos: (145.27, 144.17, 87.85)
[18:21:53] [CANDIDATE #2] Addr: 0x01E0BF30 | Pos: (142.99, 143.86, 147.20)
[18:21:53] [CANDIDATE #3] Addr: 0x01E0BF34 | Pos: (143.86, 147.20, 141.35)
[18:21:53] [CANDIDATE #4] Addr: 0x01E0BF38 | Pos: (147.20, 141.35, 147.12)
[18:21:53] [CANDIDATE #5] Addr: 0x01E0BF3C | Pos: (141.35, 147.12, 142.71)
[18:21:53] [LOCKED] Tracking Addr: 0x010C7384. (You can walk further and press F2 again to narrow down further)
[18:21:54] [PLAYER-POS] X = 145.411 | Y = 139.974 | Z = 87.852
[18:21:54] [PLAYER-POS] X = 144.459 | Y = 142.680 | Z = 126.312
[18:21:55] [PLAYER-POS] X = 144.374 | Y = 141.295 | Z = 127.639
[18:21:55] [PLAYER-POS] X = 144.787 | Y = 137.694 | Z = 113.854
[18:21:56] [PLAYER-POS] X = 144.897 | Y = 158.258 | Z = 116.930
[18:21:56] [PLAYER-POS] X = 146.126 | Y = 143.889 | Z = 97.322
[18:21:57] [PLAYER-POS] X = 144.248 | Y = 143.980 | Z = 127.405
[18:21:57] [PLAYER-POS] X = 144.323 | Y = 142.377 | Z = 130.098
[18:21:58] [PLAYER-POS] X = 144.428 | Y = 182.322 | Z = 119.888
[18:21:58] [PLAYER-POS] X = 144.480 | Y = 148.192 | Z = 119.888
[18:21:59] [PLAYER-POS] X = 144.237 | Y = 142.590 | Z = 127.925
[18:21:59] =========================================
[18:21:59] [SCAN-F2] Filtering 1083 candidates...
[18:21:59] [SCAN-F2] Filter complete: 1056 survivors remaining.
[18:21:59] [CANDIDATE #1] Addr: 0x010C7384 | Pos: (144.18, 138.94, 127.92)
[18:21:59] [CANDIDATE #2] Addr: 0x01E0BF30 | Pos: (144.23, 145.64, 138.94)
[18:21:59] [CANDIDATE #3] Addr: 0x01E0BF34 | Pos: (145.64, 138.94, 137.30)
[18:21:59] [CANDIDATE #4] Addr: 0x01E0BF38 | Pos: (138.94, 137.30, 132.58)
[18:21:59] [CANDIDATE #5] Addr: 0x01E0BF3C | Pos: (137.30, 132.58, 150.98)
[18:21:59] [LOCKED] Tracking Addr: 0x010C7384. (You can walk further and press F2 again to narrow down further)
[18:21:59] [PLAYER-POS] X = 144.218 | Y = 146.688 | Z = 133.847
[18:22:00] [PLAYER-POS] X = 144.009 | Y = 142.045 | Z = 131.353
[18:22:00] [PLAYER-POS] X = 144.361 | Y = 154.557 | Z = 124.916
[18:22:01] [PLAYER-POS] X = 144.656 | Y = 149.566 | Z = 122.564
[18:22:01] [PLAYER-POS] X = 144.486 | Y = 143.596 | Z = 129.222
[18:22:02] [PLAYER-POS] X = 144.329 | Y = 143.419 | Z = 126.022
[18:22:02] [PLAYER-POS] X = 144.195 | Y = 156.600 | Z = 129.934
[18:22:03] [SHUTDOWN] Detaching.
[18:24:46] [INIT] binkw32 proxy attached (PID: 356)
[18:24:48] =========================================
[18:24:48] Far Cry 2 Co-op Mod - Smart Scanner v3 Initialized
[18:24:48] Controls: [F1] = Scan on stop | [F2] = Filter on stop | [F3] = Toggle Tracking
[18:24:48] =========================================
[18:24:48] [SUCCESS] Dunia.dll at 0x10000000
[18:24:48] [INFO] FarCry2.exe at 0x00400000
[18:25:07] =========================================
[18:25:07] [SCAN-F1] Step 1: Searching for stationary coordinates...
[18:25:08] [SCAN-F1] Step 2: Testing stability (filtering audio/sound noise)...
[18:25:08] [SCAN-F1] Found 144437 rock-solid stationary candidates! (Noise eliminated)
[18:25:08] [SCAN-F1] >>> Now walk 10-20 meters, STOP, and press F2. <<<
[18:25:12] =========================================
[18:25:12] [SCAN-F2] Checking which stationary candidates moved with player...
[18:25:12] [PLAYER MATCH] Addr: 0x03F59A6C | Moved: 9.56m | Pos: (3307.92, 1517.03, 19.85)
[18:25:12] [PLAYER MATCH] Addr: 0x03F59A8C | Moved: 9.56m | Pos: (3307.92, 1517.03, 19.85)
[18:25:12] [PLAYER MATCH] Addr: 0x03F79C6C | Moved: 9.56m | Pos: (3307.92, 1517.03, 19.85)
[18:25:12] [PLAYER MATCH] Addr: 0x03F79C8C | Moved: 9.56m | Pos: (3307.92, 1517.03, 19.85)
[18:25:12] [PLAYER MATCH] Addr: 0x05B10ED0 | Moved: 33.86m | Pos: (3233.80, 1586.90, 48.01)
[18:25:12] [PLAYER MATCH] Addr: 0x05B10EF4 | Moved: 32.75m | Pos: (3233.61, 1587.34, 62.71)
[18:25:12] [PLAYER MATCH] Addr: 0x05B10F10 | Moved: 32.75m | Pos: (3233.61, 1587.34, 62.71)
[18:25:12] [PLAYER MATCH] Addr: 0x05B10F80 | Moved: 33.86m | Pos: (3233.80, 1586.90, 48.01)
[18:25:12] [PLAYER MATCH] Addr: 0x05B10FF8 | Moved: 32.75m | Pos: (3233.61, 1587.34, 62.71)
[18:25:12] [PLAYER MATCH] Addr: 0x05B1DFD8 | Moved: 15.47m | Pos: (3304.70, 1512.00, 18.38)
[18:25:12] [PLAYER MATCH] Addr: 0x05B1E020 | Moved: 15.47m | Pos: (3304.70, 1512.00, 18.38)
[18:25:12] [PLAYER MATCH] Addr: 0x05B1E0C4 | Moved: 45.68m | Pos: (1153.72, 1772.22, -0.00)
[18:25:12] [PLAYER MATCH] Addr: 0x05B1E14C | Moved: 27.58m | Pos: (1430.34, 429.31, 1.68)
[18:25:12] [PLAYER MATCH] Addr: 0x05B1E178 | Moved: 27.58m | Pos: (1430.34, 429.31, 116.37)
[18:25:12] [PLAYER MATCH] Addr: 0x05B1E338 | Moved: 13.79m | Pos: (715.17, 232.74, 116.37)
[18:25:12] [PLAYER MATCH] Addr: 0x05B1E624 | Moved: 19.62m | Pos: (1144.48, 1144.48, 0.00)
[18:25:12] [PLAYER MATCH] Addr: 0x05B1E654 | Moved: 9.56m | Pos: (3307.92, 1517.03, 19.85)
[18:25:12] [PLAYER MATCH] Addr: 0x05B1EFE0 | Moved: 9.56m | Pos: (3307.92, 1517.03, 19.85)
[18:25:12] [PLAYER MATCH] Addr: 0x05B1F1D0 | Moved: 9.56m | Pos: (3307.92, 1517.03, 12.15)
[18:25:12] [PLAYER MATCH] Addr: 0x05B1FBA0 | Moved: 9.56m | Pos: (3307.92, 1517.03, 19.85)
[18:25:12] [PLAYER MATCH] Addr: 0x05B1FCB0 | Moved: 9.56m | Pos: (3307.92, 1517.03, 19.85)
[18:25:12] [PLAYER MATCH] Addr: 0x05B1FDFC | Moved: 9.56m | Pos: (3307.92, 1517.03, 19.85)
[18:25:12] [PLAYER MATCH] Addr: 0x05E09068 | Moved: 9.56m | Pos: (3307.92, 1517.03, 19.85)
[18:25:12] [PLAYER MATCH] Addr: 0x05E540F0 | Moved: 9.56m | Pos: (3307.92, 1517.03, 19.85)
[18:25:12] [PLAYER MATCH] Addr: 0x119F00F0 | Moved: 10.18m | Pos: (3308.01, 1517.00, 18.19)
[18:25:12] [PLAYER MATCH] Addr: 0x11EFEDF0 | Moved: 10.16m | Pos: (3308.04, 1517.00, 18.14)
[18:25:12] [PLAYER MATCH] Addr: 0x11EFEF20 | Moved: 9.52m | Pos: (3308.06, 1517.00, 18.64)
[18:25:12] [PLAYER MATCH] Addr: 0x11EFEF94 | Moved: 10.20m | Pos: (3309.00, 1518.00, 18.10)
[18:25:12] [PLAYER MATCH] Addr: 0x11EFEFE0 | Moved: 9.53m | Pos: (3308.04, 1517.00, 18.19)
[18:25:12] [PLAYER MATCH] Addr: 0x11EFF030 | Moved: 10.12m | Pos: (3308.04, 1517.00, 18.19)
[18:25:12] [PLAYER MATCH] Addr: 0x11EFF090 | Moved: 9.52m | Pos: (3308.06, 1517.00, 18.64)
[18:25:12] [PLAYER MATCH] Addr: 0x11EFF0A0 | Moved: 9.52m | Pos: (3308.06, 1517.00, 19.54)
[18:25:12] [PLAYER MATCH] Addr: 0x11EFF0B0 | Moved: 10.20m | Pos: (3309.00, 1518.00, 18.10)
[18:25:12] [PLAYER MATCH] Addr: 0x11EFF0C0 | Moved: 10.20m | Pos: (3308.00, 1518.00, 18.14)
[18:25:12] [PLAYER MATCH] Addr: 0x11EFF0D0 | Moved: 10.20m | Pos: (3309.00, 1517.00, 18.11)
[18:25:12] [PLAYER MATCH] Addr: 0x11EFF140 | Moved: 9.53m | Pos: (3308.04, 1517.00, 18.19)
[18:25:12] [PLAYER MATCH] Addr: 0x11EFF180 | Moved: 9.53m | Pos: (3308.04, 1517.00, 18.19)
[18:25:12] [PLAYER MATCH] Addr: 0x11EFF2AC | Moved: 10.20m | Pos: (1517.00, 3308.00, 0.00)
[18:25:12] [PLAYER MATCH] Addr: 0x11EFF800 | Moved: 9.52m | Pos: (3308.06, 1517.00, 0.00)
[18:25:12] [PLAYER MATCH] Addr: 0x11EFF840 | Moved: 9.52m | Pos: (3307.46, 1516.40, 18.04)
[18:25:12] [PLAYER MATCH] Addr: 0x11EFF850 | Moved: 9.52m | Pos: (3308.66, 1517.60, 20.14)
[18:25:12] [PLAYER MATCH] Addr: 0x11EFF890 | Moved: 9.52m | Pos: (3308.06, 1517.00, 18.19)
[18:25:12] [PLAYER MATCH] Addr: 0x11EFF900 | Moved: 9.52m | Pos: (3308.06, 1517.00, 18.19)
[18:25:12] [PLAYER MATCH] Addr: 0x11EFF9C0 | Moved: 9.52m | Pos: (3308.06, 1517.00, 19.75)
[18:25:12] [PLAYER MATCH] Addr: 0x11EFFA10 | Moved: 9.56m | Pos: (3308.01, 1516.99, 18.19)
[18:25:12] [PLAYER MATCH] Addr: 0x11EFFA40 | Moved: 9.54m | Pos: (3308.03, 1516.98, 18.19)
[18:25:12] [PLAYER MATCH] Addr: 0x11EFFA70 | Moved: 9.52m | Pos: (3308.04, 1516.99, 18.19)
[18:25:12] [PLAYER MATCH] Addr: 0x11EFFAA0 | Moved: 9.56m | Pos: (3308.01, 1517.00, 18.19)
[18:25:12] [PLAYER MATCH] Addr: 0x11EFFDE0 | Moved: 9.52m | Pos: (3308.06, 1517.00, 18.19)
[18:25:12] [PLAYER MATCH] Addr: 0x11EFFDF0 | Moved: 9.52m | Pos: (3308.06, 1517.00, 18.64)
[18:25:12] [PLAYER MATCH] Addr: 0x11EFFE00 | Moved: 9.52m | Pos: (3308.06, 1517.00, 19.54)
[18:25:12] [PLAYER MATCH] Addr: 0x11EFFE40 | Moved: 9.52m | Pos: (3307.61, 1516.55, 18.19)
[18:25:12] [PLAYER MATCH] Addr: 0x11EFFE50 | Moved: 9.52m | Pos: (3308.51, 1517.45, 19.99)
[18:25:12] [PLAYER MATCH] Addr: 0x11EFFE8C | Moved: 9.52m | Pos: (3308.51, 1517.45, 0.00)
[18:25:12] [PLAYER MATCH] Addr: 0x11FB9584 | Moved: 9.56m | Pos: (3307.92, 1517.03, 19.85)
[18:25:12] [PLAYER MATCH] Addr: 0x11FD1840 | Moved: 9.56m | Pos: (3307.92, 1517.03, 19.85)
[18:25:12] [PLAYER MATCH] Addr: 0x11FD1850 | Moved: 9.60m | Pos: (3307.82, 1516.92, 19.90)
[18:25:12] [PLAYER MATCH] Addr: 0x11FD185C | Moved: 9.55m | Pos: (3307.81, 1517.13, 19.90)
[18:25:12] [PLAYER MATCH] Addr: 0x11FD1868 | Moved: 9.57m | Pos: (3307.82, 1516.92, 19.79)
[18:25:12] [PLAYER MATCH] Addr: 0x11FD1874 | Moved: 9.51m | Pos: (3307.82, 1517.13, 19.79)
[18:25:12] [PLAYER MATCH] Addr: 0x11FD18B0 | Moved: 9.56m | Pos: (3307.92, 1517.03, 19.85)
[18:25:12] [PLAYER MATCH] Addr: 0x11FD18BC | Moved: 9.56m | Pos: (3307.92, 1517.03, 19.85)
[18:25:12] [PLAYER MATCH] Addr: 0x11FD19B0 | Moved: 9.56m | Pos: (3307.92, 1517.03, 19.85)
[18:25:12] [PLAYER MATCH] Addr: 0x11FD1AC0 | Moved: 9.56m | Pos: (3307.92, 1517.03, 19.85)
[18:25:12] [PLAYER MATCH] Addr: 0x11FD1C0C | Moved: 9.56m | Pos: (3307.92, 1517.03, 19.85)
[18:25:12] [PLAYER MATCH] Addr: 0x11FD1C1C | Moved: 9.60m | Pos: (3307.82, 1516.92, 19.90)
[18:25:12] [PLAYER MATCH] Addr: 0x11FD1C28 | Moved: 9.55m | Pos: (3307.81, 1517.13, 19.90)
[18:25:12] [PLAYER MATCH] Addr: 0x11FD1C34 | Moved: 9.57m | Pos: (3307.82, 1516.92, 19.79)
[18:25:12] [PLAYER MATCH] Addr: 0x11FD1C40 | Moved: 9.51m | Pos: (3307.82, 1517.13, 19.79)
[18:25:12] [PLAYER MATCH] Addr: 0x11FD2660 | Moved: 9.56m | Pos: (3307.92, 1517.03, 19.85)
[18:25:12] [PLAYER MATCH] Addr: 0x11FD2670 | Moved: 9.56m | Pos: (3307.92, 1517.03, 19.85)
[18:25:12] [PLAYER MATCH] Addr: 0x11FD27A8 | Moved: 9.56m | Pos: (3307.92, 1517.03, 19.85)
[18:25:12] [PLAYER MATCH] Addr: 0x11FD27B8 | Moved: 9.60m | Pos: (3307.82, 1516.92, 19.90)
[18:25:12] [PLAYER MATCH] Addr: 0x11FD27C4 | Moved: 9.55m | Pos: (3307.81, 1517.13, 19.90)
[18:25:12] [PLAYER MATCH] Addr: 0x11FD27D0 | Moved: 9.57m | Pos: (3307.82, 1516.92, 19.79)
[18:25:12] [PLAYER MATCH] Addr: 0x11FD27DC | Moved: 9.51m | Pos: (3307.82, 1517.13, 19.79)
[18:25:12] [PLAYER MATCH] Addr: 0x11FD2900 | Moved: 9.56m | Pos: (3307.92, 1517.03, 19.85)
[18:25:12] [PLAYER MATCH] Addr: 0x11FD2A10 | Moved: 9.56m | Pos: (3307.92, 1517.03, 19.85)
[18:25:12] [PLAYER MATCH] Addr: 0x11FD2B5C | Moved: 9.56m | Pos: (3307.92, 1517.03, 19.85)
[18:25:12] [PLAYER MATCH] Addr: 0x11FD2B6C | Moved: 9.60m | Pos: (3307.82, 1516.92, 19.90)
[18:25:12] [PLAYER MATCH] Addr: 0x11FD2B78 | Moved: 9.55m | Pos: (3307.81, 1517.13, 19.90)
[18:25:12] [PLAYER MATCH] Addr: 0x11FD2B84 | Moved: 9.57m | Pos: (3307.82, 1516.92, 19.79)
[18:25:12] [PLAYER MATCH] Addr: 0x11FD2B90 | Moved: 9.51m | Pos: (3307.82, 1517.13, 19.79)
[18:25:12] [PLAYER MATCH] Addr: 0x12000180 | Moved: 58.03m | Pos: (3205.74, 1511.00, 84.32)
[18:25:12] [PLAYER MATCH] Addr: 0x120001AC | Moved: 50.85m | Pos: (3256.37, 1510.32, 79.69)
[18:25:12] [PLAYER MATCH] Addr: 0x120001D8 | Moved: 45.85m | Pos: (3211.57, 1519.95, 81.15)
[18:25:12] [PLAYER MATCH] Addr: 0x12000204 | Moved: 39.00m | Pos: (3249.14, 1527.29, 73.73)
[18:25:12] [PLAYER MATCH] Addr: 0x12000230 | Moved: 47.20m | Pos: (3239.89, 1481.08, 76.28)
[18:25:12] [PLAYER MATCH] Addr: 0x1200025C | Moved: 21.53m | Pos: (3229.21, 1499.50, 79.48)
[18:25:12] [PLAYER MATCH] Addr: 0x120002B4 | Moved: 19.34m | Pos: (3220.70, 1516.86, 79.33)
[18:25:12] [PLAYER MATCH] Addr: 0x120002E0 | Moved: 29.54m | Pos: (3235.65, 1509.58, 78.99)
[18:25:12] [PLAYER MATCH] Addr: 0x1200030C | Moved: 53.98m | Pos: (3256.05, 1510.37, 74.91)
[18:25:12] [PLAYER MATCH] Addr: 0x12000338 | Moved: 13.43m | Pos: (3228.36, 1527.88, 79.67)
[18:25:12] [PLAYER MATCH] Addr: 0x12000364 | Moved: 21.97m | Pos: (3245.67, 1527.82, 71.94)
[18:25:12] [PLAYER MATCH] Addr: 0x12000390 | Moved: 21.26m | Pos: (3257.37, 1529.48, 65.67)
[18:25:12] [PLAYER MATCH] Addr: 0x120003BC | Moved: 51.55m | Pos: (3207.19, 1483.55, 95.30)
[18:25:12] [PLAYER MATCH] Addr: 0x120003E8 | Moved: 53.48m | Pos: (3225.57, 1481.29, 88.99)
[18:25:12] [PLAYER MATCH] Addr: 0x12000414 | Moved: 59.68m | Pos: (3212.95, 1497.17, 89.03)
[18:25:12] [PLAYER MATCH] Addr: 0x12000440 | Moved: 32.69m | Pos: (3212.42, 1512.86, 81.79)
[18:25:12] [PLAYER MATCH] Addr: 0x1200046C | Moved: 50.36m | Pos: (3205.44, 1527.05, 82.85)
[18:25:12] [PLAYER MATCH] Addr: 0x12000498 | Moved: 58.03m | Pos: (3216.25, 1524.92, 81.85)
[18:25:12] [PLAYER MATCH] Addr: 0x120004C4 | Moved: 39.67m | Pos: (3237.23, 1527.55, 81.15)
[18:25:12] [PLAYER MATCH] Addr: 0x120004F0 | Moved: 55.45m | Pos: (3210.43, 1528.70, 68.06)
[18:25:12] [PLAYER MATCH] Addr: 0x1200051C | Moved: 21.19m | Pos: (3218.65, 1527.86, 68.19)
[18:25:12] [PLAYER MATCH] Addr: 0x12000548 | Moved: 28.90m | Pos: (3208.43, 1530.17, 67.83)
[18:25:12] [PLAYER MATCH] Addr: 0x12000574 | Moved: 28.01m | Pos: (3221.77, 1528.53, 68.66)
[18:25:12] [PLAYER MATCH] Addr: 0x120006D4 | Moved: 48.35m | Pos: (3222.21, 1428.14, 89.47)
[18:25:12] [PLAYER MATCH] Addr: 0x12000758 | Moved: 25.43m | Pos: (3244.44, 1448.15, 92.60)
[18:25:12] [PLAYER MATCH] Addr: 0x12000808 | Moved: 56.41m | Pos: (3257.08, 1418.20, 94.23)
[18:25:12] [PLAYER MATCH] Addr: 0x12000860 | Moved: 49.54m | Pos: (3223.63, 1434.94, 90.19)
[18:25:12] [PLAYER MATCH] Addr: 0x1200088C | Moved: 41.11m | Pos: (3238.61, 1430.82, 95.17)
[18:25:12] [PLAYER MATCH] Addr: 0x12000910 | Moved: 58.62m | Pos: (3237.19, 1447.27, 92.77)
[18:25:12] [PLAYER MATCH] Addr: 0x12000994 | Moved: 56.75m | Pos: (3235.11, 1461.38, 88.36)
[18:25:12] [PLAYER MATCH] Addr: 0x12001334 | Moved: 58.43m | Pos: (3239.73, 1559.88, 64.69)
[18:25:12] [PLAYER MATCH] Addr: 0x1200138C | Moved: 58.57m | Pos: (3251.22, 1575.98, 60.36)
[18:25:12] [PLAYER MATCH] Addr: 0x12001F68 | Moved: 57.43m | Pos: (3177.42, 1474.89, 102.16)
[18:25:12] [PLAYER MATCH] Addr: 0x12001FC0 | Moved: 56.36m | Pos: (3153.08, 1496.69, 106.71)
[18:25:12] [PLAYER MATCH] Addr: 0x12002514 | Moved: 45.59m | Pos: (3163.26, 1522.91, 99.24)
[18:25:12] [PLAYER MATCH] Addr: 0x12002540 | Moved: 50.81m | Pos: (3177.50, 1529.59, 102.90)
[18:25:12] [PLAYER MATCH] Addr: 0x12002544 | Moved: 50.96m | Pos: (1529.59, 102.90, 36.36)
[18:25:12] [PLAYER MATCH] Addr: 0x1200256C | Moved: 50.32m | Pos: (3187.86, 1531.40, 96.45)
[18:25:12] [PLAYER MATCH] Addr: 0x12002598 | Moved: 47.15m | Pos: (3177.50, 1529.59, 102.90)
[18:25:12] [PLAYER MATCH] Addr: 0x120025C4 | Moved: 38.47m | Pos: (3187.86, 1531.40, 96.45)
[18:25:12] [PLAYER MATCH] Addr: 0x120025F0 | Moved: 54.75m | Pos: (3146.97, 1523.24, 86.00)
[18:25:12] [PLAYER MATCH] Addr: 0x1200261C | Moved: 21.09m | Pos: (3163.26, 1522.91, 99.24)
[18:25:12] [PLAYER MATCH] Addr: 0x12002648 | Moved: 25.58m | Pos: (3177.50, 1529.59, 102.90)
[18:25:12] [PLAYER MATCH] Addr: 0x1200264C | Moved: 16.74m | Pos: (1529.59, 102.90, 36.36)
[18:25:12] [PLAYER MATCH] Addr: 0x12002674 | Moved: 26.88m | Pos: (3187.86, 1531.40, 96.45)
[18:25:12] [PLAYER MATCH] Addr: 0x120026A0 | Moved: 24.51m | Pos: (3163.26, 1522.91, 99.24)
[18:25:12] [PLAYER MATCH] Addr: 0x120026CC | Moved: 44.05m | Pos: (3177.50, 1529.59, 102.90)
[18:25:12] [PLAYER MATCH] Addr: 0x120026F8 | Moved: 15.09m | Pos: (3187.86, 1531.40, 96.45)
[18:25:12] [PLAYER MATCH] Addr: 0x12002724 | Moved: 19.12m | Pos: (3177.50, 1529.59, 102.90)
[18:25:12] [PLAYER MATCH] Addr: 0x12002750 | Moved: 57.41m | Pos: (3187.86, 1531.40, 96.45)
[18:25:12] [PLAYER MATCH] Addr: 0x1200277C | Moved: 59.37m | Pos: (3146.97, 1523.24, 86.00)
[18:25:12] [PLAYER MATCH] Addr: 0x120027A8 | Moved: 45.85m | Pos: (3163.26, 1522.91, 99.24)
[18:25:12] [PLAYER MATCH] Addr: 0x120027D4 | Moved: 47.10m | Pos: (3177.50, 1529.59, 102.90)
[18:25:12] [PLAYER MATCH] Addr: 0x12002800 | Moved: 50.20m | Pos: (3187.86, 1531.40, 96.45)
[18:25:12] [PLAYER MATCH] Addr: 0x1200282C | Moved: 26.44m | Pos: (3163.26, 1522.91, 99.24)
[18:25:12] [PLAYER MATCH] Addr: 0x12002858 | Moved: 24.34m | Pos: (3177.50, 1529.59, 102.90)
[18:25:12] [PLAYER MATCH] Addr: 0x12002884 | Moved: 22.27m | Pos: (3187.86, 1531.40, 96.45)
[18:25:12] [PLAYER MATCH] Addr: 0x120028B0 | Moved: 29.96m | Pos: (3163.26, 1522.91, 99.24)
[18:25:12] [PLAYER MATCH] Addr: 0x120028DC | Moved: 27.42m | Pos: (3177.50, 1529.59, 102.90)
[18:25:12] [PLAYER MATCH] Addr: 0x12002908 | Moved: 19.61m | Pos: (3187.86, 1531.40, 96.45)
[18:25:12] [PLAYER MATCH] Addr: 0x12002934 | Moved: 46.35m | Pos: (3177.50, 1529.59, 102.90)
[18:25:12] [PLAYER MATCH] Addr: 0x12002938 | Moved: 47.03m | Pos: (1529.59, 102.90, 36.36)
[18:25:12] [PLAYER MATCH] Addr: 0x12002960 | Moved: 55.79m | Pos: (3187.86, 1531.40, 96.45)
[18:25:12] [PLAYER MATCH] Addr: 0x1200298C | Moved: 46.24m | Pos: (3187.86, 1531.40, 96.45)
[18:25:12] [PLAYER MATCH] Addr: 0x120029B8 | Moved: 35.15m | Pos: (3177.50, 1529.59, 102.90)
[18:25:12] [PLAYER MATCH] Addr: 0x120029BC | Moved: 36.60m | Pos: (1529.59, 102.90, 36.36)
[18:25:12] [PLAYER MATCH] Addr: 0x120029E4 | Moved: 36.55m | Pos: (3187.86, 1531.40, 96.45)
[18:25:12] [PLAYER MATCH] Addr: 0x12002A10 | Moved: 42.66m | Pos: (3177.50, 1529.59, 102.90)
[18:25:12] [PLAYER MATCH] Addr: 0x12002A3C | Moved: 31.66m | Pos: (3187.86, 1531.40, 96.45)
[18:25:12] [PLAYER MATCH] Addr: 0x12002A68 | Moved: 23.10m | Pos: (3187.86, 1531.40, 96.45)
[18:25:12] [PLAYER MATCH] Addr: 0x12002A94 | Moved: 42.99m | Pos: (3187.86, 1531.40, 96.45)
[18:25:12] [PLAYER MATCH] Addr: 0x12002AC0 | Moved: 26.18m | Pos: (3187.86, 1531.40, 96.45)
[18:25:12] [PLAYER MATCH] Addr: 0x12002AEC | Moved: 12.34m | Pos: (3187.86, 1531.40, 96.45)
[18:25:12] [PLAYER MATCH] Addr: 0x120C48A0 | Moved: 10.15m | Pos: (2453.99, 1467.65, 582.83)
[18:25:12] [PLAYER MATCH] Addr: 0x120C49A0 | Moved: 9.75m | Pos: (3296.41, 1516.45, 25.04)
[18:25:12] [PLAYER MATCH] Addr: 0x120C49B0 | Moved: 10.15m | Pos: (2453.99, 1467.65, 582.83)
[18:25:12] [PLAYER MATCH] Addr: 0x120C4AFC | Moved: 10.15m | Pos: (2453.99, 1467.65, 582.83)
[18:25:12] [PLAYER MATCH] Addr: 0x120C4B0C | Moved: 9.75m | Pos: (3298.12, 1519.79, 27.92)
[18:25:12] [PLAYER MATCH] Addr: 0x120C4B18 | Moved: 9.75m | Pos: (3298.39, 1513.11, 27.74)
[18:25:12] [PLAYER MATCH] Addr: 0x120C4B24 | Moved: 9.75m | Pos: (3294.43, 1519.79, 22.34)
[18:25:12] [PLAYER MATCH] Addr: 0x120C4B30 | Moved: 9.75m | Pos: (3294.70, 1513.11, 22.16)
[18:25:12] [PLAYER MATCH] Addr: 0x120C4B3C | Moved: 9.75m | Pos: (3314.26, 1520.73, 17.23)
[18:25:12] [PLAYER MATCH] Addr: 0x120C4B48 | Moved: 9.75m | Pos: (3314.53, 1514.05, 17.05)
[18:25:12] [PLAYER MATCH] Addr: 0x120C4B54 | Moved: 9.75m | Pos: (3310.57, 1520.73, 11.66)
[18:25:12] [PLAYER MATCH] Addr: 0x120C4B60 | Moved: 9.75m | Pos: (3310.84, 1514.05, 11.48)
[18:25:12] [PLAYER MATCH] Addr: 0x120C4C70 | Moved: 10.15m | Pos: (2453.99, 1467.65, 582.83)
[18:25:12] [PLAYER MATCH] Addr: 0x120C4D70 | Moved: 10.15m | Pos: (2453.99, 1467.65, 582.83)
[18:25:12] [PLAYER MATCH] Addr: 0x120C4D80 | Moved: 10.15m | Pos: (2453.99, 1467.65, 582.83)
[18:25:12] [PLAYER MATCH] Addr: 0x120C4ECC | Moved: 10.15m | Pos: (2453.99, 1467.65, 582.83)
[18:25:12] [PLAYER MATCH] Addr: 0x120C4EDC | Moved: 10.15m | Pos: (2455.70, 1470.99, 585.71)
[18:25:12] [PLAYER MATCH] Addr: 0x120C4EE8 | Moved: 10.15m | Pos: (2455.97, 1464.31, 585.53)
[18:25:12] [PLAYER MATCH] Addr: 0x120C4EF4 | Moved: 10.15m | Pos: (2452.01, 1470.99, 580.13)
[18:25:12] [PLAYER MATCH] Addr: 0x120C4F00 | Moved: 10.15m | Pos: (2452.28, 1464.31, 579.96)
[18:25:12] [PLAYER MATCH] Addr: 0x120C4F0C | Moved: 9.75m | Pos: (3314.26, 1520.73, 17.23)
[18:25:12] [PLAYER MATCH] Addr: 0x120C4F18 | Moved: 9.75m | Pos: (3314.53, 1514.05, 17.05)
[18:25:12] [PLAYER MATCH] Addr: 0x120C4F24 | Moved: 9.75m | Pos: (3310.57, 1520.73, 11.66)
[18:25:12] [PLAYER MATCH] Addr: 0x120C4F30 | Moved: 9.75m | Pos: (3310.84, 1514.05, 11.48)
[18:25:12] [PLAYER MATCH] Addr: 0x120C5050 | Moved: 13.24m | Pos: (2449.67, 1467.77, 576.32)
[18:25:12] [PLAYER MATCH] Addr: 0x120C5054 | Moved: 4.69m | Pos: (1467.77, 576.32, 1.00)
[18:25:12] [PLAYER MATCH] Addr: 0x120C5150 | Moved: 12.04m | Pos: (3263.05, 1514.89, 37.75)
[18:25:12] [PLAYER MATCH] Addr: 0x120C5160 | Moved: 13.24m | Pos: (2449.67, 1467.77, 576.32)
[18:25:12] [PLAYER MATCH] Addr: 0x120C5164 | Moved: 4.69m | Pos: (1467.77, 576.32, 0.83)
[18:25:12] [PLAYER MATCH] Addr: 0x120C5190 | Moved: 2.81m | Pos: (976.66, 1044.27, 1.57)
[18:25:12] [PLAYER MATCH] Addr: 0x120C52AC | Moved: 13.24m | Pos: (2449.67, 1467.77, 576.32)
[18:25:12] [PLAYER MATCH] Addr: 0x120C52B0 | Moved: 4.69m | Pos: (1467.77, 576.32, 0.00)
[18:25:12] [PLAYER MATCH] Addr: 0x120C52BC | Moved: 12.04m | Pos: (3271.57, 1531.51, 52.07)
[18:25:12] [PLAYER MATCH] Addr: 0x120C52C8 | Moved: 12.04m | Pos: (3272.91, 1498.27, 51.18)
[18:25:12] [PLAYER MATCH] Addr: 0x120C52D4 | Moved: 12.04m | Pos: (3253.20, 1531.51, 24.32)
[18:25:12] [PLAYER MATCH] Addr: 0x120C52E0 | Moved: 12.04m | Pos: (3254.53, 1498.27, 23.43)
[18:25:12] [PLAYER MATCH] Addr: 0x120C52EC | Moved: 12.03m | Pos: (3327.87, 1534.77, 14.79)
[18:25:12] [PLAYER MATCH] Addr: 0x120C52F8 | Moved: 12.03m | Pos: (3329.21, 1501.53, 13.90)
[18:25:12] [PLAYER MATCH] Addr: 0x120C5304 | Moved: 12.03m | Pos: (3309.50, 1534.77, -12.96)
[18:25:12] [PLAYER MATCH] Addr: 0x120C5310 | Moved: 12.03m | Pos: (3310.84, 1501.53, -13.85)
[18:25:12] [PLAYER MATCH] Addr: 0x120C5420 | Moved: 13.24m | Pos: (2449.67, 1467.77, 576.32)
[18:25:12] [PLAYER MATCH] Addr: 0x120C5424 | Moved: 4.69m | Pos: (1467.77, 576.32, 1.00)
[18:25:12] [PLAYER MATCH] Addr: 0x120C5520 | Moved: 13.24m | Pos: (2449.67, 1467.77, 576.32)
[18:25:12] [PLAYER MATCH] Addr: 0x120C5524 | Moved: 4.69m | Pos: (1467.77, 576.32, 1.00)
[18:25:12] [PLAYER MATCH] Addr: 0x120C5530 | Moved: 13.24m | Pos: (2449.67, 1467.77, 576.32)
[18:25:12] [PLAYER MATCH] Addr: 0x120C5534 | Moved: 4.69m | Pos: (1467.77, 576.32, 0.83)
[18:25:12] [PLAYER MATCH] Addr: 0x120C567C | Moved: 13.24m | Pos: (2449.67, 1467.77, 576.32)
[18:25:12] [PLAYER MATCH] Addr: 0x120C5680 | Moved: 4.69m | Pos: (1467.77, 576.32, 0.00)
[18:25:12] [PLAYER MATCH] Addr: 0x120C568C | Moved: 13.25m | Pos: (2458.19, 1484.39, 590.64)
[18:25:12] [PLAYER MATCH] Addr: 0x120C5698 | Moved: 13.25m | Pos: (2459.52, 1451.15, 589.75)
[18:25:12] [PLAYER MATCH] Addr: 0x120C56A4 | Moved: 13.24m | Pos: (2439.81, 1484.39, 562.89)
[18:25:12] [PLAYER MATCH] Addr: 0x120C56B0 | Moved: 13.24m | Pos: (2441.15, 1451.15, 562.00)
[18:25:12] [PLAYER MATCH] Addr: 0x120C56BC | Moved: 12.03m | Pos: (3327.87, 1534.77, 14.79)
[18:25:12] [PLAYER MATCH] Addr: 0x120C56C8 | Moved: 12.03m | Pos: (3329.21, 1501.53, 13.90)
[18:25:12] [PLAYER MATCH] Addr: 0x120C56D4 | Moved: 12.03m | Pos: (3309.50, 1534.77, -12.96)
[18:25:12] [PLAYER MATCH] Addr: 0x120C56E0 | Moved: 12.03m | Pos: (3310.84, 1501.53, -13.85)
[18:25:12] [PLAYER MATCH] Addr: 0x120C5800 | Moved: 48.51m | Pos: (2417.25, 1468.60, 527.44)
[18:25:12] [PLAYER MATCH] Addr: 0x120C5804 | Moved: 38.45m | Pos: (1468.60, 527.44, 1.00)
[18:25:12] [PLAYER MATCH] Addr: 0x120C5900 | Moved: 48.12m | Pos: (3012.86, 1503.10, 133.07)
[18:25:12] [PLAYER MATCH] Addr: 0x120C5904 | Moved: 44.60m | Pos: (1503.10, 133.07, 1.00)
[18:25:12] [PLAYER MATCH] Addr: 0x120C5910 | Moved: 48.51m | Pos: (2417.25, 1468.60, 527.44)
[18:25:12] [PLAYER MATCH] Addr: 0x120C5914 | Moved: 38.45m | Pos: (1468.60, 527.44, 0.83)
[18:25:12] [PLAYER MATCH] Addr: 0x120C5940 | Moved: 19.56m | Pos: (715.17, 1144.48, 1.57)
[18:25:12] [PLAYER MATCH] Addr: 0x120C5A5C | Moved: 48.51m | Pos: (2417.25, 1468.60, 527.44)
[18:25:12] [PLAYER MATCH] Addr: 0x120C5A60 | Moved: 38.45m | Pos: (1468.60, 527.44, 0.00)
[18:25:12] [PLAYER MATCH] Addr: 0x120C5A6C | Moved: 48.12m | Pos: (3072.43, 1619.33, 233.19)
[18:25:12] [PLAYER MATCH] Addr: 0x120C5A78 | Moved: 48.12m | Pos: (3081.79, 1386.87, 226.99)
[18:25:12] [PLAYER MATCH] Addr: 0x120C5A84 | Moved: 48.12m | Pos: (2943.94, 1619.33, 39.14)
[18:25:12] [PLAYER MATCH] Addr: 0x120C5A90 | Moved: 48.12m | Pos: (2953.30, 1386.87, 32.94)
[18:25:12] [PLAYER MATCH] Addr: 0x120C5A9C | Moved: 48.08m | Pos: (3429.96, 1640.05, -3.55)
[18:25:12] [PLAYER MATCH] Addr: 0x120C5AA8 | Moved: 48.08m | Pos: (3439.33, 1407.58, -9.74)
[18:25:12] [PLAYER MATCH] Addr: 0x120C5BD0 | Moved: 48.51m | Pos: (2417.25, 1468.60, 527.44)
[18:25:12] [PLAYER MATCH] Addr: 0x120C5BD4 | Moved: 38.45m | Pos: (1468.60, 527.44, 1.00)
[18:25:12] [PLAYER MATCH] Addr: 0x120C5CD0 | Moved: 48.51m | Pos: (2417.25, 1468.60, 527.44)
[18:25:12] [PLAYER MATCH] Addr: 0x120C5CD4 | Moved: 38.45m | Pos: (1468.60, 527.44, 1.00)
[18:25:12] [PLAYER MATCH] Addr: 0x120C5CE0 | Moved: 48.51m | Pos: (2417.25, 1468.60, 527.44)
[18:25:12] [PLAYER MATCH] Addr: 0x120C5CE4 | Moved: 38.45m | Pos: (1468.60, 527.44, 0.83)
[18:25:12] [PLAYER MATCH] Addr: 0x120C5E2C | Moved: 48.51m | Pos: (2417.25, 1468.60, 527.44)
[18:25:12] [PLAYER MATCH] Addr: 0x120C5E30 | Moved: 38.45m | Pos: (1468.60, 527.44, 0.00)
[18:25:12] [PLAYER MATCH] Addr: 0x120C5E3C | Moved: 48.52m | Pos: (2476.82, 1584.83, 627.56)
[18:25:12] [PLAYER MATCH] Addr: 0x120C5E48 | Moved: 48.52m | Pos: (2486.18, 1352.36, 621.36)
[18:25:12] [PLAYER MATCH] Addr: 0x120C5E54 | Moved: 48.51m | Pos: (2348.33, 1584.83, 433.51)
[18:25:12] [PLAYER MATCH] Addr: 0x120C5E60 | Moved: 48.51m | Pos: (2357.69, 1352.36, 427.31)
[18:25:12] [PLAYER MATCH] Addr: 0x120C5E6C | Moved: 48.08m | Pos: (3429.96, 1640.05, -3.55)
[18:25:12] [PLAYER MATCH] Addr: 0x120C5E78 | Moved: 48.08m | Pos: (3439.33, 1407.58, -9.74)
[18:25:12] [PLAYER MATCH] Addr: 0x120C5FC0 | Moved: 9.78m | Pos: (2454.75, 1467.63, 583.98)
[18:25:12] [PLAYER MATCH] Addr: 0x120C60C0 | Moved: 9.78m | Pos: (2454.75, 1467.63, 583.98)
[18:25:12] [PLAYER MATCH] Addr: 0x120C60D0 | Moved: 9.78m | Pos: (2454.75, 1467.63, 583.98)
[18:25:12] [PLAYER MATCH] Addr: 0x120C621C | Moved: 9.78m | Pos: (2454.75, 1467.63, 583.98)
[18:25:12] [PLAYER MATCH] Addr: 0x120C622C | Moved: 9.78m | Pos: (2455.26, 1468.63, 584.84)
[18:25:12] [PLAYER MATCH] Addr: 0x120C6238 | Moved: 9.78m | Pos: (2455.34, 1466.63, 584.79)
[18:25:12] [PLAYER MATCH] Addr: 0x120C6244 | Moved: 9.78m | Pos: (2454.16, 1468.63, 583.17)
[18:25:12] [PLAYER MATCH] Addr: 0x120C6250 | Moved: 9.78m | Pos: (2454.24, 1466.63, 583.12)
[18:25:12] [PLAYER MATCH] Addr: 0x120C625C | Moved: 9.78m | Pos: (2456.09, 1468.68, 584.29)
[18:25:12] [PLAYER MATCH] Addr: 0x120C6268 | Moved: 9.78m | Pos: (2456.17, 1466.68, 584.24)
[18:25:12] [PLAYER MATCH] Addr: 0x120C6274 | Moved: 9.78m | Pos: (2454.99, 1468.68, 582.62)
[18:25:12] [PLAYER MATCH] Addr: 0x120C6280 | Moved: 9.78m | Pos: (2455.07, 1466.68, 582.57)
[18:25:12] [PLAYER MATCH] Addr: 0x120CD270 | Moved: 9.56m | Pos: (3307.92, 1517.03, 19.85)
[18:25:12] [PLAYER MATCH] Addr: 0x120CD290 | Moved: 10.15m | Pos: (2453.99, 1467.65, 582.83)
[18:25:12] [PLAYER MATCH] Addr: 0x120CD9C0 | Moved: 9.56m | Pos: (3307.92, 1517.03, 19.85)
[18:25:12] [PLAYER MATCH] Addr: 0x120CD9E0 | Moved: 13.24m | Pos: (2449.67, 1467.77, 576.32)
[18:25:12] [PLAYER MATCH] Addr: 0x120CD9E4 | Moved: 4.69m | Pos: (1467.77, 576.32, 1.26)
[18:25:12] [PLAYER MATCH] Addr: 0x120CDA80 | Moved: 2.81m | Pos: (976.66, 1044.27, 67.61)
[18:25:12] [PLAYER MATCH] Addr: 0x120CDAA8 | Moved: 6.57m | Pos: (2762.42, 1691.63, 0.00)
[18:25:12] [PLAYER MATCH] Addr: 0x12123964 | Moved: 9.56m | Pos: (3307.92, 1517.03, 19.85)
[18:25:12] [PLAYER MATCH] Addr: 0x12123978 | Moved: 9.56m | Pos: (3306.92, 1518.03, 19.85)
[18:25:12] [PLAYER MATCH] Addr: 0x1212398C | Moved: 9.56m | Pos: (3308.92, 1518.03, 19.85)
[18:25:12] [PLAYER MATCH] Addr: 0x121239A0 | Moved: 9.56m | Pos: (3306.92, 1516.03, 19.85)
[18:25:12] [PLAYER MATCH] Addr: 0x121239B4 | Moved: 9.56m | Pos: (3308.92, 1516.03, 19.85)
[18:25:12] [PLAYER MATCH] Addr: 0x12186428 | Moved: 9.56m | Pos: (3307.92, 1517.03, 19.85)
[18:25:12] [PLAYER MATCH] Addr: 0x1219E4F0 | Moved: 9.56m | Pos: (3307.92, 1517.03, 19.85)
[18:25:12] [PLAYER MATCH] Addr: 0x1219E600 | Moved: 9.56m | Pos: (3307.92, 1517.03, 19.85)
[18:25:12] [PLAYER MATCH] Addr: 0x1219E74C | Moved: 9.56m | Pos: (3307.92, 1517.03, 19.85)
[18:25:12] [PLAYER MATCH] Addr: 0x1219E75C | Moved: 9.60m | Pos: (3307.82, 1516.92, 19.90)
[18:25:12] [PLAYER MATCH] Addr: 0x1219E768 | Moved: 9.55m | Pos: (3307.81, 1517.13, 19.90)
[18:25:12] [PLAYER MATCH] Addr: 0x1219E774 | Moved: 9.57m | Pos: (3307.82, 1516.92, 19.79)
[18:25:12] [PLAYER MATCH] Addr: 0x1219E780 | Moved: 9.51m | Pos: (3307.82, 1517.13, 19.79)
[18:25:12] [PLAYER MATCH] Addr: 0x1219E8C0 | Moved: 9.56m | Pos: (3307.92, 1517.03, 19.85)
[18:25:12] [PLAYER MATCH] Addr: 0x1219E9D0 | Moved: 9.56m | Pos: (3307.92, 1517.03, 19.85)
[18:25:12] [PLAYER MATCH] Addr: 0x1219EB1C | Moved: 9.56m | Pos: (3307.92, 1517.03, 19.85)
[18:25:12] [PLAYER MATCH] Addr: 0x1219EB2C | Moved: 9.60m | Pos: (3307.82, 1516.92, 19.90)
[18:25:12] [PLAYER MATCH] Addr: 0x1219EB38 | Moved: 9.55m | Pos: (3307.81, 1517.13, 19.90)
[18:25:12] [PLAYER MATCH] Addr: 0x1219EB44 | Moved: 9.57m | Pos: (3307.82, 1516.92, 19.79)
[18:25:12] [PLAYER MATCH] Addr: 0x1219EB50 | Moved: 9.51m | Pos: (3307.82, 1517.13, 19.79)
[18:25:12] [PLAYER MATCH] Addr: 0x1219FC30 | Moved: 9.56m | Pos: (3307.92, 1517.03, 19.85)
[18:25:12] [PLAYER MATCH] Addr: 0x1219FC50 | Moved: 9.56m | Pos: (3307.92, 1517.03, 19.85)
[18:25:12] [PLAYER MATCH] Addr: 0x121A0380 | Moved: 9.56m | Pos: (3307.92, 1517.03, 19.85)
[18:25:12] [PLAYER MATCH] Addr: 0x121A03A0 | Moved: 9.56m | Pos: (3307.92, 1517.03, 19.85)
[18:25:12] [PLAYER MATCH] Addr: 0x1260B990 | Moved: 9.56m | Pos: (3307.92, 1517.03, 19.85)
[18:25:12] [PLAYER MATCH] Addr: 0x1260B9B0 | Moved: 48.51m | Pos: (2417.25, 1468.60, 527.44)
[18:25:12] [PLAYER MATCH] Addr: 0x1260B9B4 | Moved: 38.45m | Pos: (1468.60, 527.44, 1.26)
[18:25:12] [PLAYER MATCH] Addr: 0x1260BA50 | Moved: 19.56m | Pos: (715.17, 1144.48, 429.31)
[18:25:12] [PLAYER MATCH] Addr: 0x1260BA54 | Moved: 13.87m | Pos: (1144.48, 429.31, 0.00)
[18:25:12] [PLAYER MATCH] Addr: 0x1260BA78 | Moved: 45.73m | Pos: (2022.81, 1238.71, 0.00)
[18:25:12] [PLAYER MATCH] Addr: 0x1807E15C | Moved: 8.81m | Pos: (3306.74, 1515.16, 17.18)
[18:25:12] [PLAYER MATCH] Addr: 0x1807E168 | Moved: 10.23m | Pos: (3309.30, 1518.82, 20.83)
[18:25:12] [PLAYER MATCH] Addr: 0x1807E174 | Moved: 9.52m | Pos: (3308.02, 1516.99, 17.18)
[18:25:12] [PLAYER MATCH] Addr: 0x180B5014 | Moved: 2.93m | Pos: (3314.66, 1517.67, 18.04)
[18:25:12] [PLAYER MATCH] Addr: 0x18102098 | Moved: 9.56m | Pos: (3307.92, 1517.03, 19.85)
[18:25:12] [PLAYER MATCH] Addr: 0x1829AAF4 | Moved: 41.67m | Pos: (3208.08, 1513.91, 15.39)
[18:25:12] [PLAYER MATCH] Addr: 0x18903154 | Moved: 2.93m | Pos: (3314.66, 1517.67, 18.04)
[18:25:12] [PLAYER MATCH] Addr: 0x18903220 | Moved: 9.42m | Pos: (3308.07, 1517.00, 19.18)
[18:25:12] [PLAYER MATCH] Addr: 0x18903280 | Moved: 9.42m | Pos: (3308.06, 1517.00, 19.21)
[18:25:12] [PLAYER MATCH] Addr: 0x189032E0 | Moved: 9.41m | Pos: (3308.07, 1517.05, 19.18)
[18:25:12] [PLAYER MATCH] Addr: 0x18903340 | Moved: 9.42m | Pos: (3308.08, 1517.00, 19.18)
[18:25:12] [PLAYER MATCH] Addr: 0x189033A0 | Moved: 9.42m | Pos: (3308.08, 1516.98, 19.14)
[18:25:12] [PLAYER MATCH] Addr: 0x18903400 | Moved: 9.42m | Pos: (3308.09, 1517.00, 19.18)
[18:25:12] [PLAYER MATCH] Addr: 0x18903460 | Moved: 9.42m | Pos: (3308.09, 1517.00, 19.18)
[18:25:12] [PLAYER MATCH] Addr: 0x189034C0 | Moved: 9.42m | Pos: (3308.07, 1517.00, 19.18)
[18:25:12] [PLAYER MATCH] Addr: 0x18903520 | Moved: 9.47m | Pos: (3308.16, 1516.80, 18.91)
[18:25:12] [PLAYER MATCH] Addr: 0x18904480 | Moved: 9.52m | Pos: (3308.06, 1517.00, 18.19)
[18:25:12] [PLAYER MATCH] Addr: 0x18904600 | Moved: 9.47m | Pos: (3307.74, 1517.12, 19.63)
[18:25:12] [PLAYER MATCH] Addr: 0x18904EF4 | Moved: 2.93m | Pos: (3314.66, 1517.67, 18.04)
[18:25:12] [PLAYER MATCH] Addr: 0x18905B80 | Moved: 9.56m | Pos: (3306.92, 1518.03, 19.85)
[18:25:12] [PLAYER MATCH] Addr: 0x18905B8C | Moved: 9.56m | Pos: (3308.92, 1518.03, 19.85)
[18:25:12] [PLAYER MATCH] Addr: 0x18905B98 | Moved: 9.56m | Pos: (3306.92, 1516.03, 19.85)
[18:25:12] [PLAYER MATCH] Addr: 0x18905BA4 | Moved: 9.56m | Pos: (3308.92, 1516.03, 19.85)
[18:25:12] [PLAYER MATCH] Addr: 0x18905BB0 | Moved: 9.56m | Pos: (3306.92, 1518.03, 19.85)
[18:25:12] [PLAYER MATCH] Addr: 0x18905BBC | Moved: 9.56m | Pos: (3308.92, 1518.03, 19.85)
[18:25:12] [PLAYER MATCH] Addr: 0x18905BC8 | Moved: 9.56m | Pos: (3306.92, 1516.03, 19.85)
[18:25:12] [PLAYER MATCH] Addr: 0x18905BD4 | Moved: 9.56m | Pos: (3308.92, 1516.03, 19.85)
[18:25:12] [PLAYER MATCH] Addr: 0x18B15F78 | Moved: 21.34m | Pos: (1773.77, 2090.32, 0.00)
[18:25:12] [PLAYER MATCH] Addr: 0x18B54B08 | Moved: 9.56m | Pos: (3307.92, 1517.03, 19.85)
[18:25:12] [PLAYER MATCH] Addr: 0x18C681E0 | Moved: 9.36m | Pos: (3308.10, 1517.22, 19.04)
[18:25:12] [PLAYER MATCH] Addr: 0x18C68280 | Moved: 9.36m | Pos: (3308.10, 1517.22, 19.04)
[18:25:12] [PLAYER MATCH] Addr: 0x18C68320 | Moved: 9.36m | Pos: (3308.10, 1517.22, 19.04)
[18:25:12] [PLAYER MATCH] Addr: 0x18C683C0 | Moved: 9.42m | Pos: (3308.05, 1517.00, 19.22)
[18:25:12] [PLAYER MATCH] Addr: 0x18C6ABC0 | Moved: 9.36m | Pos: (3308.10, 1517.22, 19.04)
[18:25:12] [PLAYER MATCH] Addr: 0x18C6AD00 | Moved: 9.42m | Pos: (3308.05, 1517.00, 19.22)
[18:25:12] [PLAYER MATCH] Addr: 0x18CB26A0 | Moved: 9.45m | Pos: (3308.25, 1517.11, 19.60)
[18:25:12] [PLAYER MATCH] Addr: 0x18CB2880 | Moved: 9.45m | Pos: (3308.25, 1517.11, 19.60)
[18:25:12] [PLAYER MATCH] Addr: 0x18CB2920 | Moved: 9.45m | Pos: (3308.25, 1517.11, 19.60)
[18:25:12] [PLAYER MATCH] Addr: 0x18CB29C0 | Moved: 9.47m | Pos: (3308.15, 1516.81, 18.99)
[18:25:12] [PLAYER MATCH] Addr: 0x18CB2CE0 | Moved: 9.42m | Pos: (3308.02, 1516.99, 19.20)
[18:25:12] [PLAYER MATCH] Addr: 0x18CB2F60 | Moved: 9.42m | Pos: (3308.05, 1517.00, 19.22)
[18:25:12] [PLAYER MATCH] Addr: 0x18CB3140 | Moved: 9.42m | Pos: (3308.07, 1516.98, 19.18)
[18:25:12] [PLAYER MATCH] Addr: 0x18CB3280 | Moved: 9.42m | Pos: (3308.08, 1517.01, 19.18)
[18:25:12] [PLAYER MATCH] Addr: 0x18CB33C0 | Moved: 9.42m | Pos: (3308.08, 1517.01, 19.18)
[18:25:12] [PLAYER MATCH] Addr: 0x18CB3500 | Moved: 9.42m | Pos: (3308.08, 1517.01, 19.18)
[18:25:12] [PLAYER MATCH] Addr: 0x18CB38C0 | Moved: 9.40m | Pos: (3308.23, 1517.09, 19.57)
[18:25:12] [PLAYER MATCH] Addr: 0x18CB3A00 | Moved: 9.40m | Pos: (3308.23, 1517.09, 19.57)
[18:25:12] [PLAYER MATCH] Addr: 0x18CB3B40 | Moved: 9.40m | Pos: (3308.23, 1517.09, 19.57)
[18:25:12] [PLAYER MATCH] Addr: 0x18CB3C80 | Moved: 9.40m | Pos: (3308.23, 1517.09, 19.57)
[18:25:12] [PLAYER MATCH] Addr: 0x18CB3D20 | Moved: 9.42m | Pos: (3308.08, 1517.01, 19.18)
[18:25:12] [PLAYER MATCH] Addr: 0x18CB3F00 | Moved: 9.42m | Pos: (3308.02, 1516.99, 19.20)
[18:25:12] [PLAYER MATCH] Addr: 0x18CB3FA0 | Moved: 9.42m | Pos: (3308.08, 1517.01, 19.18)
[18:25:12] [PLAYER MATCH] Addr: 0x18CB4220 | Moved: 9.42m | Pos: (3308.08, 1517.01, 19.18)
[18:25:12] [PLAYER MATCH] Addr: 0x18CB4400 | Moved: 9.42m | Pos: (3308.08, 1517.01, 19.18)
[18:25:12] [PLAYER MATCH] Addr: 0x18CB4540 | Moved: 9.42m | Pos: (3308.08, 1517.01, 19.18)
[18:25:12] [PLAYER MATCH] Addr: 0x18CB45E0 | Moved: 9.42m | Pos: (3308.08, 1517.01, 19.18)
[18:25:12] [PLAYER MATCH] Addr: 0x18CB49A0 | Moved: 9.40m | Pos: (3307.32, 1517.04, 19.12)
[18:25:12] [PLAYER MATCH] Addr: 0x18CB4A40 | Moved: 9.40m | Pos: (3307.32, 1517.04, 19.12)
[18:25:12] [PLAYER MATCH] Addr: 0x18CB4C20 | Moved: 9.45m | Pos: (3308.25, 1517.11, 19.60)
[18:25:12] [PLAYER MATCH] Addr: 0x18CB4D60 | Moved: 9.45m | Pos: (3308.25, 1517.11, 19.60)
[18:25:12] [PLAYER MATCH] Addr: 0x18CB4EA0 | Moved: 9.45m | Pos: (3308.25, 1517.11, 19.60)
[18:25:12] [PLAYER MATCH] Addr: 0x18CB4FE0 | Moved: 9.44m | Pos: (3308.07, 1516.94, 19.20)
[18:25:12] [PLAYER MATCH] Addr: 0x18CB51C0 | Moved: 9.53m | Pos: (3308.06, 1516.95, 19.99)
[18:25:12] [PLAYER MATCH] Addr: 0x18CB5300 | Moved: 9.40m | Pos: (3307.32, 1517.04, 19.12)
[18:25:12] [PLAYER MATCH] Addr: 0x18CB5440 | Moved: 9.40m | Pos: (3307.32, 1517.04, 19.12)
[18:25:12] [PLAYER MATCH] Addr: 0x18CB5580 | Moved: 9.42m | Pos: (3307.29, 1516.98, 19.11)
[18:25:12] [PLAYER MATCH] Addr: 0x18CB56C0 | Moved: 9.51m | Pos: (3307.47, 1517.09, 19.70)
[18:25:12] [PLAYER MATCH] Addr: 0x18CB5D00 | Moved: 9.42m | Pos: (3308.02, 1516.99, 19.20)
[18:25:12] [PLAYER MATCH] Addr: 0x18D6CA80 | Moved: 9.52m | Pos: (3308.06, 1517.00, 18.19)
[18:25:12] [PLAYER MATCH] Addr: 0x18D8F300 | Moved: 9.53m | Pos: (3308.06, 1516.95, 19.99)
[18:25:12] [PLAYER MATCH] Addr: 0x18D8F440 | Moved: 9.36m | Pos: (3308.10, 1517.22, 19.04)
[18:25:12] [PLAYER MATCH] Addr: 0x18D8F580 | Moved: 9.42m | Pos: (3308.05, 1517.00, 19.22)
[18:25:12] [PLAYER MATCH] Addr: 0x18D8F620 | Moved: 9.42m | Pos: (3308.07, 1516.98, 19.18)
[18:25:12] [PLAYER MATCH] Addr: 0x18D8F6C0 | Moved: 9.42m | Pos: (3308.08, 1517.01, 19.18)
[18:25:12] [PLAYER MATCH] Addr: 0x18D8F760 | Moved: 9.42m | Pos: (3308.08, 1517.01, 19.18)
[18:25:12] [PLAYER MATCH] Addr: 0x18D8F8A0 | Moved: 9.36m | Pos: (3308.10, 1517.22, 19.04)
[18:25:12] [PLAYER MATCH] Addr: 0x18D8F9E0 | Moved: 9.36m | Pos: (3308.10, 1517.22, 19.04)
[18:25:12] [PLAYER MATCH] Addr: 0x18D8FBC0 | Moved: 9.36m | Pos: (3308.10, 1517.22, 19.04)
[18:25:12] [PLAYER MATCH] Addr: 0x18D8FD00 | Moved: 9.42m | Pos: (3308.05, 1517.00, 19.22)
[18:25:12] [PLAYER MATCH] Addr: 0x18D8FE40 | Moved: 9.42m | Pos: (3308.05, 1517.00, 19.22)
[18:25:12] [PLAYER MATCH] Addr: 0x18DBEB60 | Moved: 35.41m | Pos: (3185.71, 1502.87, -16.73)
[18:25:12] [PLAYER MATCH] Addr: 0x18E62380 | Moved: 9.52m | Pos: (3308.06, 1517.00, 18.19)
[18:25:12] [PLAYER MATCH] Addr: 0x18E64BA0 | Moved: 9.40m | Pos: (3308.07, 1517.05, 19.18)
[18:25:12] [PLAYER MATCH] Addr: 0x18E64C00 | Moved: 9.42m | Pos: (3308.06, 1517.00, 19.21)
[18:25:12] [PLAYER MATCH] Addr: 0x18E64CC0 | Moved: 9.42m | Pos: (3308.07, 1517.00, 19.18)
[18:25:12] [PLAYER MATCH] Addr: 0x18E652C0 | Moved: 9.42m | Pos: (3308.07, 1517.00, 19.18)
[18:25:12] [PLAYER MATCH] Addr: 0x18E65320 | Moved: 9.42m | Pos: (3308.09, 1517.00, 19.18)
[18:25:12] [PLAYER MATCH] Addr: 0x18E65380 | Moved: 9.42m | Pos: (3308.09, 1517.00, 19.18)
[18:25:12] [PLAYER MATCH] Addr: 0x18E653E0 | Moved: 9.42m | Pos: (3308.08, 1516.98, 19.14)
[18:25:12] [PLAYER MATCH] Addr: 0x18E65440 | Moved: 9.42m | Pos: (3308.08, 1517.00, 19.18)
[18:25:12] [PLAYER MATCH] Addr: 0x18E65680 | Moved: 9.47m | Pos: (3308.16, 1516.80, 18.91)
[18:25:12] [PLAYER MATCH] Addr: 0x18E65F20 | Moved: 9.47m | Pos: (3307.74, 1517.12, 19.63)
[18:25:12] [PLAYER MATCH] Addr: 0x18EA13A0 | Moved: 9.42m | Pos: (3308.07, 1517.00, 19.18)
[18:25:12] [PLAYER MATCH] Addr: 0x18EA1490 | Moved: 9.42m | Pos: (3308.07, 1517.00, 19.18)
[18:25:12] [PLAYER MATCH] Addr: 0x18EA1560 | Moved: 9.40m | Pos: (3308.10, 1517.08, 19.83)
[18:25:12] [PLAYER MATCH] Addr: 0x18EA1650 | Moved: 9.42m | Pos: (3308.07, 1517.00, 19.18)
[18:25:12] [PLAYER MATCH] Addr: 0x18EA1720 | Moved: 9.42m | Pos: (3308.07, 1517.00, 19.18)
[18:25:12] [PLAYER MATCH] Addr: 0x18EA1810 | Moved: 9.42m | Pos: (3308.07, 1517.00, 19.18)
[18:25:12] [PLAYER MATCH] Addr: 0x18EA18E0 | Moved: 9.42m | Pos: (3308.07, 1517.00, 19.18)
[18:25:12] [PLAYER MATCH] Addr: 0x18EA19D0 | Moved: 9.42m | Pos: (3308.07, 1517.00, 19.18)
[18:25:12] [PLAYER MATCH] Addr: 0x18EA1AA0 | Moved: 9.42m | Pos: (3308.07, 1517.00, 19.18)
[18:25:12] [PLAYER MATCH] Addr: 0x18EA1B90 | Moved: 9.42m | Pos: (3308.07, 1517.00, 19.18)
[18:25:12] [PLAYER MATCH] Addr: 0x18EA1C60 | Moved: 9.56m | Pos: (3307.92, 1517.03, 19.85)
[18:25:12] [PLAYER MATCH] Addr: 0x18EA1D50 | Moved: 9.56m | Pos: (3307.92, 1517.03, 19.85)
[18:25:12] [PLAYER MATCH] Addr: 0x18EA1E20 | Moved: 9.42m | Pos: (3308.07, 1517.00, 19.18)
[18:25:12] [PLAYER MATCH] Addr: 0x18EA1F10 | Moved: 9.42m | Pos: (3308.07, 1517.00, 19.18)
[18:25:12] [PLAYER MATCH] Addr: 0x18EA1FE0 | Moved: 9.37m | Pos: (3308.09, 1517.20, 19.13)
[18:25:12] [PLAYER MATCH] Addr: 0x18EA21B0 | Moved: 9.39m | Pos: (3308.07, 1517.09, 19.18)
[18:25:12] [PLAYER MATCH] Addr: 0x18EA2280 | Moved: 9.50m | Pos: (3308.03, 1516.68, 19.19)
[18:25:12] [PLAYER MATCH] Addr: 0x18EA2370 | Moved: 9.42m | Pos: (3308.07, 1517.00, 19.18)
[18:25:12] [PLAYER MATCH] Addr: 0x18EA2440 | Moved: 9.42m | Pos: (3308.07, 1517.00, 19.18)
[18:25:12] [PLAYER MATCH] Addr: 0x18EA2530 | Moved: 9.42m | Pos: (3308.07, 1517.00, 19.18)
[18:25:12] [PLAYER MATCH] Addr: 0x18EA2600 | Moved: 9.42m | Pos: (3308.07, 1517.00, 19.18)
[18:25:12] [PLAYER MATCH] Addr: 0x18EA26F0 | Moved: 9.42m | Pos: (3308.07, 1517.00, 19.18)
[18:25:12] [PLAYER MATCH] Addr: 0x18EA27C0 | Moved: 9.47m | Pos: (3308.03, 1516.81, 19.19)
[18:25:12] [PLAYER MATCH] Addr: 0x18EA28B0 | Moved: 9.44m | Pos: (3308.07, 1516.90, 19.18)
[18:25:12] [PLAYER MATCH] Addr: 0x18EA2980 | Moved: 9.53m | Pos: (3308.28, 1517.04, 19.82)
[18:25:12] [PLAYER MATCH] Addr: 0x18EA2B50 | Moved: 9.45m | Pos: (3308.07, 1517.00, 19.50)
[18:25:12] [PLAYER MATCH] Addr: 0x18EA2C20 | Moved: 9.42m | Pos: (3308.07, 1517.00, 19.18)
[18:25:12] [PLAYER MATCH] Addr: 0x18EA2D10 | Moved: 9.42m | Pos: (3308.07, 1517.00, 19.18)
[18:25:12] [PLAYER MATCH] Addr: 0x18EA2DE0 | Moved: 9.50m | Pos: (3308.02, 1516.68, 19.18)
[18:25:12] [PLAYER MATCH] Addr: 0x18EA2ED0 | Moved: 9.42m | Pos: (3308.07, 1517.00, 19.18)
[18:25:12] [PLAYER MATCH] Addr: 0x18EA2FA0 | Moved: 9.42m | Pos: (3308.07, 1517.00, 19.18)
[18:25:12] [PLAYER MATCH] Addr: 0x18EA3250 | Moved: 9.42m | Pos: (3308.07, 1517.00, 19.18)
[18:25:12] [PLAYER MATCH] Addr: 0x18EA3320 | Moved: 9.47m | Pos: (3307.74, 1517.12, 19.63)
[18:25:12] [PLAYER MATCH] Addr: 0x18EA3410 | Moved: 9.47m | Pos: (3307.74, 1517.12, 19.63)
[18:25:12] [PLAYER MATCH] Addr: 0x18EF1E80 | Moved: 9.40m | Pos: (3307.32, 1517.04, 19.12)
[18:25:12] [PLAYER MATCH] Addr: 0x18EF22E0 | Moved: 9.40m | Pos: (3307.32, 1517.04, 19.12)
[18:25:12] [PLAYER MATCH] Addr: 0x18EF2740 | Moved: 9.40m | Pos: (3307.32, 1517.04, 19.12)
[18:25:12] [PLAYER MATCH] Addr: 0x18EF2CE0 | Moved: 9.43m | Pos: (3308.07, 1516.94, 19.20)
[18:25:12] [PLAYER MATCH] Addr: 0x18EF3280 | Moved: 9.45m | Pos: (3308.25, 1517.11, 19.60)
[18:25:12] [PLAYER MATCH] Addr: 0x18EF3640 | Moved: 9.45m | Pos: (3308.25, 1517.11, 19.60)
[18:25:12] [PLAYER MATCH] Addr: 0x18EF3780 | Moved: 9.45m | Pos: (3308.25, 1517.11, 19.60)
[18:25:12] [PLAYER MATCH] Addr: 0x18EF3AA0 | Moved: 9.45m | Pos: (3308.25, 1517.11, 19.60)
[18:25:12] [PLAYER MATCH] Addr: 0x18EF3BE0 | Moved: 9.45m | Pos: (3308.25, 1517.11, 19.60)
[18:25:12] [PLAYER MATCH] Addr: 0x18EF3DC0 | Moved: 9.45m | Pos: (3308.25, 1517.11, 19.60)
[18:25:12] [PLAYER MATCH] Addr: 0x18EF4220 | Moved: 9.47m | Pos: (3308.15, 1516.81, 18.99)
[18:25:12] [PLAYER MATCH] Addr: 0x18EF4400 | Moved: 9.42m | Pos: (3308.02, 1516.99, 19.20)
[18:25:12] [PLAYER MATCH] Addr: 0x18EF47C0 | Moved: 9.42m | Pos: (3308.02, 1516.99, 19.20)
[18:25:12] [PLAYER MATCH] Addr: 0x18EF49A0 | Moved: 9.42m | Pos: (3308.02, 1516.99, 19.20)
[18:25:12] [PLAYER MATCH] Addr: 0x18EF4C20 | Moved: 9.42m | Pos: (3308.08, 1517.01, 19.18)
[18:25:12] [PLAYER MATCH] Addr: 0x18EF4E00 | Moved: 9.42m | Pos: (3308.08, 1517.01, 19.18)
[18:25:12] [PLAYER MATCH] Addr: 0x18EF4EA0 | Moved: 9.42m | Pos: (3308.08, 1517.01, 19.18)
[18:25:12] [PLAYER MATCH] Addr: 0x18EF4F40 | Moved: 9.42m | Pos: (3308.08, 1517.01, 19.18)
[18:25:12] [PLAYER MATCH] Addr: 0x18EF5120 | Moved: 9.42m | Pos: (3308.08, 1517.01, 19.18)
[18:25:12] [PLAYER MATCH] Addr: 0x18EF5260 | Moved: 9.40m | Pos: (3308.23, 1517.09, 19.57)
[18:25:12] [PLAYER MATCH] Addr: 0x18EF5300 | Moved: 9.40m | Pos: (3308.23, 1517.09, 19.57)
[18:25:12] [PLAYER MATCH] Addr: 0x18EF53A0 | Moved: 9.40m | Pos: (3308.23, 1517.09, 19.57)
[18:25:12] [PLAYER MATCH] Addr: 0x18EF5A80 | Moved: 9.40m | Pos: (3307.32, 1517.04, 19.12)
[18:25:12] [PLAYER MATCH] Addr: 0x18EF5B20 | Moved: 9.42m | Pos: (3307.29, 1516.98, 19.11)
[18:25:12] [PLAYER MATCH] Addr: 0x18EF94A0 | Moved: 9.51m | Pos: (3307.47, 1517.09, 19.70)
[18:25:12] [PLAYER MATCH] Addr: 0x18EFCA60 | Moved: 9.40m | Pos: (3308.23, 1517.09, 19.57)
[18:25:12] [PLAYER MATCH] Addr: 0x18EFD3C0 | Moved: 9.42m | Pos: (3308.08, 1517.01, 19.18)
[18:25:12] [PLAYER MATCH] Addr: 0x18EFD5A0 | Moved: 9.42m | Pos: (3308.08, 1517.01, 19.18)
[18:25:12] [PLAYER MATCH] Addr: 0x28222F60 | Moved: 4.10m | Pos: (3313.50, 1522.53, 21.54)
[18:25:12] [PLAYER MATCH] Addr: 0x28222FA0 | Moved: 4.10m | Pos: (3313.50, 1522.53, 21.54)
[18:25:12] [PLAYER MATCH] Addr: 0x28222FB8 | Moved: 2.93m | Pos: (3314.66, 1517.67, 18.04)
[18:25:12] [PLAYER MATCH] Addr: 0x28223150 | Moved: 13.48m | Pos: (3263.70, 1515.77, 88.04)
[18:25:12] [PLAYER MATCH] Addr: 0x28223190 | Moved: 13.48m | Pos: (3263.70, 1515.77, 88.04)
[18:25:12] [PLAYER MATCH] Addr: 0x282231A8 | Moved: 2.93m | Pos: (3314.66, 1517.67, 18.04)
[18:25:12] [PLAYER MATCH] Addr: 0x28223340 | Moved: 2.66m | Pos: (3315.86, 1516.93, 17.04)
[18:25:12] [PLAYER MATCH] Addr: 0x28223380 | Moved: 2.66m | Pos: (3315.86, 1516.93, 17.04)
[18:25:12] [PLAYER MATCH] Addr: 0x28223398 | Moved: 2.93m | Pos: (3314.66, 1517.67, 18.04)
[18:25:12] [PLAYER MATCH] Addr: 0x28223530 | Moved: 4.10m | Pos: (3313.50, 1522.53, 21.54)
[18:25:12] [PLAYER MATCH] Addr: 0x28223570 | Moved: 4.10m | Pos: (3313.50, 1522.53, 21.54)
[18:25:12] [PLAYER MATCH] Addr: 0x28223588 | Moved: 2.93m | Pos: (3314.66, 1517.67, 18.04)
[18:25:12] [PLAYER MATCH] Addr: 0x28223720 | Moved: 3.28m | Pos: (3314.31, 1519.13, 18.54)
[18:25:12] [PLAYER MATCH] Addr: 0x28223760 | Moved: 3.28m | Pos: (3314.31, 1519.13, 18.54)
[18:25:12] [PLAYER MATCH] Addr: 0x28223778 | Moved: 2.93m | Pos: (3314.66, 1517.67, 18.04)
[18:25:12] [PLAYER MATCH] Addr: 0x2825FF50 | Moved: 3.28m | Pos: (3314.31, 1519.13, 18.54)
[18:25:12] [PLAYER MATCH] Addr: 0x2825FF90 | Moved: 3.28m | Pos: (3314.31, 1519.13, 18.54)
[18:25:12] [PLAYER MATCH] Addr: 0x2825FFA8 | Moved: 2.93m | Pos: (3314.66, 1517.67, 18.04)
[18:25:12] [PLAYER MATCH] Addr: 0x28260140 | Moved: 13.48m | Pos: (3263.70, 1515.77, 88.04)
[18:25:12] [PLAYER MATCH] Addr: 0x28260180 | Moved: 13.48m | Pos: (3263.70, 1515.77, 88.04)
[18:25:12] [PLAYER MATCH] Addr: 0x28260198 | Moved: 2.93m | Pos: (3314.66, 1517.67, 18.04)
[18:25:12] [PLAYER MATCH] Addr: 0x28260330 | Moved: 4.10m | Pos: (3313.50, 1522.53, 21.54)
[18:25:12] [PLAYER MATCH] Addr: 0x28260370 | Moved: 4.10m | Pos: (3313.50, 1522.53, 21.54)
[18:25:12] [PLAYER MATCH] Addr: 0x28260388 | Moved: 2.93m | Pos: (3314.66, 1517.67, 18.04)
[18:25:12] [PLAYER MATCH] Addr: 0x286B0988 | Moved: 9.52m | Pos: (3308.06, 1517.00, 18.19)
[18:25:12] [PLAYER MATCH] Addr: 0x286B09C0 | Moved: 9.52m | Pos: (3212.43, 1546.23, 18.19)
[18:25:12] [PLAYER MATCH] Addr: 0x2879E240 | Moved: 9.56m | Pos: (3307.92, 1517.03, 19.85)
[18:25:12] [PLAYER MATCH] Addr: 0x2879E250 | Moved: 9.60m | Pos: (3307.82, 1516.92, 19.90)
[18:25:12] [PLAYER MATCH] Addr: 0x2879E25C | Moved: 9.55m | Pos: (3307.81, 1517.13, 19.90)
[18:25:12] [PLAYER MATCH] Addr: 0x2879E268 | Moved: 9.57m | Pos: (3307.82, 1516.92, 19.79)
[18:25:12] [PLAYER MATCH] Addr: 0x2879E274 | Moved: 9.51m | Pos: (3307.82, 1517.13, 19.79)
[18:25:12] [PLAYER MATCH] Addr: 0x2879E2B0 | Moved: 9.56m | Pos: (3307.92, 1517.03, 19.85)
[18:25:12] [PLAYER MATCH] Addr: 0x2879F0A0 | Moved: 9.56m | Pos: (3307.92, 1517.03, 19.85)
[18:25:12] [PLAYER MATCH] Addr: 0x2879F0B0 | Moved: 9.60m | Pos: (3307.82, 1516.92, 19.90)
[18:25:12] [PLAYER MATCH] Addr: 0x2879F0BC | Moved: 9.55m | Pos: (3307.81, 1517.13, 19.90)
[18:25:12] [PLAYER MATCH] Addr: 0x2879F0C8 | Moved: 9.57m | Pos: (3307.82, 1516.92, 19.79)
[18:25:12] [PLAYER MATCH] Addr: 0x2879F0D4 | Moved: 9.51m | Pos: (3307.82, 1517.13, 19.79)
[18:25:12] [PLAYER MATCH] Addr: 0x2879F110 | Moved: 9.56m | Pos: (3307.92, 1517.03, 19.85)
[18:25:12] [PLAYER MATCH] Addr: 0x2879F380 | Moved: 9.56m | Pos: (3307.92, 1517.03, 19.85)
[18:25:12] [PLAYER MATCH] Addr: 0x2879F390 | Moved: 9.60m | Pos: (3307.82, 1516.92, 19.90)
[18:25:12] [PLAYER MATCH] Addr: 0x2879F39C | Moved: 9.55m | Pos: (3307.81, 1517.13, 19.90)
[18:25:12] [PLAYER MATCH] Addr: 0x2879F3A8 | Moved: 9.57m | Pos: (3307.82, 1516.92, 19.79)
[18:25:12] [PLAYER MATCH] Addr: 0x2879F3B4 | Moved: 9.51m | Pos: (3307.82, 1517.13, 19.79)
[18:25:12] [PLAYER MATCH] Addr: 0x2879F3F0 | Moved: 9.56m | Pos: (3307.92, 1517.03, 19.85)
[18:25:12] [PLAYER MATCH] Addr: 0x2879F6D0 | Moved: 9.56m | Pos: (3307.92, 1517.03, 19.85)
[18:25:12] [PLAYER MATCH] Addr: 0x287A0530 | Moved: 9.56m | Pos: (3307.92, 1517.03, 19.85)
[18:25:12] [PLAYER MATCH] Addr: 0x287A0810 | Moved: 9.56m | Pos: (3307.92, 1517.03, 19.85)
[18:25:12] [PLAYER MATCH] Addr: 0x287A0AF0 | Moved: 9.56m | Pos: (3307.92, 1517.03, 19.85)
[18:25:12] [PLAYER MATCH] Addr: 0x287B10C0 | Moved: 9.52m | Pos: (3308.06, 1517.00, 18.19)
[18:25:12] [PLAYER MATCH] Addr: 0x287C0574 | Moved: 9.52m | Pos: (3308.06, 1517.00, 18.19)
[18:25:12] [PLAYER MATCH] Addr: 0x287C0588 | Moved: 9.56m | Pos: (3307.92, 1517.03, 19.85)
[18:25:12] [PLAYER MATCH] Addr: 0x287F0ABC | Moved: 9.56m | Pos: (3307.92, 1517.03, 19.85)
[18:25:12] [PLAYER MATCH] Addr: 0x287F12EC | Moved: 9.56m | Pos: (3307.92, 1517.03, 19.85)
[18:25:12] [PLAYER MATCH] Addr: 0x2886007C | Moved: 9.52m | Pos: (3308.07, 1517.00, 18.19)
[18:25:12] [PLAYER MATCH] Addr: 0x288600C0 | Moved: 9.52m | Pos: (3308.06, 1517.00, 18.19)
[18:25:12] [PLAYER MATCH] Addr: 0x2890BA80 | Moved: 9.52m | Pos: (3308.04, 1517.00, 18.19)
[18:25:12] [PLAYER MATCH] Addr: 0x2890BAB0 | Moved: 9.53m | Pos: (3308.04, 1516.99, 18.19)
[18:25:12] [PLAYER MATCH] Addr: 0x28A32ED8 | Moved: 9.52m | Pos: (3308.06, 1517.00, 18.19)
[18:25:12] [PLAYER MATCH] Addr: 0x2B04ABA0 | Moved: 4.23m | Pos: (3313.20, 1517.40, 19.70)
[18:25:12] [PLAYER MATCH] Addr: 0x2B04ABC0 | Moved: 4.23m | Pos: (3313.20, 1517.40, 19.70)
[18:25:12] [PLAYER MATCH] Addr: 0x2C6CD3BC | Moved: 9.56m | Pos: (3307.92, 1517.03, 19.85)
[18:25:12] [PLAYER MATCH] Addr: 0x2C7071D0 | Moved: 9.46m | Pos: (3308.02, 1511.72, 24.28)
[18:25:12] [PLAYER MATCH] Addr: 0x2C707200 | Moved: 9.61m | Pos: (3308.02, 1505.37, 30.62)
[18:25:12] [PLAYER MATCH] Addr: 0x2C707230 | Moved: 8.07m | Pos: (3313.69, 1501.36, 34.82)
[18:25:12] [PLAYER MATCH] Addr: 0x2C7B5E5C | Moved: 9.56m | Pos: (3307.92, 1517.03, 19.85)
[18:25:12] [PLAYER MATCH] Addr: 0x2C98CBB0 | Moved: 9.42m | Pos: (3308.07, 1517.00, 19.18)
[18:25:12] [PLAYER MATCH] Addr: 0x2C98CE50 | Moved: 9.40m | Pos: (3308.10, 1517.08, 19.83)
[18:25:12] [PLAYER MATCH] Addr: 0x2C98D0F0 | Moved: 9.42m | Pos: (3308.07, 1517.00, 19.18)
[18:25:12] [PLAYER MATCH] Addr: 0x2C98D390 | Moved: 9.42m | Pos: (3308.07, 1517.00, 19.18)
[18:25:12] [PLAYER MATCH] Addr: 0x2C98D630 | Moved: 9.42m | Pos: (3308.07, 1517.00, 19.18)
[18:25:12] [PLAYER MATCH] Addr: 0x2C98D8D0 | Moved: 9.42m | Pos: (3308.07, 1517.00, 19.18)
[18:25:12] [PLAYER MATCH] Addr: 0x2C98DB70 | Moved: 9.37m | Pos: (3308.09, 1517.20, 19.13)
[18:25:12] [PLAYER MATCH] Addr: 0x2CA1B690 | Moved: 9.52m | Pos: (3308.06, 1517.00, 18.19)
[18:25:12] [PLAYER MATCH] Addr: 0x2CCE2970 | Moved: 9.56m | Pos: (3307.92, 1517.03, 19.85)
[18:25:12] [PLAYER MATCH] Addr: 0x2CCE2A80 | Moved: 9.56m | Pos: (3307.92, 1517.03, 19.85)
[18:25:12] [PLAYER MATCH] Addr: 0x2CCE2BCC | Moved: 9.56m | Pos: (3307.92, 1517.03, 19.85)
[18:25:12] [PLAYER MATCH] Addr: 0x2CCE2BDC | Moved: 9.60m | Pos: (3307.82, 1516.92, 19.90)
[18:25:12] [PLAYER MATCH] Addr: 0x2CCE2BE8 | Moved: 9.55m | Pos: (3307.81, 1517.13, 19.90)
[18:25:12] [PLAYER MATCH] Addr: 0x2CCE2BF4 | Moved: 9.57m | Pos: (3307.82, 1516.92, 19.79)
[18:25:12] [PLAYER MATCH] Addr: 0x2CCE2C00 | Moved: 9.51m | Pos: (3307.82, 1517.13, 19.79)
[18:25:12] [PLAYER MATCH] Addr: 0x2CCF9380 | Moved: 9.52m | Pos: (3308.06, 1517.00, 18.19)
[18:25:12] [PLAYER MATCH] Addr: 0x2CCF9750 | Moved: 9.52m | Pos: (3308.06, 1517.00, 18.19)
[18:25:12] [PLAYER MATCH] Addr: 0x2CCF988C | Moved: 9.52m | Pos: (3308.06, 1517.00, 18.19)
[18:25:12] [PLAYER MATCH] Addr: 0x2CCF9AC0 | Moved: 9.59m | Pos: (3307.93, 1516.97, 19.91)
[18:25:12] [PLAYER MATCH] Addr: 0x2CCFCDB0 | Moved: 4.23m | Pos: (3313.20, 1517.40, 19.70)
[18:25:12] [PLAYER MATCH] Addr: 0x2CCFCDD0 | Moved: 4.23m | Pos: (3313.20, 1517.40, 19.70)
[18:25:12] [PLAYER MATCH] Addr: 0x2CE82950 | Moved: 9.50m | Pos: (3308.03, 1516.68, 19.19)
[18:25:12] [PLAYER MATCH] Addr: 0x2CE82BF0 | Moved: 9.42m | Pos: (3308.07, 1517.00, 19.18)
[18:25:12] [PLAYER MATCH] Addr: 0x2CE82E90 | Moved: 9.42m | Pos: (3308.07, 1517.00, 19.18)
[18:25:12] [PLAYER MATCH] Addr: 0x2CE83130 | Moved: 9.47m | Pos: (3308.03, 1516.81, 19.19)
[18:25:12] [PLAYER MATCH] Addr: 0x2CE833D0 | Moved: 9.53m | Pos: (3308.28, 1517.04, 19.82)
[18:25:12] [PLAYER MATCH] Addr: 0x2CE83670 | Moved: 9.42m | Pos: (3308.07, 1517.00, 19.18)
[18:25:12] [PLAYER MATCH] Addr: 0x2CE83910 | Moved: 9.50m | Pos: (3308.02, 1516.68, 19.18)
[18:25:12] [PLAYER MATCH] Addr: 0x2CE83BB0 | Moved: 9.42m | Pos: (3308.07, 1517.00, 19.18)
[18:25:12] [PLAYER MATCH] Addr: 0x2CE84390 | Moved: 9.47m | Pos: (3307.74, 1517.12, 19.63)
[18:25:12] [PLAYER MATCH] Addr: 0x2CE9E930 | Moved: 9.47m | Pos: (3307.74, 1517.12, 19.63)
[18:25:12] [PLAYER MATCH] Addr: 0x2F65236C | Moved: 9.56m | Pos: (3307.92, 1517.03, 19.85)
[18:25:12] [PLAYER MATCH] Addr: 0x2F7F216C | Moved: 9.56m | Pos: (3307.92, 1517.03, 19.85)
[18:25:12] [PLAYER MATCH] Addr: 0x2F88FEAC | Moved: 9.56m | Pos: (3307.92, 1517.03, 19.85)
[18:25:12] [PLAYER MATCH] Addr: 0x2F8906DC | Moved: 9.56m | Pos: (3307.92, 1517.03, 19.85)
[18:25:12] [PLAYER MATCH] Addr: 0x2F890F0C | Moved: 9.56m | Pos: (3307.92, 1517.03, 19.85)
[18:25:12] [PLAYER MATCH] Addr: 0x2F8B4690 | Moved: 9.56m | Pos: (3307.92, 1517.03, 19.85)
[18:25:12] [PLAYER MATCH] Addr: 0x2F8B4F30 | Moved: 9.51m | Pos: (3307.92, 1517.03, 19.85)
[18:25:12] [PLAYER MATCH] Addr: 0x2F8B50A0 | Moved: 9.56m | Pos: (3307.92, 1517.03, 19.85)
[18:25:12] [PLAYER MATCH] Addr: 0x2F8B61E0 | Moved: 9.56m | Pos: (3307.92, 1517.03, 19.85)
[18:25:12] [PLAYER MATCH] Addr: 0x2F8B64C0 | Moved: 9.56m | Pos: (3307.92, 1517.03, 19.85)
[18:25:12] [PLAYER MATCH] Addr: 0x2F94DBA0 | Moved: 9.56m | Pos: (3307.92, 1517.03, 19.85)
[18:25:12] [PLAYER MATCH] Addr: 0x2F94DCB0 | Moved: 9.56m | Pos: (3307.92, 1517.03, 19.85)
[18:25:12] [PLAYER MATCH] Addr: 0x2F94DDFC | Moved: 9.56m | Pos: (3307.92, 1517.03, 19.85)
[18:25:12] [PLAYER MATCH] Addr: 0x2F94DE0C | Moved: 9.60m | Pos: (3307.82, 1516.92, 19.90)
[18:25:12] [PLAYER MATCH] Addr: 0x2F94DE18 | Moved: 9.55m | Pos: (3307.81, 1517.13, 19.90)
[18:25:12] [PLAYER MATCH] Addr: 0x2F94DE24 | Moved: 9.57m | Pos: (3307.82, 1516.92, 19.79)
[18:25:12] [PLAYER MATCH] Addr: 0x2F94DE30 | Moved: 9.51m | Pos: (3307.82, 1517.13, 19.79)
[18:25:12] [PLAYER MATCH] Addr: 0x2FB7975C | Moved: 9.56m | Pos: (3307.92, 1517.03, 19.85)
[18:25:12] [PLAYER MATCH] Addr: 0x2FDA2E20 | Moved: 3.59m | Pos: (3530.03, 1624.91, 66.38)
[18:25:12] [PLAYER MATCH] Addr: 0x300A740C | Moved: 9.51m | Pos: (3307.92, 1517.03, 19.85)
[18:25:12] [PLAYER MATCH] Addr: 0x300A7C2C | Moved: 9.56m | Pos: (3307.92, 1517.03, 19.85)
[18:25:12] [PLAYER MATCH] Addr: 0x305060CC | Moved: 9.56m | Pos: (3307.92, 1517.03, 19.85)
[18:25:12] [PLAYER MATCH] Addr: 0x30B5A4AC | Moved: 9.56m | Pos: (3307.92, 1517.03, 19.85)
[18:25:12] [PLAYER MATCH] Addr: 0x30D087D0 | Moved: 9.56m | Pos: (3307.92, 1517.03, 19.85)
[18:25:12] [PLAYER MATCH] Addr: 0x30D088E0 | Moved: 9.56m | Pos: (3307.92, 1517.03, 19.85)
[18:25:12] [PLAYER MATCH] Addr: 0x30D08A2C | Moved: 9.56m | Pos: (3307.92, 1517.03, 19.85)
[18:25:12] [PLAYER MATCH] Addr: 0x30D08A3C | Moved: 9.60m | Pos: (3307.82, 1516.92, 19.90)
[18:25:12] [PLAYER MATCH] Addr: 0x30D08A48 | Moved: 9.55m | Pos: (3307.81, 1517.13, 19.90)
[18:25:12] [PLAYER MATCH] Addr: 0x30D08A54 | Moved: 9.57m | Pos: (3307.82, 1516.92, 19.79)
[18:25:12] [PLAYER MATCH] Addr: 0x30D08A60 | Moved: 9.51m | Pos: (3307.82, 1517.13, 19.79)
[18:25:12] [PLAYER MATCH] Addr: 0x30E7AC00 | Moved: 9.56m | Pos: (3307.92, 1517.03, 19.85)
[18:25:12] [PLAYER MATCH] Addr: 0x30E7AEE0 | Moved: 9.56m | Pos: (3307.92, 1517.03, 19.85)
[18:25:12] [PLAYER MATCH] Addr: 0x30E7B1C0 | Moved: 9.56m | Pos: (3307.92, 1517.03, 19.85)
[18:25:12] [PLAYER MATCH] Addr: 0x30E7B4A0 | Moved: 9.56m | Pos: (3307.92, 1517.03, 19.85)
[18:25:12] [PLAYER MATCH] Addr: 0x30E7B780 | Moved: 9.56m | Pos: (3307.92, 1517.03, 19.85)
[18:25:12] [PLAYER MATCH] Addr: 0x30E7BA60 | Moved: 9.56m | Pos: (3307.92, 1517.03, 19.85)
[18:25:12] [PLAYER MATCH] Addr: 0x30E7C020 | Moved: 9.56m | Pos: (3307.92, 1517.03, 19.85)
[18:25:12] [PLAYER MATCH] Addr: 0x30E7C300 | Moved: 9.56m | Pos: (3307.92, 1517.03, 19.85)
[18:25:12] [PLAYER MATCH] Addr: 0x30E7C5E0 | Moved: 9.56m | Pos: (3307.92, 1517.03, 19.85)
[18:25:12] [PLAYER MATCH] Addr: 0x30E7C8C0 | Moved: 9.56m | Pos: (3307.92, 1517.03, 19.85)
[18:25:12] [PLAYER MATCH] Addr: 0x30E7CBA0 | Moved: 9.56m | Pos: (3307.92, 1517.03, 19.85)
[18:25:12] [PLAYER MATCH] Addr: 0x30E7CE80 | Moved: 9.56m | Pos: (3307.92, 1517.03, 19.85)
[18:25:12] [PLAYER MATCH] Addr: 0x30E7D160 | Moved: 9.56m | Pos: (3307.92, 1517.03, 19.85)
[18:25:12] [PLAYER MATCH] Addr: 0x30E7D440 | Moved: 9.56m | Pos: (3307.92, 1517.03, 19.85)
[18:25:12] [PLAYER MATCH] Addr: 0x30E7D720 | Moved: 9.56m | Pos: (3307.92, 1517.03, 19.85)
[18:25:12] [PLAYER MATCH] Addr: 0x30E7DA00 | Moved: 9.56m | Pos: (3307.92, 1517.03, 19.85)
[18:25:12] [PLAYER MATCH] Addr: 0x30E7DCE0 | Moved: 9.56m | Pos: (3307.92, 1517.03, 19.85)
[18:25:12] [PLAYER MATCH] Addr: 0x30E7DFC0 | Moved: 9.56m | Pos: (3307.92, 1517.03, 19.85)
[18:25:12] [PLAYER MATCH] Addr: 0x30E7E2A0 | Moved: 9.56m | Pos: (3307.92, 1517.03, 19.85)
[18:25:12] [PLAYER MATCH] Addr: 0x30E7E580 | Moved: 9.56m | Pos: (3307.92, 1517.03, 19.85)
[18:25:12] [PLAYER MATCH] Addr: 0x30E7E7F0 | Moved: 13.24m | Pos: (2449.67, 1467.77, 576.32)
[18:25:12] [PLAYER MATCH] Addr: 0x30E7E7F4 | Moved: 4.69m | Pos: (1467.77, 576.32, -2.00)
[18:25:12] [PLAYER MATCH] Addr: 0x30E7E800 | Moved: 13.25m | Pos: (2458.19, 1484.39, 590.64)
[18:25:12] [PLAYER MATCH] Addr: 0x30E7E80C | Moved: 13.25m | Pos: (2459.52, 1451.15, 589.75)
[18:25:12] [PLAYER MATCH] Addr: 0x30E7E818 | Moved: 13.24m | Pos: (2439.81, 1484.39, 562.89)
[18:25:12] [PLAYER MATCH] Addr: 0x30E7E824 | Moved: 13.24m | Pos: (2441.15, 1451.15, 562.00)
[18:25:12] [PLAYER MATCH] Addr: 0x30E7E830 | Moved: 12.03m | Pos: (3327.87, 1534.77, 14.79)
[18:25:12] [PLAYER MATCH] Addr: 0x30E7E83C | Moved: 12.03m | Pos: (3329.21, 1501.53, 13.90)
[18:25:12] [PLAYER MATCH] Addr: 0x30E7E848 | Moved: 12.03m | Pos: (3309.50, 1534.77, -12.96)
[18:25:12] [PLAYER MATCH] Addr: 0x30E7E854 | Moved: 12.03m | Pos: (3310.84, 1501.53, -13.85)
[18:25:12] [PLAYER MATCH] Addr: 0x30E7E860 | Moved: 9.56m | Pos: (3307.92, 1517.03, 19.85)
[18:25:12] [PLAYER MATCH] Addr: 0x30E7EB40 | Moved: 9.56m | Pos: (3307.92, 1517.03, 19.85)
[18:25:12] [PLAYER MATCH] Addr: 0x30E7EE20 | Moved: 9.56m | Pos: (3307.92, 1517.03, 19.85)
[18:25:12] [PLAYER MATCH] Addr: 0x30E7F100 | Moved: 9.56m | Pos: (3307.92, 1517.03, 19.85)
[18:25:12] [PLAYER MATCH] Addr: 0x30E7F3E0 | Moved: 9.56m | Pos: (3307.92, 1517.03, 19.85)
[18:25:12] [PLAYER MATCH] Addr: 0x312E8C0C | Moved: 9.56m | Pos: (3307.92, 1517.03, 19.85)
[18:25:12] [PLAYER MATCH] Addr: 0x314D632C | Moved: 9.56m | Pos: (3307.92, 1517.03, 19.85)
[18:25:12] [PLAYER MATCH] Addr: 0x316FE718 | Moved: 5.95m | Pos: (3312.01, 1517.27, 18.04)
[18:25:12] [PLAYER MATCH] Addr: 0x316FE770 | Moved: 5.80m | Pos: (3311.96, 1517.36, 18.19)
[18:25:12] [PLAYER MATCH] Addr: 0x316FE7B0 | Moved: 5.80m | Pos: (3311.96, 1517.36, 18.19)
[18:25:12] [PLAYER MATCH] Addr: 0x316FE7C8 | Moved: 5.80m | Pos: (3311.96, 1517.36, 18.09)
[18:25:12] [PLAYER MATCH] Addr: 0x318A9050 | Moved: 9.52m | Pos: (3308.06, 1517.00, 18.19)
[18:25:12] [PLAYER MATCH] Addr: 0x3195F50C | Moved: 9.56m | Pos: (3307.92, 1517.03, 19.85)
[18:25:12] [PLAYER MATCH] Addr: 0x356C1410 | Moved: 5.95m | Pos: (3312.01, 1517.27, 18.04)
[18:25:12] [PLAYER MATCH] Addr: 0x356C1448 | Moved: 5.61m | Pos: (3312.12, 1517.42, 18.06)
[18:25:12] [PLAYER MATCH] Addr: 0x356C1480 | Moved: 5.58m | Pos: (3312.11, 1517.42, 18.09)
[18:25:12] [PLAYER MATCH] Addr: 0x356C14B8 | Moved: 5.69m | Pos: (3312.07, 1517.42, 18.16)
[18:25:12] [PLAYER MATCH] Addr: 0x356C14F0 | Moved: 5.64m | Pos: (3312.03, 1517.41, 18.14)
[18:25:12] [PLAYER MATCH] Addr: 0x356C1690 | Moved: 5.95m | Pos: (3312.01, 1517.27, 18.04)
[18:25:12] [PLAYER MATCH] Addr: 0x356C16C8 | Moved: 5.60m | Pos: (3312.12, 1517.42, 18.06)
[18:25:12] [PLAYER MATCH] Addr: 0x356C1700 | Moved: 5.58m | Pos: (3312.11, 1517.42, 18.09)
[18:25:12] [PLAYER MATCH] Addr: 0x356C1738 | Moved: 5.69m | Pos: (3312.07, 1517.42, 18.16)
[18:25:12] [PLAYER MATCH] Addr: 0x356C1770 | Moved: 5.64m | Pos: (3312.03, 1517.41, 18.14)
[18:25:12] [PLAYER MATCH] Addr: 0x3573F48C | Moved: 9.56m | Pos: (3307.92, 1517.03, 19.85)
[18:25:12] [PLAYER MATCH] Addr: 0x3578F940 | Moved: 9.56m | Pos: (3307.92, 1517.03, 19.85)
[18:25:12] [PLAYER MATCH] Addr: 0x3578FAB0 | Moved: 9.56m | Pos: (3307.92, 1517.03, 19.85)
[18:25:12] [PLAYER MATCH] Addr: 0x3578FC20 | Moved: 9.56m | Pos: (3307.92, 1517.03, 19.85)
[18:25:12] [PLAYER MATCH] Addr: 0x3578FD90 | Moved: 9.56m | Pos: (3307.92, 1517.03, 19.85)
[18:25:12] [PLAYER MATCH] Addr: 0x35790070 | Moved: 9.56m | Pos: (3307.92, 1517.03, 19.85)
[18:25:12] [PLAYER MATCH] Addr: 0x35790350 | Moved: 9.56m | Pos: (3307.92, 1517.03, 19.85)
[18:25:12] [PLAYER MATCH] Addr: 0x35790910 | Moved: 9.56m | Pos: (3307.92, 1517.03, 19.85)
[18:25:12] [PLAYER MATCH] Addr: 0x35790A80 | Moved: 9.56m | Pos: (3307.92, 1517.03, 19.85)
[18:25:12] [PLAYER MATCH] Addr: 0x35790BF0 | Moved: 9.56m | Pos: (3307.92, 1517.03, 19.85)
[18:25:12] [PLAYER MATCH] Addr: 0x35790D60 | Moved: 9.56m | Pos: (3307.92, 1517.03, 19.85)
[18:25:12] [PLAYER MATCH] Addr: 0x35790ED0 | Moved: 9.56m | Pos: (3307.92, 1517.03, 19.85)
[18:25:12] [PLAYER MATCH] Addr: 0x35791040 | Moved: 9.56m | Pos: (3307.92, 1517.03, 19.85)
[18:25:12] [PLAYER MATCH] Addr: 0x357911B0 | Moved: 9.56m | Pos: (3307.92, 1517.03, 19.85)
[18:25:12] [PLAYER MATCH] Addr: 0x36155E10 | Moved: 4.23m | Pos: (3313.20, 1517.40, 19.70)
[18:25:12] [PLAYER MATCH] Addr: 0x36155E30 | Moved: 4.23m | Pos: (3313.20, 1517.40, 19.70)
[18:25:12] [SCAN-F2] Found 639 matching player candidate(s)!
[18:25:12] [LOCKED] Tracking real player at: 0x03F59A6C
[18:25:12] [PLAYER] X = 3307.918 | Y = 1517.026 | Z = 19.851
[18:25:13] [PLAYER] X = 3306.493 | Y = 1516.983 | Z = 19.929
[18:25:13] [PLAYER] X = 3302.525 | Y = 1516.876 | Z = 20.214
[18:25:14] [PLAYER] X = 3298.875 | Y = 1518.691 | Z = 20.566
[18:25:14] [PLAYER] X = 3648.662 | Y = 1959.897 | Z = 263.009
[18:25:15] [PLAYER] X = 3296.166 | Y = 1521.076 | Z = 21.123
[18:25:15] =========================================
[18:25:15] [SCAN-F2] Checking which stationary candidates moved with player...
[18:25:15] [PLAYER MATCH] Addr: 0x03F79C6C | Moved: 12.49m | Pos: (3296.17, 1521.08, 21.12)
[18:25:15] [PLAYER MATCH] Addr: 0x03F79C8C | Moved: 12.49m | Pos: (3296.17, 1521.08, 21.12)
[18:25:15] [PLAYER MATCH] Addr: 0x05B1DFD8 | Moved: 29.22m | Pos: (3296.70, 1540.10, 18.81)
[18:25:15] [PLAYER MATCH] Addr: 0x05B1E020 | Moved: 29.22m | Pos: (3296.70, 1540.10, 18.81)
[18:25:15] [PLAYER MATCH] Addr: 0x05B1E14C | Moved: 58.23m | Pos: (1488.57, 429.37, 1.68)
[18:25:15] [PLAYER MATCH] Addr: 0x05B1EFE0 | Moved: 12.49m | Pos: (3296.17, 1521.08, 21.12)
[18:25:15] [PLAYER MATCH] Addr: 0x05B1F1D0 | Moved: 12.49m | Pos: (3296.17, 1521.08, 10.88)
[18:25:15] [PLAYER MATCH] Addr: 0x05B1FBA0 | Moved: 12.49m | Pos: (3296.17, 1521.08, 21.12)
[18:25:15] [PLAYER MATCH] Addr: 0x05B1FCB0 | Moved: 12.49m | Pos: (3296.17, 1521.08, 21.12)
[18:25:15] [PLAYER MATCH] Addr: 0x05B1FDFC | Moved: 12.49m | Pos: (3296.17, 1521.08, 21.12)
[18:25:15] [PLAYER MATCH] Addr: 0x05E09068 | Moved: 12.49m | Pos: (3296.17, 1521.08, 21.12)
[18:25:15] [PLAYER MATCH] Addr: 0x05E540F0 | Moved: 12.49m | Pos: (3296.17, 1521.08, 21.12)
[18:25:15] [PLAYER MATCH] Addr: 0x119F00F0 | Moved: 12.70m | Pos: (3296.02, 1521.00, 19.49)
[18:25:15] [PLAYER MATCH] Addr: 0x11EFEDF0 | Moved: 12.34m | Pos: (3296.58, 1521.42, 19.40)
[18:25:15] [PLAYER MATCH] Addr: 0x11EFEF20 | Moved: 12.52m | Pos: (3296.25, 1520.96, 19.91)
[18:25:15] [PLAYER MATCH] Addr: 0x11EFEF94 | Moved: 12.71m | Pos: (3297.00, 1522.00, 19.37)
[18:25:15] [PLAYER MATCH] Addr: 0x11EFEFE0 | Moved: 12.58m | Pos: (3296.18, 1521.00, 19.47)
[18:25:15] [PLAYER MATCH] Addr: 0x11EFF030 | Moved: 12.35m | Pos: (3296.56, 1521.39, 19.43)
[18:25:15] [PLAYER MATCH] Addr: 0x11EFF090 | Moved: 12.52m | Pos: (3296.25, 1520.96, 19.91)
[18:25:15] [PLAYER MATCH] Addr: 0x11EFF0A0 | Moved: 12.52m | Pos: (3296.25, 1520.96, 20.81)
[18:25:15] [PLAYER MATCH] Addr: 0x11EFF0B0 | Moved: 12.71m | Pos: (3297.00, 1522.00, 19.37)
[18:25:15] [PLAYER MATCH] Addr: 0x11EFF0C0 | Moved: 12.73m | Pos: (3296.00, 1522.00, 19.54)
[18:25:15] [PLAYER MATCH] Addr: 0x11EFF0D0 | Moved: 12.70m | Pos: (3297.00, 1521.00, 19.29)
[18:25:15] [PLAYER MATCH] Addr: 0x11EFF140 | Moved: 12.58m | Pos: (3296.18, 1521.00, 19.47)
[18:25:15] [PLAYER MATCH] Addr: 0x11EFF180 | Moved: 12.58m | Pos: (3296.18, 1521.00, 19.47)
[18:25:15] [PLAYER MATCH] Addr: 0x11EFF2AC | Moved: 12.65m | Pos: (1521.00, 3296.00, 0.00)
[18:25:15] [PLAYER MATCH] Addr: 0x11EFF800 | Moved: 12.45m | Pos: (3296.25, 1520.96, 0.00)
[18:25:15] [PLAYER MATCH] Addr: 0x11EFF840 | Moved: 12.52m | Pos: (3295.65, 1520.36, 19.31)
[18:25:15] [PLAYER MATCH] Addr: 0x11EFF850 | Moved: 12.52m | Pos: (3296.85, 1521.56, 21.41)
[18:25:15] [PLAYER MATCH] Addr: 0x11EFF890 | Moved: 12.52m | Pos: (3296.25, 1520.96, 19.46)
[18:25:15] [PLAYER MATCH] Addr: 0x11EFF900 | Moved: 12.52m | Pos: (3296.25, 1520.96, 19.46)
[18:25:15] [PLAYER MATCH] Addr: 0x11EFF9C0 | Moved: 12.52m | Pos: (3296.25, 1520.96, 21.02)
[18:25:15] [PLAYER MATCH] Addr: 0x11EFFA10 | Moved: 12.70m | Pos: (3296.02, 1521.00, 19.49)
[18:25:15] [PLAYER MATCH] Addr: 0x11EFFA40 | Moved: 12.63m | Pos: (3296.10, 1520.92, 19.47)
[18:25:15] [PLAYER MATCH] Addr: 0x11EFFA70 | Moved: 12.58m | Pos: (3296.18, 1521.00, 19.47)
[18:25:15] [PLAYER MATCH] Addr: 0x11EFFAA0 | Moved: 12.70m | Pos: (3296.02, 1521.00, 19.49)
[18:25:15] [PLAYER MATCH] Addr: 0x11EFFDE0 | Moved: 12.52m | Pos: (3296.25, 1520.96, 19.46)
[18:25:15] [PLAYER MATCH] Addr: 0x11EFFDF0 | Moved: 12.52m | Pos: (3296.25, 1520.96, 19.91)
[18:25:15] [PLAYER MATCH] Addr: 0x11EFFE00 | Moved: 12.52m | Pos: (3296.25, 1520.96, 20.81)
[18:25:15] [PLAYER MATCH] Addr: 0x11EFFE40 | Moved: 12.52m | Pos: (3295.80, 1520.51, 19.46)
[18:25:15] [PLAYER MATCH] Addr: 0x11EFFE50 | Moved: 12.52m | Pos: (3296.70, 1521.41, 21.26)
[18:25:15] [PLAYER MATCH] Addr: 0x11EFFE8C | Moved: 12.45m | Pos: (3296.70, 1521.41, 0.00)
[18:25:15] [PLAYER MATCH] Addr: 0x11FB9584 | Moved: 12.49m | Pos: (3296.17, 1521.08, 21.12)
[18:25:15] [PLAYER MATCH] Addr: 0x11FD1840 | Moved: 12.49m | Pos: (3296.17, 1521.08, 21.12)
[18:25:15] [PLAYER MATCH] Addr: 0x11FD1850 | Moved: 12.57m | Pos: (3296.02, 1521.07, 21.17)
[18:25:15] [PLAYER MATCH] Addr: 0x11FD185C | Moved: 12.42m | Pos: (3296.15, 1521.22, 21.17)
[18:25:15] [PLAYER MATCH] Addr: 0x11FD1868 | Moved: 12.57m | Pos: (3296.03, 1521.06, 21.06)
[18:25:15] [PLAYER MATCH] Addr: 0x11FD1874 | Moved: 12.42m | Pos: (3296.16, 1521.22, 21.06)
[18:25:15] [PLAYER MATCH] Addr: 0x11FD18B0 | Moved: 12.49m | Pos: (3296.17, 1521.08, 21.12)
[18:25:15] [PLAYER MATCH] Addr: 0x11FD18BC | Moved: 12.49m | Pos: (3296.17, 1521.08, 21.12)
[18:25:15] [PLAYER MATCH] Addr: 0x11FD19B0 | Moved: 12.49m | Pos: (3296.17, 1521.08, 21.12)
[18:25:15] [PLAYER MATCH] Addr: 0x11FD1AC0 | Moved: 12.49m | Pos: (3296.17, 1521.08, 21.12)
[18:25:15] [PLAYER MATCH] Addr: 0x11FD1C0C | Moved: 12.49m | Pos: (3296.17, 1521.08, 21.12)
[18:25:15] [PLAYER MATCH] Addr: 0x11FD1C1C | Moved: 12.57m | Pos: (3296.02, 1521.07, 21.17)
[18:25:15] [PLAYER MATCH] Addr: 0x11FD1C28 | Moved: 12.42m | Pos: (3296.15, 1521.22, 21.17)
[18:25:15] [PLAYER MATCH] Addr: 0x11FD1C34 | Moved: 12.57m | Pos: (3296.03, 1521.06, 21.06)
[18:25:15] [PLAYER MATCH] Addr: 0x11FD1C40 | Moved: 12.42m | Pos: (3296.16, 1521.22, 21.06)
[18:25:15] [PLAYER MATCH] Addr: 0x11FD2660 | Moved: 12.49m | Pos: (3296.17, 1521.08, 21.12)
[18:25:15] [PLAYER MATCH] Addr: 0x11FD2670 | Moved: 12.49m | Pos: (3296.17, 1521.08, 21.12)
[18:25:15] [PLAYER MATCH] Addr: 0x11FD27A8 | Moved: 12.49m | Pos: (3296.17, 1521.08, 21.12)
[18:25:15] [PLAYER MATCH] Addr: 0x11FD27B8 | Moved: 12.57m | Pos: (3296.02, 1521.07, 21.17)
[18:25:15] [PLAYER MATCH] Addr: 0x11FD27C4 | Moved: 12.42m | Pos: (3296.15, 1521.22, 21.17)
[18:25:15] [PLAYER MATCH] Addr: 0x11FD27D0 | Moved: 12.57m | Pos: (3296.03, 1521.06, 21.06)
[18:25:15] [PLAYER MATCH] Addr: 0x11FD27DC | Moved: 12.42m | Pos: (3296.16, 1521.22, 21.06)
[18:25:15] [PLAYER MATCH] Addr: 0x11FD2900 | Moved: 12.49m | Pos: (3296.17, 1521.08, 21.12)
[18:25:15] [PLAYER MATCH] Addr: 0x11FD2A10 | Moved: 12.49m | Pos: (3296.17, 1521.08, 21.12)
[18:25:15] [PLAYER MATCH] Addr: 0x11FD2B5C | Moved: 12.49m | Pos: (3296.17, 1521.08, 21.12)
[18:25:15] [PLAYER MATCH] Addr: 0x11FD2B6C | Moved: 12.57m | Pos: (3296.02, 1521.07, 21.17)
[18:25:15] [PLAYER MATCH] Addr: 0x11FD2B78 | Moved: 12.42m | Pos: (3296.15, 1521.22, 21.17)
[18:25:15] [PLAYER MATCH] Addr: 0x11FD2B84 | Moved: 12.57m | Pos: (3296.03, 1521.06, 21.06)
[18:25:15] [PLAYER MATCH] Addr: 0x11FD2B90 | Moved: 12.42m | Pos: (3296.16, 1521.22, 21.06)
[18:25:15] [PLAYER MATCH] Addr: 0x12000180 | Moved: 11.14m | Pos: (3211.57, 1519.95, 81.15)
[18:25:15] [PLAYER MATCH] Addr: 0x120001AC | Moved: 19.39m | Pos: (3249.14, 1527.29, 73.73)
[18:25:15] [PLAYER MATCH] Addr: 0x120001D8 | Moved: 9.81m | Pos: (3220.70, 1516.86, 79.33)
[18:25:15] [PLAYER MATCH] Addr: 0x12000204 | Moved: 18.31m | Pos: (3256.05, 1510.37, 74.91)
[18:25:15] [PLAYER MATCH] Addr: 0x12000230 | Moved: 47.30m | Pos: (3245.67, 1527.82, 71.94)
[18:25:15] [PLAYER MATCH] Addr: 0x1200025C | Moved: 43.39m | Pos: (3257.37, 1529.48, 65.67)
[18:25:15] [PLAYER MATCH] Addr: 0x120002B4 | Moved: 19.31m | Pos: (3210.43, 1528.70, 68.06)
[18:25:15] [PLAYER MATCH] Addr: 0x120002E0 | Moved: 35.91m | Pos: (3208.43, 1530.17, 67.83)
[18:25:15] [PLAYER MATCH] Addr: 0x12000364 | Moved: 55.34m | Pos: (3273.20, 1532.43, 24.17)
[18:25:15] [PLAYER MATCH] Addr: 0x12000390 | Moved: 54.18m | Pos: (3288.52, 1527.60, 21.38)
[18:25:15] [PLAYER MATCH] Addr: 0x1200138C | Moved: 46.40m | Pos: (3252.21, 1619.38, 43.96)
[18:25:15] [PLAYER MATCH] Addr: 0x120C48A0 | Moved: 13.40m | Pos: (2442.30, 1474.01, 584.40)
[18:25:15] [PLAYER MATCH] Addr: 0x120C49A0 | Moved: 12.71m | Pos: (3285.49, 1522.84, 26.21)
[18:25:15] [PLAYER MATCH] Addr: 0x120C49B0 | Moved: 13.40m | Pos: (2442.30, 1474.01, 584.40)
[18:25:15] [PLAYER MATCH] Addr: 0x120C4AFC | Moved: 13.40m | Pos: (2442.30, 1474.01, 584.40)
[18:25:15] [PLAYER MATCH] Addr: 0x120C4B0C | Moved: 12.71m | Pos: (3287.20, 1526.18, 29.09)
[18:25:15] [PLAYER MATCH] Addr: 0x120C4B18 | Moved: 12.71m | Pos: (3287.47, 1519.51, 28.91)
[18:25:15] [PLAYER MATCH] Addr: 0x120C4B24 | Moved: 12.71m | Pos: (3283.51, 1526.18, 23.51)
[18:25:15] [PLAYER MATCH] Addr: 0x120C4B30 | Moved: 12.71m | Pos: (3283.78, 1519.51, 23.34)
[18:25:15] [PLAYER MATCH] Addr: 0x120C4B3C | Moved: 12.71m | Pos: (3303.34, 1527.12, 18.40)
[18:25:15] [PLAYER MATCH] Addr: 0x120C4B48 | Moved: 12.71m | Pos: (3303.61, 1520.44, 18.22)
[18:25:15] [PLAYER MATCH] Addr: 0x120C4B54 | Moved: 12.71m | Pos: (3299.65, 1527.12, 12.83)
[18:25:15] [PLAYER MATCH] Addr: 0x120C4B60 | Moved: 12.71m | Pos: (3299.92, 1520.44, 12.65)
[18:25:15] [PLAYER MATCH] Addr: 0x120C4C70 | Moved: 13.40m | Pos: (2442.30, 1474.01, 584.40)
[18:25:15] [PLAYER MATCH] Addr: 0x120C4D70 | Moved: 13.40m | Pos: (2442.30, 1474.01, 584.40)
[18:25:15] [PLAYER MATCH] Addr: 0x120C4D80 | Moved: 13.40m | Pos: (2442.30, 1474.01, 584.40)
[18:25:15] [PLAYER MATCH] Addr: 0x120C4ECC | Moved: 13.40m | Pos: (2442.30, 1474.01, 584.40)
[18:25:15] [PLAYER MATCH] Addr: 0x120C4EDC | Moved: 13.40m | Pos: (2444.01, 1477.35, 587.28)
[18:25:15] [PLAYER MATCH] Addr: 0x120C4EE8 | Moved: 13.40m | Pos: (2444.28, 1470.67, 587.10)
[18:25:15] [PLAYER MATCH] Addr: 0x120C4EF4 | Moved: 13.40m | Pos: (2440.32, 1477.35, 581.70)
[18:25:15] [PLAYER MATCH] Addr: 0x120C4F00 | Moved: 13.40m | Pos: (2440.59, 1470.67, 581.53)
[18:25:15] [PLAYER MATCH] Addr: 0x120C4F0C | Moved: 12.71m | Pos: (3303.34, 1527.12, 18.40)
[18:25:15] [PLAYER MATCH] Addr: 0x120C4F18 | Moved: 12.71m | Pos: (3303.61, 1520.44, 18.22)
[18:25:15] [PLAYER MATCH] Addr: 0x120C4F24 | Moved: 12.71m | Pos: (3299.65, 1527.12, 12.83)
[18:25:15] [PLAYER MATCH] Addr: 0x120C4F30 | Moved: 12.71m | Pos: (3299.92, 1520.44, 12.65)
[18:25:15] [PLAYER MATCH] Addr: 0x120C5050 | Moved: 19.17m | Pos: (2438.42, 1483.00, 579.33)
[18:25:15] [PLAYER MATCH] Addr: 0x120C5054 | Moved: 15.52m | Pos: (1483.00, 579.33, 1.00)
[18:25:15] [PLAYER MATCH] Addr: 0x120C5150 | Moved: 17.26m | Pos: (3255.34, 1530.31, 38.53)
[18:25:15] [PLAYER MATCH] Addr: 0x120C5160 | Moved: 19.17m | Pos: (2438.42, 1483.00, 579.33)
[18:25:15] [PLAYER MATCH] Addr: 0x120C5164 | Moved: 15.52m | Pos: (1483.00, 579.33, 0.83)
[18:25:15] [PLAYER MATCH] Addr: 0x120C5190 | Moved: 5.92m | Pos: (980.85, 1048.46, 1.57)
[18:25:15] [PLAYER MATCH] Addr: 0x120C52AC | Moved: 19.17m | Pos: (2438.42, 1483.00, 579.33)
[18:25:15] [PLAYER MATCH] Addr: 0x120C52B0 | Moved: 15.52m | Pos: (1483.00, 579.33, 0.00)
[18:25:15] [PLAYER MATCH] Addr: 0x120C52BC | Moved: 17.26m | Pos: (3263.86, 1546.93, 52.85)
[18:25:15] [PLAYER MATCH] Addr: 0x120C52C8 | Moved: 17.26m | Pos: (3265.20, 1513.69, 51.96)
[18:25:15] [PLAYER MATCH] Addr: 0x120C52D4 | Moved: 17.26m | Pos: (3245.49, 1546.93, 25.10)
[18:25:15] [PLAYER MATCH] Addr: 0x120C52E0 | Moved: 17.26m | Pos: (3246.82, 1513.69, 24.21)
[18:25:15] [PLAYER MATCH] Addr: 0x120C52EC | Moved: 17.26m | Pos: (3320.17, 1550.19, 15.57)
[18:25:15] [PLAYER MATCH] Addr: 0x120C52F8 | Moved: 17.26m | Pos: (3321.51, 1516.95, 14.68)
[18:25:15] [PLAYER MATCH] Addr: 0x120C5304 | Moved: 17.26m | Pos: (3301.80, 1550.19, -12.18)
[18:25:15] [PLAYER MATCH] Addr: 0x120C5310 | Moved: 17.26m | Pos: (3303.14, 1516.95, -13.07)
[18:25:15] [PLAYER MATCH] Addr: 0x120C5420 | Moved: 19.17m | Pos: (2438.42, 1483.00, 579.33)
[18:25:15] [PLAYER MATCH] Addr: 0x120C5424 | Moved: 15.52m | Pos: (1483.00, 579.33, 1.00)
[18:25:15] [PLAYER MATCH] Addr: 0x120C5520 | Moved: 19.17m | Pos: (2438.42, 1483.00, 579.33)
[18:25:15] [PLAYER MATCH] Addr: 0x120C5524 | Moved: 15.52m | Pos: (1483.00, 579.33, 1.00)
[18:25:15] [PLAYER MATCH] Addr: 0x120C5530 | Moved: 19.17m | Pos: (2438.42, 1483.00, 579.33)
[18:25:15] [PLAYER MATCH] Addr: 0x120C5534 | Moved: 15.52m | Pos: (1483.00, 579.33, 0.83)
[18:25:15] [PLAYER MATCH] Addr: 0x120C567C | Moved: 19.17m | Pos: (2438.42, 1483.00, 579.33)
[18:25:15] [PLAYER MATCH] Addr: 0x120C5680 | Moved: 15.52m | Pos: (1483.00, 579.33, 0.00)
[18:25:15] [PLAYER MATCH] Addr: 0x120C568C | Moved: 19.17m | Pos: (2446.94, 1499.62, 593.65)
[18:25:15] [PLAYER MATCH] Addr: 0x120C5698 | Moved: 19.17m | Pos: (2448.28, 1466.38, 592.76)
[18:25:15] [PLAYER MATCH] Addr: 0x120C56A4 | Moved: 19.17m | Pos: (2428.57, 1499.62, 565.90)
[18:25:15] [PLAYER MATCH] Addr: 0x120C56B0 | Moved: 19.17m | Pos: (2429.91, 1466.38, 565.01)
[18:25:15] [PLAYER MATCH] Addr: 0x120C56BC | Moved: 17.26m | Pos: (3320.17, 1550.19, 15.57)
[18:25:15] [PLAYER MATCH] Addr: 0x120C56C8 | Moved: 17.26m | Pos: (3321.51, 1516.95, 14.68)
[18:25:15] [PLAYER MATCH] Addr: 0x120C56D4 | Moved: 17.26m | Pos: (3301.80, 1550.19, -12.18)
[18:25:15] [PLAYER MATCH] Addr: 0x120C56E0 | Moved: 17.26m | Pos: (3303.14, 1516.95, -13.07)
[18:25:15] [PLAYER MATCH] Addr: 0x120C5940 | Moved: 41.22m | Pos: (744.28, 1173.66, 1.57)
[18:25:15] [PLAYER MATCH] Addr: 0x120C5FC0 | Moved: 12.77m | Pos: (2442.98, 1472.42, 585.30)
[18:25:15] [PLAYER MATCH] Addr: 0x120C60C0 | Moved: 12.77m | Pos: (2442.98, 1472.42, 585.30)
[18:25:15] [PLAYER MATCH] Addr: 0x120C60D0 | Moved: 12.77m | Pos: (2442.98, 1472.42, 585.30)
[18:25:15] [PLAYER MATCH] Addr: 0x120C621C | Moved: 12.77m | Pos: (2442.98, 1472.42, 585.30)
[18:25:15] [PLAYER MATCH] Addr: 0x120C622C | Moved: 12.77m | Pos: (2443.50, 1473.42, 586.16)
[18:25:15] [PLAYER MATCH] Addr: 0x120C6238 | Moved: 12.77m | Pos: (2443.58, 1471.43, 586.10)
[18:25:15] [PLAYER MATCH] Addr: 0x120C6244 | Moved: 12.77m | Pos: (2442.39, 1473.42, 584.49)
[18:25:15] [PLAYER MATCH] Addr: 0x120C6250 | Moved: 12.77m | Pos: (2442.47, 1471.43, 584.44)
[18:25:15] [PLAYER MATCH] Addr: 0x120C625C | Moved: 12.77m | Pos: (2444.33, 1473.47, 585.61)
[18:25:15] [PLAYER MATCH] Addr: 0x120C6268 | Moved: 12.77m | Pos: (2444.41, 1471.47, 585.55)
[18:25:15] [PLAYER MATCH] Addr: 0x120C6274 | Moved: 12.77m | Pos: (2443.22, 1473.47, 583.94)
[18:25:15] [PLAYER MATCH] Addr: 0x120C6280 | Moved: 12.77m | Pos: (2443.31, 1471.47, 583.88)
[18:25:15] [PLAYER MATCH] Addr: 0x120CD270 | Moved: 12.49m | Pos: (3296.17, 1521.08, 21.12)
[18:25:15] [PLAYER MATCH] Addr: 0x120CD290 | Moved: 13.40m | Pos: (2442.30, 1474.01, 584.40)
[18:25:15] [PLAYER MATCH] Addr: 0x120CD9C0 | Moved: 12.49m | Pos: (3296.17, 1521.08, 21.12)
[18:25:15] [PLAYER MATCH] Addr: 0x120CD9E0 | Moved: 19.17m | Pos: (2438.42, 1483.00, 579.33)
[18:25:15] [PLAYER MATCH] Addr: 0x120CD9E4 | Moved: 15.52m | Pos: (1483.00, 579.33, 1.33)
[18:25:15] [PLAYER MATCH] Addr: 0x120CDA80 | Moved: 5.92m | Pos: (980.85, 1048.46, 67.62)
[18:25:15] [PLAYER MATCH] Addr: 0x120CDAA8 | Moved: 13.88m | Pos: (2774.25, 1698.87, 0.00)
[18:25:15] [PLAYER MATCH] Addr: 0x12123964 | Moved: 12.49m | Pos: (3296.17, 1521.08, 21.12)
[18:25:15] [PLAYER MATCH] Addr: 0x12123978 | Moved: 12.49m | Pos: (3295.17, 1522.08, 21.12)
[18:25:15] [PLAYER MATCH] Addr: 0x1212398C | Moved: 12.49m | Pos: (3297.17, 1522.08, 21.12)
[18:25:15] [PLAYER MATCH] Addr: 0x121239A0 | Moved: 12.49m | Pos: (3295.17, 1520.08, 21.12)
[18:25:15] [PLAYER MATCH] Addr: 0x121239B4 | Moved: 12.49m | Pos: (3297.17, 1520.08, 21.12)
[18:25:15] [PLAYER MATCH] Addr: 0x12186428 | Moved: 12.49m | Pos: (3296.17, 1521.08, 21.12)
[18:25:15] [PLAYER MATCH] Addr: 0x1219E4F0 | Moved: 12.49m | Pos: (3296.17, 1521.08, 21.12)
[18:25:15] [PLAYER MATCH] Addr: 0x1219E600 | Moved: 12.49m | Pos: (3296.17, 1521.08, 21.12)
[18:25:15] [PLAYER MATCH] Addr: 0x1219E74C | Moved: 12.49m | Pos: (3296.17, 1521.08, 21.12)
[18:25:15] [PLAYER MATCH] Addr: 0x1219E75C | Moved: 12.57m | Pos: (3296.02, 1521.07, 21.17)
[18:25:15] [PLAYER MATCH] Addr: 0x1219E768 | Moved: 12.42m | Pos: (3296.15, 1521.22, 21.17)
[18:25:15] [PLAYER MATCH] Addr: 0x1219E774 | Moved: 12.57m | Pos: (3296.03, 1521.06, 21.06)
[18:25:15] [PLAYER MATCH] Addr: 0x1219E780 | Moved: 12.42m | Pos: (3296.16, 1521.22, 21.06)
[18:25:15] [PLAYER MATCH] Addr: 0x1219E8C0 | Moved: 12.49m | Pos: (3296.17, 1521.08, 21.12)
[18:25:15] [PLAYER MATCH] Addr: 0x1219E9D0 | Moved: 12.49m | Pos: (3296.17, 1521.08, 21.12)
[18:25:15] [PLAYER MATCH] Addr: 0x1219EB1C | Moved: 12.49m | Pos: (3296.17, 1521.08, 21.12)
[18:25:15] [PLAYER MATCH] Addr: 0x1219EB2C | Moved: 12.57m | Pos: (3296.02, 1521.07, 21.17)
[18:25:15] [PLAYER MATCH] Addr: 0x1219EB38 | Moved: 12.42m | Pos: (3296.15, 1521.22, 21.17)
[18:25:15] [PLAYER MATCH] Addr: 0x1219EB44 | Moved: 12.57m | Pos: (3296.03, 1521.06, 21.06)
[18:25:15] [PLAYER MATCH] Addr: 0x1219EB50 | Moved: 12.42m | Pos: (3296.16, 1521.22, 21.06)
[18:25:15] [PLAYER MATCH] Addr: 0x1219FC30 | Moved: 12.49m | Pos: (3296.17, 1521.08, 21.12)
[18:25:15] [PLAYER MATCH] Addr: 0x1219FC50 | Moved: 12.49m | Pos: (3296.17, 1521.08, 21.12)
[18:25:15] [PLAYER MATCH] Addr: 0x121A0380 | Moved: 12.49m | Pos: (3296.17, 1521.08, 21.12)
[18:25:15] [PLAYER MATCH] Addr: 0x121A03A0 | Moved: 12.49m | Pos: (3296.17, 1521.08, 21.12)
[18:25:15] [PLAYER MATCH] Addr: 0x1260B990 | Moved: 12.49m | Pos: (3296.17, 1521.08, 21.12)
[18:25:15] [PLAYER MATCH] Addr: 0x1260BA50 | Moved: 41.22m | Pos: (744.28, 1173.66, 429.37)
[18:25:15] [PLAYER MATCH] Addr: 0x1260BA54 | Moved: 29.17m | Pos: (1173.66, 429.37, 0.00)
[18:25:15] [PLAYER MATCH] Addr: 0x1807E15C | Moved: 13.15m | Pos: (3294.19, 1518.88, 18.46)
[18:25:15] [PLAYER MATCH] Addr: 0x1807E168 | Moved: 11.90m | Pos: (3298.26, 1523.08, 22.10)
[18:25:15] [PLAYER MATCH] Addr: 0x1807E174 | Moved: 12.52m | Pos: (3296.22, 1520.98, 18.46)
[18:25:15] [PLAYER MATCH] Addr: 0x180B5014 | Moved: 17.10m | Pos: (3297.72, 1519.70, 19.11)
[18:25:15] [PLAYER MATCH] Addr: 0x18102098 | Moved: 12.49m | Pos: (3296.17, 1521.08, 21.12)
[18:25:15] [PLAYER MATCH] Addr: 0x18903154 | Moved: 17.10m | Pos: (3297.72, 1519.70, 19.11)
[18:25:15] [PLAYER MATCH] Addr: 0x18904480 | Moved: 12.52m | Pos: (3296.25, 1520.96, 19.46)
[18:25:15] [PLAYER MATCH] Addr: 0x18904600 | Moved: 12.41m | Pos: (3296.11, 1521.26, 20.90)
[18:25:15] [PLAYER MATCH] Addr: 0x18904EF4 | Moved: 17.10m | Pos: (3297.72, 1519.70, 19.11)
[18:25:15] [PLAYER MATCH] Addr: 0x18905B80 | Moved: 12.49m | Pos: (3295.17, 1522.08, 21.12)
[18:25:15] [PLAYER MATCH] Addr: 0x18905B8C | Moved: 12.49m | Pos: (3297.17, 1522.08, 21.12)
[18:25:15] [PLAYER MATCH] Addr: 0x18905B98 | Moved: 12.49m | Pos: (3295.17, 1520.08, 21.12)
[18:25:15] [PLAYER MATCH] Addr: 0x18905BA4 | Moved: 12.49m | Pos: (3297.17, 1520.08, 21.12)
[18:25:15] [PLAYER MATCH] Addr: 0x18905BB0 | Moved: 12.49m | Pos: (3295.17, 1522.08, 21.12)
[18:25:15] [PLAYER MATCH] Addr: 0x18905BBC | Moved: 12.49m | Pos: (3297.17, 1522.08, 21.12)
[18:25:15] [PLAYER MATCH] Addr: 0x18905BC8 | Moved: 12.49m | Pos: (3295.17, 1520.08, 21.12)
[18:25:15] [PLAYER MATCH] Addr: 0x18905BD4 | Moved: 12.49m | Pos: (3297.17, 1520.08, 21.12)
[18:25:15] [PLAYER MATCH] Addr: 0x18B54B08 | Moved: 12.49m | Pos: (3296.17, 1521.08, 21.12)
[18:25:15] [PLAYER MATCH] Addr: 0x18C681E0 | Moved: 13.14m | Pos: (3295.75, 1521.48, 20.40)
[18:25:15] [PLAYER MATCH] Addr: 0x18C68280 | Moved: 13.14m | Pos: (3295.75, 1521.48, 20.40)
[18:25:15] [PLAYER MATCH] Addr: 0x18C68320 | Moved: 13.14m | Pos: (3295.75, 1521.48, 20.40)
[18:25:15] [PLAYER MATCH] Addr: 0x18C683C0 | Moved: 13.14m | Pos: (3295.75, 1521.48, 20.40)
[18:25:15] [PLAYER MATCH] Addr: 0x18C6AD00 | Moved: 12.51m | Pos: (3296.23, 1520.89, 20.48)
[18:25:15] [PLAYER MATCH] Addr: 0x18CB26A0 | Moved: 12.60m | Pos: (3296.28, 1520.95, 20.46)
[18:25:15] [PLAYER MATCH] Addr: 0x18CB2880 | Moved: 12.60m | Pos: (3296.28, 1520.95, 20.46)
[18:25:15] [PLAYER MATCH] Addr: 0x18CB2920 | Moved: 12.46m | Pos: (3296.45, 1520.90, 20.85)
[18:25:15] [PLAYER MATCH] Addr: 0x18CB29C0 | Moved: 12.69m | Pos: (3296.25, 1520.96, 20.50)
[18:25:15] [PLAYER MATCH] Addr: 0x18CB2CE0 | Moved: 12.33m | Pos: (3296.44, 1521.08, 20.32)
[18:25:15] [PLAYER MATCH] Addr: 0x18CB3F00 | Moved: 12.48m | Pos: (3296.25, 1520.96, 20.50)
[18:25:15] [PLAYER MATCH] Addr: 0x18CB4220 | Moved: 12.38m | Pos: (3296.44, 1521.08, 20.32)
[18:25:15] [PLAYER MATCH] Addr: 0x18CB4540 | Moved: 12.38m | Pos: (3296.44, 1521.08, 20.32)
[18:25:15] [PLAYER MATCH] Addr: 0x18CB45E0 | Moved: 12.38m | Pos: (3296.44, 1521.08, 20.32)
[18:25:15] [PLAYER MATCH] Addr: 0x18CB49A0 | Moved: 11.67m | Pos: (3296.45, 1520.90, 20.85)
[18:25:15] [PLAYER MATCH] Addr: 0x18CB4A40 | Moved: 11.79m | Pos: (3296.28, 1520.95, 20.46)
[18:25:15] [PLAYER MATCH] Addr: 0x18CB4C20 | Moved: 12.60m | Pos: (3296.28, 1520.95, 20.46)
[18:25:15] [PLAYER MATCH] Addr: 0x18CB4D60 | Moved: 12.60m | Pos: (3296.28, 1520.95, 20.46)
[18:25:15] [PLAYER MATCH] Addr: 0x18CB4EA0 | Moved: 12.61m | Pos: (3296.26, 1520.93, 20.46)
[18:25:15] [PLAYER MATCH] Addr: 0x18CB4FE0 | Moved: 12.52m | Pos: (3296.28, 1520.95, 20.46)
[18:25:15] [PLAYER MATCH] Addr: 0x18CB51C0 | Moved: 12.55m | Pos: (3296.22, 1520.92, 21.27)
[18:25:15] [PLAYER MATCH] Addr: 0x18CB5300 | Moved: 11.67m | Pos: (3296.45, 1520.90, 20.85)
[18:25:15] [PLAYER MATCH] Addr: 0x18CB5440 | Moved: 11.67m | Pos: (3296.45, 1520.90, 20.85)
[18:25:15] [PLAYER MATCH] Addr: 0x18CB5580 | Moved: 12.51m | Pos: (3295.68, 1521.45, 20.39)
[18:25:15] [PLAYER MATCH] Addr: 0x18CB56C0 | Moved: 12.43m | Pos: (3295.89, 1521.42, 20.96)
[18:25:15] [PLAYER MATCH] Addr: 0x18CB5D00 | Moved: 12.48m | Pos: (3296.25, 1520.96, 20.50)
[18:25:15] [PLAYER MATCH] Addr: 0x18D6CA80 | Moved: 12.52m | Pos: (3296.25, 1520.96, 19.46)
[18:25:15] [PLAYER MATCH] Addr: 0x18D8F300 | Moved: 12.55m | Pos: (3296.22, 1520.92, 21.27)
[18:25:15] [PLAYER MATCH] Addr: 0x18E62380 | Moved: 12.52m | Pos: (3296.25, 1520.96, 19.46)
[18:25:15] [PLAYER MATCH] Addr: 0x18E65F20 | Moved: 12.41m | Pos: (3296.11, 1521.26, 20.90)
[18:25:15] [PLAYER MATCH] Addr: 0x18EA13A0 | Moved: 12.51m | Pos: (3296.27, 1520.94, 20.46)
[18:25:15] [PLAYER MATCH] Addr: 0x18EA1490 | Moved: 12.51m | Pos: (3296.27, 1520.94, 20.46)
[18:25:15] [PLAYER MATCH] Addr: 0x18EA1560 | Moved: 12.45m | Pos: (3296.34, 1520.98, 21.10)
[18:25:15] [PLAYER MATCH] Addr: 0x18EA1650 | Moved: 12.51m | Pos: (3296.27, 1520.94, 20.46)
[18:25:15] [PLAYER MATCH] Addr: 0x18EA1720 | Moved: 12.51m | Pos: (3296.27, 1520.94, 20.46)
[18:25:15] [PLAYER MATCH] Addr: 0x18EA1810 | Moved: 12.51m | Pos: (3296.27, 1520.94, 20.46)
[18:25:15] [PLAYER MATCH] Addr: 0x18EA18E0 | Moved: 12.51m | Pos: (3296.27, 1520.94, 20.46)
[18:25:15] [PLAYER MATCH] Addr: 0x18EA19D0 | Moved: 12.51m | Pos: (3296.27, 1520.94, 20.46)
[18:25:15] [PLAYER MATCH] Addr: 0x18EA1AA0 | Moved: 12.51m | Pos: (3296.27, 1520.94, 20.46)
[18:25:15] [PLAYER MATCH] Addr: 0x18EA1B90 | Moved: 12.51m | Pos: (3296.27, 1520.94, 20.46)
[18:25:15] [PLAYER MATCH] Addr: 0x18EA1C60 | Moved: 12.49m | Pos: (3296.17, 1521.08, 21.12)
[18:25:15] [PLAYER MATCH] Addr: 0x18EA1D50 | Moved: 12.49m | Pos: (3296.17, 1521.08, 21.12)
[18:25:15] [PLAYER MATCH] Addr: 0x18EA1E20 | Moved: 12.51m | Pos: (3296.27, 1520.94, 20.46)
[18:25:15] [PLAYER MATCH] Addr: 0x18EA1F10 | Moved: 12.51m | Pos: (3296.27, 1520.94, 20.46)
[18:25:15] [PLAYER MATCH] Addr: 0x18EA1FE0 | Moved: 12.36m | Pos: (3296.42, 1521.08, 20.41)
[18:25:15] [PLAYER MATCH] Addr: 0x18EA21B0 | Moved: 12.44m | Pos: (3296.33, 1521.02, 20.46)
[18:25:15] [PLAYER MATCH] Addr: 0x18EA2280 | Moved: 12.73m | Pos: (3296.03, 1520.74, 20.46)
[18:25:15] [PLAYER MATCH] Addr: 0x18EA2370 | Moved: 12.51m | Pos: (3296.27, 1520.94, 20.46)
[18:25:15] [PLAYER MATCH] Addr: 0x18EA2440 | Moved: 12.51m | Pos: (3296.27, 1520.94, 20.46)
[18:25:15] [PLAYER MATCH] Addr: 0x18EA2530 | Moved: 12.51m | Pos: (3296.27, 1520.94, 20.46)
[18:25:15] [PLAYER MATCH] Addr: 0x18EA2600 | Moved: 12.51m | Pos: (3296.27, 1520.94, 20.46)
[18:25:15] [PLAYER MATCH] Addr: 0x18EA26F0 | Moved: 12.51m | Pos: (3296.27, 1520.94, 20.46)
[18:25:15] [PLAYER MATCH] Addr: 0x18EA27C0 | Moved: 12.64m | Pos: (3296.11, 1520.83, 20.46)
[18:25:15] [PLAYER MATCH] Addr: 0x18EA28B0 | Moved: 12.58m | Pos: (3296.21, 1520.87, 20.46)
[18:25:15] [PLAYER MATCH] Addr: 0x18EA2980 | Moved: 12.50m | Pos: (3296.44, 1520.84, 21.10)
[18:25:15] [PLAYER MATCH] Addr: 0x18EA2B50 | Moved: 12.51m | Pos: (3296.26, 1520.95, 20.77)
[18:25:15] [PLAYER MATCH] Addr: 0x18EA2C20 | Moved: 12.51m | Pos: (3296.27, 1520.94, 20.46)
[18:25:15] [PLAYER MATCH] Addr: 0x18EA2D10 | Moved: 12.51m | Pos: (3296.27, 1520.94, 20.46)
[18:25:15] [PLAYER MATCH] Addr: 0x18EA2DE0 | Moved: 12.73m | Pos: (3296.02, 1520.74, 20.46)
[18:25:15] [PLAYER MATCH] Addr: 0x18EA2ED0 | Moved: 12.51m | Pos: (3296.27, 1520.94, 20.46)
[18:25:15] [PLAYER MATCH] Addr: 0x18EA2FA0 | Moved: 12.51m | Pos: (3296.27, 1520.94, 20.46)
[18:25:15] [PLAYER MATCH] Addr: 0x18EA3250 | Moved: 12.51m | Pos: (3296.27, 1520.94, 20.46)
[18:25:15] [PLAYER MATCH] Addr: 0x18EA3320 | Moved: 12.41m | Pos: (3296.11, 1521.26, 20.90)
[18:25:15] [PLAYER MATCH] Addr: 0x18EA3410 | Moved: 12.41m | Pos: (3296.11, 1521.26, 20.90)
[18:25:15] [PLAYER MATCH] Addr: 0x18EF5B20 | Moved: 12.51m | Pos: (3295.68, 1521.45, 20.39)
[18:25:15] [PLAYER MATCH] Addr: 0x18EF94A0 | Moved: 12.43m | Pos: (3295.89, 1521.42, 20.96)
[18:25:15] [PLAYER MATCH] Addr: 0x28222F60 | Moved: 12.61m | Pos: (3300.97, 1523.50, 22.61)
[18:25:15] [PLAYER MATCH] Addr: 0x28222FA0 | Moved: 12.61m | Pos: (3300.97, 1523.50, 22.61)
[18:25:15] [PLAYER MATCH] Addr: 0x28222FB8 | Moved: 17.10m | Pos: (3297.72, 1519.70, 19.11)
[18:25:15] [PLAYER MATCH] Addr: 0x28223150 | Moved: 44.15m | Pos: (3266.27, 1559.84, 89.11)
[18:25:15] [PLAYER MATCH] Addr: 0x28223190 | Moved: 44.15m | Pos: (3266.27, 1559.84, 89.11)
[18:25:15] [PLAYER MATCH] Addr: 0x282231A8 | Moved: 17.10m | Pos: (3297.72, 1519.70, 19.11)
[18:25:15] [PLAYER MATCH] Addr: 0x28223340 | Moved: 18.12m | Pos: (3297.83, 1518.29, 18.11)
[18:25:15] [PLAYER MATCH] Addr: 0x28223380 | Moved: 18.12m | Pos: (3297.83, 1518.29, 18.11)
[18:25:15] [PLAYER MATCH] Addr: 0x28223398 | Moved: 17.10m | Pos: (3297.72, 1519.70, 19.11)
[18:25:15] [PLAYER MATCH] Addr: 0x28223530 | Moved: 12.61m | Pos: (3300.97, 1523.50, 22.61)
[18:25:15] [PLAYER MATCH] Addr: 0x28223570 | Moved: 12.61m | Pos: (3300.97, 1523.50, 22.61)
[18:25:15] [PLAYER MATCH] Addr: 0x28223588 | Moved: 17.10m | Pos: (3297.72, 1519.70, 19.11)
[18:25:15] [PLAYER MATCH] Addr: 0x28223720 | Moved: 15.75m | Pos: (3298.69, 1520.84, 19.61)
[18:25:15] [PLAYER MATCH] Addr: 0x28223760 | Moved: 15.75m | Pos: (3298.69, 1520.84, 19.61)
[18:25:15] [PLAYER MATCH] Addr: 0x28223778 | Moved: 17.10m | Pos: (3297.72, 1519.70, 19.11)
[18:25:15] [PLAYER MATCH] Addr: 0x2825FF50 | Moved: 15.75m | Pos: (3298.69, 1520.84, 19.61)
[18:25:15] [PLAYER MATCH] Addr: 0x2825FF90 | Moved: 15.75m | Pos: (3298.69, 1520.84, 19.61)
[18:25:15] [PLAYER MATCH] Addr: 0x2825FFA8 | Moved: 17.10m | Pos: (3297.72, 1519.70, 19.11)
[18:25:15] [PLAYER MATCH] Addr: 0x28260140 | Moved: 44.15m | Pos: (3266.27, 1559.84, 89.11)
[18:25:15] [PLAYER MATCH] Addr: 0x28260180 | Moved: 44.15m | Pos: (3266.27, 1559.84, 89.11)
[18:25:15] [PLAYER MATCH] Addr: 0x28260198 | Moved: 17.10m | Pos: (3297.72, 1519.70, 19.11)
[18:25:15] [PLAYER MATCH] Addr: 0x28260330 | Moved: 12.61m | Pos: (3300.97, 1523.50, 22.61)
[18:25:15] [PLAYER MATCH] Addr: 0x28260370 | Moved: 12.61m | Pos: (3300.97, 1523.50, 22.61)
[18:25:15] [PLAYER MATCH] Addr: 0x28260388 | Moved: 17.10m | Pos: (3297.72, 1519.70, 19.11)
[18:25:15] [PLAYER MATCH] Addr: 0x286B0988 | Moved: 12.52m | Pos: (3296.25, 1520.96, 19.46)
[18:25:15] [PLAYER MATCH] Addr: 0x286B09C0 | Moved: 12.52m | Pos: (3200.62, 1550.19, 19.46)
[18:25:15] [PLAYER MATCH] Addr: 0x2879F0A0 | Moved: 12.49m | Pos: (3296.17, 1521.08, 21.12)
[18:25:15] [PLAYER MATCH] Addr: 0x2879F0B0 | Moved: 12.57m | Pos: (3296.02, 1521.07, 21.17)
[18:25:15] [PLAYER MATCH] Addr: 0x2879F0BC | Moved: 12.42m | Pos: (3296.15, 1521.22, 21.17)
[18:25:15] [PLAYER MATCH] Addr: 0x2879F0C8 | Moved: 12.57m | Pos: (3296.03, 1521.06, 21.06)
[18:25:15] [PLAYER MATCH] Addr: 0x2879F0D4 | Moved: 12.42m | Pos: (3296.16, 1521.22, 21.06)
[18:25:15] [PLAYER MATCH] Addr: 0x2879F110 | Moved: 12.49m | Pos: (3296.17, 1521.08, 21.12)
[18:25:15] [PLAYER MATCH] Addr: 0x2879F6D0 | Moved: 12.49m | Pos: (3296.17, 1521.08, 21.12)
[18:25:15] [PLAYER MATCH] Addr: 0x287A0530 | Moved: 12.49m | Pos: (3296.17, 1521.08, 21.12)
[18:25:15] [PLAYER MATCH] Addr: 0x287A0810 | Moved: 12.49m | Pos: (3296.17, 1521.08, 21.12)
[18:25:15] [PLAYER MATCH] Addr: 0x287A0AF0 | Moved: 12.49m | Pos: (3296.17, 1521.08, 21.12)
[18:25:15] [PLAYER MATCH] Addr: 0x287B10C0 | Moved: 12.52m | Pos: (3296.25, 1520.96, 19.46)
[18:25:15] [PLAYER MATCH] Addr: 0x287C0574 | Moved: 12.52m | Pos: (3296.25, 1520.96, 19.46)
[18:25:15] [PLAYER MATCH] Addr: 0x287C0588 | Moved: 12.49m | Pos: (3296.17, 1521.08, 21.12)
[18:25:15] [PLAYER MATCH] Addr: 0x287F0ABC | Moved: 12.49m | Pos: (3296.17, 1521.08, 21.12)
[18:25:15] [PLAYER MATCH] Addr: 0x287F12EC | Moved: 12.49m | Pos: (3296.17, 1521.08, 21.12)
[18:25:15] [PLAYER MATCH] Addr: 0x2886007C | Moved: 12.52m | Pos: (3296.26, 1520.95, 19.46)
[18:25:15] [PLAYER MATCH] Addr: 0x288600C0 | Moved: 12.52m | Pos: (3296.25, 1520.96, 19.46)
[18:25:15] [PLAYER MATCH] Addr: 0x28A32ED8 | Moved: 12.52m | Pos: (3296.25, 1520.96, 19.46)
[18:25:15] [PLAYER MATCH] Addr: 0x2B04ABA0 | Moved: 13.76m | Pos: (3299.49, 1518.11, 20.53)
[18:25:15] [PLAYER MATCH] Addr: 0x2B04ABC0 | Moved: 13.76m | Pos: (3299.49, 1518.11, 20.53)
[18:25:15] [PLAYER MATCH] Addr: 0x2C6CD3BC | Moved: 12.49m | Pos: (3296.17, 1521.08, 21.12)
[18:25:15] [PLAYER MATCH] Addr: 0x2C7B5E5C | Moved: 12.49m | Pos: (3296.17, 1521.08, 21.12)
[18:25:15] [PLAYER MATCH] Addr: 0x2C98CBB0 | Moved: 12.51m | Pos: (3296.27, 1520.94, 20.46)
[18:25:15] [PLAYER MATCH] Addr: 0x2C98CE50 | Moved: 12.45m | Pos: (3296.34, 1520.98, 21.10)
[18:25:15] [PLAYER MATCH] Addr: 0x2C98D0F0 | Moved: 12.51m | Pos: (3296.27, 1520.94, 20.46)
[18:25:15] [PLAYER MATCH] Addr: 0x2C98D390 | Moved: 12.51m | Pos: (3296.27, 1520.94, 20.46)
[18:25:15] [PLAYER MATCH] Addr: 0x2C98D630 | Moved: 12.51m | Pos: (3296.27, 1520.94, 20.46)
[18:25:15] [PLAYER MATCH] Addr: 0x2C98D8D0 | Moved: 12.51m | Pos: (3296.27, 1520.94, 20.46)
[18:25:15] [PLAYER MATCH] Addr: 0x2C98DB70 | Moved: 12.36m | Pos: (3296.42, 1521.08, 20.41)
[18:25:15] [PLAYER MATCH] Addr: 0x2CA1B690 | Moved: 12.52m | Pos: (3296.25, 1520.96, 19.46)
[18:25:15] [PLAYER MATCH] Addr: 0x2CCE2970 | Moved: 12.49m | Pos: (3296.17, 1521.08, 21.12)
[18:25:15] [PLAYER MATCH] Addr: 0x2CCE2A80 | Moved: 12.49m | Pos: (3296.17, 1521.08, 21.12)
[18:25:15] [PLAYER MATCH] Addr: 0x2CCE2BCC | Moved: 12.49m | Pos: (3296.17, 1521.08, 21.12)
[18:25:15] [PLAYER MATCH] Addr: 0x2CCE2BDC | Moved: 12.57m | Pos: (3296.02, 1521.07, 21.17)
[18:25:15] [PLAYER MATCH] Addr: 0x2CCE2BE8 | Moved: 12.42m | Pos: (3296.15, 1521.22, 21.17)
[18:25:15] [PLAYER MATCH] Addr: 0x2CCE2BF4 | Moved: 12.57m | Pos: (3296.03, 1521.06, 21.06)
[18:25:15] [PLAYER MATCH] Addr: 0x2CCE2C00 | Moved: 12.42m | Pos: (3296.16, 1521.22, 21.06)
[18:25:15] [PLAYER MATCH] Addr: 0x2CCF9380 | Moved: 12.52m | Pos: (3296.25, 1520.96, 19.46)
[18:25:15] [PLAYER MATCH] Addr: 0x2CCF9750 | Moved: 12.52m | Pos: (3296.25, 1520.96, 19.46)
[18:25:15] [PLAYER MATCH] Addr: 0x2CCF988C | Moved: 12.52m | Pos: (3296.25, 1520.96, 19.46)
[18:25:15] [PLAYER MATCH] Addr: 0x2CCF9AC0 | Moved: 12.54m | Pos: (3296.13, 1521.02, 21.18)
[18:25:15] [PLAYER MATCH] Addr: 0x2CCFCDB0 | Moved: 13.76m | Pos: (3299.49, 1518.11, 20.53)
[18:25:15] [PLAYER MATCH] Addr: 0x2CCFCDD0 | Moved: 13.76m | Pos: (3299.49, 1518.11, 20.53)
[18:25:15] [PLAYER MATCH] Addr: 0x2CE82950 | Moved: 12.73m | Pos: (3296.03, 1520.74, 20.46)
[18:25:15] [PLAYER MATCH] Addr: 0x2CE82BF0 | Moved: 12.51m | Pos: (3296.27, 1520.94, 20.46)
[18:25:15] [PLAYER MATCH] Addr: 0x2CE82E90 | Moved: 12.51m | Pos: (3296.27, 1520.94, 20.46)
[18:25:15] [PLAYER MATCH] Addr: 0x2CE83130 | Moved: 12.64m | Pos: (3296.11, 1520.83, 20.46)
[18:25:15] [PLAYER MATCH] Addr: 0x2CE833D0 | Moved: 12.50m | Pos: (3296.44, 1520.84, 21.10)
[18:25:15] [PLAYER MATCH] Addr: 0x2CE83670 | Moved: 12.51m | Pos: (3296.27, 1520.94, 20.46)
[18:25:15] [PLAYER MATCH] Addr: 0x2CE83910 | Moved: 12.73m | Pos: (3296.02, 1520.74, 20.46)
[18:25:15] [PLAYER MATCH] Addr: 0x2CE83BB0 | Moved: 12.51m | Pos: (3296.27, 1520.94, 20.46)
[18:25:15] [PLAYER MATCH] Addr: 0x2CE84390 | Moved: 12.41m | Pos: (3296.11, 1521.26, 20.90)
[18:25:15] [PLAYER MATCH] Addr: 0x2CE9E930 | Moved: 12.41m | Pos: (3296.11, 1521.26, 20.90)
[18:25:15] [PLAYER MATCH] Addr: 0x2F65236C | Moved: 12.49m | Pos: (3296.17, 1521.08, 21.12)
[18:25:15] [PLAYER MATCH] Addr: 0x2F7F216C | Moved: 12.49m | Pos: (3296.17, 1521.08, 21.12)
[18:25:15] [PLAYER MATCH] Addr: 0x2F88FEAC | Moved: 12.49m | Pos: (3296.17, 1521.08, 21.12)
[18:25:15] [PLAYER MATCH] Addr: 0x2F8906DC | Moved: 12.49m | Pos: (3296.17, 1521.08, 21.12)
[18:25:15] [PLAYER MATCH] Addr: 0x2F890F0C | Moved: 12.49m | Pos: (3296.17, 1521.08, 21.12)
[18:25:15] [PLAYER MATCH] Addr: 0x2F8B4690 | Moved: 12.49m | Pos: (3296.17, 1521.08, 21.12)
[18:25:15] [PLAYER MATCH] Addr: 0x2F8B4F30 | Moved: 12.49m | Pos: (3296.17, 1521.08, 21.12)
[18:25:15] [PLAYER MATCH] Addr: 0x2F8B50A0 | Moved: 12.49m | Pos: (3296.17, 1521.08, 21.12)
[18:25:15] [PLAYER MATCH] Addr: 0x2F8B61E0 | Moved: 12.49m | Pos: (3296.17, 1521.08, 21.12)
[18:25:15] [PLAYER MATCH] Addr: 0x2F8B64C0 | Moved: 12.49m | Pos: (3296.17, 1521.08, 21.12)
[18:25:15] [PLAYER MATCH] Addr: 0x2F94DBA0 | Moved: 12.49m | Pos: (3296.17, 1521.08, 21.12)
[18:25:15] [PLAYER MATCH] Addr: 0x2F94DCB0 | Moved: 12.49m | Pos: (3296.17, 1521.08, 21.12)
[18:25:15] [PLAYER MATCH] Addr: 0x2F94DDFC | Moved: 12.49m | Pos: (3296.17, 1521.08, 21.12)
[18:25:15] [PLAYER MATCH] Addr: 0x2F94DE0C | Moved: 12.57m | Pos: (3296.02, 1521.07, 21.17)
[18:25:15] [PLAYER MATCH] Addr: 0x2F94DE18 | Moved: 12.42m | Pos: (3296.15, 1521.22, 21.17)
[18:25:15] [PLAYER MATCH] Addr: 0x2F94DE24 | Moved: 12.57m | Pos: (3296.03, 1521.06, 21.06)
[18:25:15] [PLAYER MATCH] Addr: 0x2F94DE30 | Moved: 12.42m | Pos: (3296.16, 1521.22, 21.06)
[18:25:15] [PLAYER MATCH] Addr: 0x2FB7975C | Moved: 12.49m | Pos: (3296.17, 1521.08, 21.12)
[18:25:15] [PLAYER MATCH] Addr: 0x300A740C | Moved: 12.49m | Pos: (3296.17, 1521.08, 21.12)
[18:25:15] [PLAYER MATCH] Addr: 0x300A7C2C | Moved: 12.49m | Pos: (3296.17, 1521.08, 21.12)
[18:25:15] [PLAYER MATCH] Addr: 0x305060CC | Moved: 12.49m | Pos: (3296.17, 1521.08, 21.12)
[18:25:15] [PLAYER MATCH] Addr: 0x30B5A4AC | Moved: 12.49m | Pos: (3296.17, 1521.08, 21.12)
[18:25:15] [PLAYER MATCH] Addr: 0x30D087D0 | Moved: 12.49m | Pos: (3296.17, 1521.08, 21.12)
[18:25:15] [PLAYER MATCH] Addr: 0x30D088E0 | Moved: 12.49m | Pos: (3296.17, 1521.08, 21.12)
[18:25:15] [PLAYER MATCH] Addr: 0x30D08A2C | Moved: 12.49m | Pos: (3296.17, 1521.08, 21.12)
[18:25:15] [PLAYER MATCH] Addr: 0x30D08A3C | Moved: 12.57m | Pos: (3296.02, 1521.07, 21.17)
[18:25:15] [PLAYER MATCH] Addr: 0x30D08A48 | Moved: 12.42m | Pos: (3296.15, 1521.22, 21.17)
[18:25:15] [PLAYER MATCH] Addr: 0x30D08A54 | Moved: 12.57m | Pos: (3296.03, 1521.06, 21.06)
[18:25:15] [PLAYER MATCH] Addr: 0x30D08A60 | Moved: 12.42m | Pos: (3296.16, 1521.22, 21.06)
[18:25:15] [PLAYER MATCH] Addr: 0x30E7AC00 | Moved: 12.49m | Pos: (3296.17, 1521.08, 21.12)
[18:25:15] [PLAYER MATCH] Addr: 0x30E7AEE0 | Moved: 12.49m | Pos: (3296.17, 1521.08, 21.12)
[18:25:15] [PLAYER MATCH] Addr: 0x30E7B1C0 | Moved: 12.49m | Pos: (3296.17, 1521.08, 21.12)
[18:25:15] [PLAYER MATCH] Addr: 0x30E7B4A0 | Moved: 12.49m | Pos: (3296.17, 1521.08, 21.12)
[18:25:15] [PLAYER MATCH] Addr: 0x30E7B780 | Moved: 12.49m | Pos: (3296.17, 1521.08, 21.12)
[18:25:15] [PLAYER MATCH] Addr: 0x30E7BA60 | Moved: 12.49m | Pos: (3296.17, 1521.08, 21.12)
[18:25:15] [PLAYER MATCH] Addr: 0x30E7C020 | Moved: 12.49m | Pos: (3296.17, 1521.08, 21.12)
[18:25:15] [PLAYER MATCH] Addr: 0x30E7C300 | Moved: 12.49m | Pos: (3296.17, 1521.08, 21.12)
[18:25:15] [PLAYER MATCH] Addr: 0x30E7C5E0 | Moved: 12.49m | Pos: (3296.17, 1521.08, 21.12)
[18:25:15] [PLAYER MATCH] Addr: 0x30E7C8C0 | Moved: 12.49m | Pos: (3296.17, 1521.08, 21.12)
[18:25:15] [PLAYER MATCH] Addr: 0x30E7CBA0 | Moved: 12.49m | Pos: (3296.17, 1521.08, 21.12)
[18:25:15] [PLAYER MATCH] Addr: 0x30E7CE80 | Moved: 12.49m | Pos: (3296.17, 1521.08, 21.12)
[18:25:15] [PLAYER MATCH] Addr: 0x30E7D160 | Moved: 12.49m | Pos: (3296.17, 1521.08, 21.12)
[18:25:15] [PLAYER MATCH] Addr: 0x30E7D440 | Moved: 12.49m | Pos: (3296.17, 1521.08, 21.12)
[18:25:15] [PLAYER MATCH] Addr: 0x30E7D720 | Moved: 12.49m | Pos: (3296.17, 1521.08, 21.12)
[18:25:15] [PLAYER MATCH] Addr: 0x30E7DA00 | Moved: 12.49m | Pos: (3296.17, 1521.08, 21.12)
[18:25:15] [PLAYER MATCH] Addr: 0x30E7DCE0 | Moved: 12.49m | Pos: (3296.17, 1521.08, 21.12)
[18:25:15] [PLAYER MATCH] Addr: 0x30E7DFC0 | Moved: 12.49m | Pos: (3296.17, 1521.08, 21.12)
[18:25:15] [PLAYER MATCH] Addr: 0x30E7E2A0 | Moved: 12.49m | Pos: (3296.17, 1521.08, 21.12)
[18:25:15] [PLAYER MATCH] Addr: 0x30E7E580 | Moved: 12.49m | Pos: (3296.17, 1521.08, 21.12)
[18:25:15] [PLAYER MATCH] Addr: 0x30E7E80C | Moved: 52.02m | Pos: (2478.26, 1434.27, 635.24)
[18:25:15] [PLAYER MATCH] Addr: 0x30E7E860 | Moved: 12.49m | Pos: (3296.17, 1521.08, 21.12)
[18:25:15] [PLAYER MATCH] Addr: 0x30E7EB40 | Moved: 12.49m | Pos: (3296.17, 1521.08, 21.12)
[18:25:15] [PLAYER MATCH] Addr: 0x30E7EE20 | Moved: 12.49m | Pos: (3296.17, 1521.08, 21.12)
[18:25:15] [PLAYER MATCH] Addr: 0x30E7F100 | Moved: 12.49m | Pos: (3296.17, 1521.08, 21.12)
[18:25:15] [PLAYER MATCH] Addr: 0x30E7F3E0 | Moved: 12.49m | Pos: (3296.17, 1521.08, 21.12)
[18:25:15] [PLAYER MATCH] Addr: 0x312E8C0C | Moved: 12.49m | Pos: (3296.17, 1521.08, 21.12)
[18:25:15] [PLAYER MATCH] Addr: 0x314D632C | Moved: 12.49m | Pos: (3296.17, 1521.08, 21.12)
[18:25:15] [PLAYER MATCH] Addr: 0x316FE718 | Moved: 13.77m | Pos: (3298.38, 1519.00, 18.93)
[18:25:15] [PLAYER MATCH] Addr: 0x316FE770 | Moved: 13.66m | Pos: (3298.42, 1518.95, 19.06)
[18:25:15] [PLAYER MATCH] Addr: 0x316FE7B0 | Moved: 13.66m | Pos: (3298.42, 1518.95, 19.06)
[18:25:15] [PLAYER MATCH] Addr: 0x316FE7C8 | Moved: 13.68m | Pos: (3298.40, 1518.94, 18.96)
[18:25:15] [PLAYER MATCH] Addr: 0x318A9050 | Moved: 12.52m | Pos: (3296.25, 1520.96, 19.46)
[18:25:15] [PLAYER MATCH] Addr: 0x3195F50C | Moved: 12.49m | Pos: (3296.17, 1521.08, 21.12)
[18:25:15] [PLAYER MATCH] Addr: 0x356C1410 | Moved: 4.03m | Pos: (3307.99, 1517.17, 18.12)
[18:25:15] [PLAYER MATCH] Addr: 0x356C1448 | Moved: 4.16m | Pos: (3307.98, 1517.17, 18.14)
[18:25:15] [PLAYER MATCH] Addr: 0x356C1480 | Moved: 4.17m | Pos: (3307.95, 1517.18, 18.10)
[18:25:15] [PLAYER MATCH] Addr: 0x356C14B8 | Moved: 4.24m | Pos: (3307.85, 1517.11, 18.13)
[18:25:15] [PLAYER MATCH] Addr: 0x356C14F0 | Moved: 4.20m | Pos: (3307.85, 1517.08, 18.23)
[18:25:15] [PLAYER MATCH] Addr: 0x356C1690 | Moved: 4.03m | Pos: (3307.98, 1517.17, 18.12)
[18:25:15] [PLAYER MATCH] Addr: 0x356C16C8 | Moved: 4.16m | Pos: (3307.98, 1517.17, 18.14)
[18:25:15] [PLAYER MATCH] Addr: 0x356C1700 | Moved: 4.17m | Pos: (3307.95, 1517.18, 18.09)
[18:25:15] [PLAYER MATCH] Addr: 0x356C1738 | Moved: 4.24m | Pos: (3307.85, 1517.11, 18.13)
[18:25:15] [PLAYER MATCH] Addr: 0x356C1770 | Moved: 4.20m | Pos: (3307.84, 1517.08, 18.24)
[18:25:15] [PLAYER MATCH] Addr: 0x3573F48C | Moved: 12.49m | Pos: (3296.17, 1521.08, 21.12)
[18:25:15] [PLAYER MATCH] Addr: 0x3578F940 | Moved: 12.49m | Pos: (3296.17, 1521.08, 21.12)
[18:25:15] [PLAYER MATCH] Addr: 0x3578FAB0 | Moved: 12.49m | Pos: (3296.17, 1521.08, 21.12)
[18:25:15] [PLAYER MATCH] Addr: 0x3578FC20 | Moved: 12.49m | Pos: (3296.17, 1521.08, 21.12)
[18:25:15] [PLAYER MATCH] Addr: 0x3578FD90 | Moved: 12.49m | Pos: (3296.17, 1521.08, 21.12)
[18:25:15] [PLAYER MATCH] Addr: 0x35790070 | Moved: 12.49m | Pos: (3296.17, 1521.08, 21.12)
[18:25:15] [PLAYER MATCH] Addr: 0x35790350 | Moved: 12.49m | Pos: (3296.17, 1521.08, 21.12)
[18:25:15] [PLAYER MATCH] Addr: 0x35790910 | Moved: 12.49m | Pos: (3296.17, 1521.08, 21.12)
[18:25:15] [PLAYER MATCH] Addr: 0x35790A80 | Moved: 12.49m | Pos: (3296.17, 1521.08, 21.12)
[18:25:15] [PLAYER MATCH] Addr: 0x35790BF0 | Moved: 12.49m | Pos: (3296.17, 1521.08, 21.12)
[18:25:15] [PLAYER MATCH] Addr: 0x35790D60 | Moved: 12.49m | Pos: (3296.17, 1521.08, 21.12)
[18:25:15] [PLAYER MATCH] Addr: 0x35790ED0 | Moved: 12.49m | Pos: (3296.17, 1521.08, 21.12)
[18:25:15] [PLAYER MATCH] Addr: 0x35791040 | Moved: 12.49m | Pos: (3296.17, 1521.08, 21.12)
[18:25:15] [PLAYER MATCH] Addr: 0x357911B0 | Moved: 12.49m | Pos: (3296.17, 1521.08, 21.12)
[18:25:15] [PLAYER MATCH] Addr: 0x36155E10 | Moved: 13.76m | Pos: (3299.49, 1518.11, 20.53)
[18:25:15] [PLAYER MATCH] Addr: 0x36155E30 | Moved: 13.76m | Pos: (3299.49, 1518.11, 20.53)
[18:25:15] [SCAN-F2] Found 437 matching player candidate(s)!
[18:25:15] [LOCKED] Tracking real player at: 0x03F79C6C
[18:25:15] [PLAYER] X = 3296.166 | Y = 1521.076 | Z = 21.123
[18:25:16] [PLAYER] X = 3296.037 | Y = 1521.187 | Z = 21.155
[18:25:16] [PLAYER] X = 3294.395 | Y = 1521.797 | Z = 21.479
[18:25:17] [PLAYER] X = 3291.732 | Y = 1524.081 | Z = 22.032
[18:25:17] [PLAYER] X = 3288.436 | Y = 1526.909 | Z = 22.593
[18:25:18] [PLAYER] X = 3285.835 | Y = 1529.139 | Z = 23.112
[18:25:18] [PLAYER] X = 3285.437 | Y = 1529.480 | Z = 23.194
[18:25:19] =========================================
[18:25:19] [SCAN-F2] Checking which stationary candidates moved with player...
[18:25:19] [PLAYER MATCH] Addr: 0x03F79C6C | Moved: 13.78m | Pos: (3285.44, 1529.48, 23.19)
[18:25:19] [PLAYER MATCH] Addr: 0x03F79C8C | Moved: 13.78m | Pos: (3285.44, 1529.48, 23.19)
[18:25:19] [PLAYER MATCH] Addr: 0x05B1EFE0 | Moved: 13.78m | Pos: (3285.44, 1529.48, 23.19)
[18:25:19] [PLAYER MATCH] Addr: 0x05B1F1D0 | Moved: 13.78m | Pos: (3285.44, 1529.48, 8.81)
[18:25:19] [PLAYER MATCH] Addr: 0x05B1FBA0 | Moved: 13.78m | Pos: (3285.44, 1529.48, 23.19)
[18:25:19] [PLAYER MATCH] Addr: 0x05B1FCB0 | Moved: 13.78m | Pos: (3285.44, 1529.48, 23.19)
[18:25:19] [PLAYER MATCH] Addr: 0x05B1FDFC | Moved: 13.78m | Pos: (3285.44, 1529.48, 23.19)
[18:25:19] [PLAYER MATCH] Addr: 0x05E09068 | Moved: 13.78m | Pos: (3285.44, 1529.48, 23.19)
[18:25:19] [PLAYER MATCH] Addr: 0x05E540F0 | Moved: 13.78m | Pos: (3285.44, 1529.48, 23.19)
[18:25:19] [PLAYER MATCH] Addr: 0x11EFEDF0 | Moved: 13.43m | Pos: (3286.00, 1529.43, 21.44)
[18:25:19] [PLAYER MATCH] Addr: 0x11EFEF20 | Moved: 13.78m | Pos: (3285.53, 1529.36, 21.98)
[18:25:19] [PLAYER MATCH] Addr: 0x11EFEF94 | Moved: 13.00m | Pos: (3287.00, 1530.00, 21.61)
[18:25:19] [PLAYER MATCH] Addr: 0x11EFEFE0 | Moved: 13.76m | Pos: (3285.53, 1529.46, 21.54)
[18:25:19] [PLAYER MATCH] Addr: 0x11EFF030 | Moved: 13.46m | Pos: (3285.97, 1529.43, 21.48)
[18:25:19] [PLAYER MATCH] Addr: 0x11EFF090 | Moved: 13.78m | Pos: (3285.53, 1529.36, 21.98)
[18:25:19] [PLAYER MATCH] Addr: 0x11EFF0A0 | Moved: 13.78m | Pos: (3285.53, 1529.36, 22.88)
[18:25:19] [PLAYER MATCH] Addr: 0x11EFF0B0 | Moved: 13.00m | Pos: (3287.00, 1530.00, 21.61)
[18:25:19] [PLAYER MATCH] Addr: 0x11EFF0C0 | Moved: 12.96m | Pos: (3286.00, 1530.00, 21.52)
[18:25:19] [PLAYER MATCH] Addr: 0x11EFF0D0 | Moved: 12.96m | Pos: (3287.00, 1529.00, 21.25)
[18:25:19] [PLAYER MATCH] Addr: 0x11EFF140 | Moved: 13.76m | Pos: (3285.53, 1529.46, 21.54)
[18:25:19] [PLAYER MATCH] Addr: 0x11EFF180 | Moved: 13.76m | Pos: (3285.53, 1529.46, 21.54)
[18:25:19] [PLAYER MATCH] Addr: 0x11EFF2AC | Moved: 12.81m | Pos: (1529.00, 3286.00, 0.00)
[18:25:19] [PLAYER MATCH] Addr: 0x11EFF800 | Moved: 13.63m | Pos: (3285.53, 1529.36, 0.00)
[18:25:19] [PLAYER MATCH] Addr: 0x11EFF840 | Moved: 13.78m | Pos: (3284.93, 1528.76, 21.38)
[18:25:19] [PLAYER MATCH] Addr: 0x11EFF850 | Moved: 13.78m | Pos: (3286.13, 1529.96, 23.48)
[18:25:19] [PLAYER MATCH] Addr: 0x11EFF890 | Moved: 13.78m | Pos: (3285.53, 1529.36, 21.53)
[18:25:19] [PLAYER MATCH] Addr: 0x11EFF900 | Moved: 13.78m | Pos: (3285.53, 1529.36, 21.53)
[18:25:19] [PLAYER MATCH] Addr: 0x11EFF9C0 | Moved: 13.78m | Pos: (3285.53, 1529.36, 23.09)
[18:25:19] [PLAYER MATCH] Addr: 0x11EFFA10 | Moved: 13.65m | Pos: (3285.47, 1529.40, 21.54)
[18:25:19] [PLAYER MATCH] Addr: 0x11EFFA40 | Moved: 13.75m | Pos: (3285.53, 1529.46, 21.54)
[18:25:19] [PLAYER MATCH] Addr: 0x11EFFA70 | Moved: 13.62m | Pos: (3285.63, 1529.36, 21.52)
[18:25:19] [PLAYER MATCH] Addr: 0x11EFFDE0 | Moved: 13.78m | Pos: (3285.53, 1529.36, 21.53)
[18:25:19] [PLAYER MATCH] Addr: 0x11EFFE00 | Moved: 13.78m | Pos: (3285.53, 1529.36, 22.88)
[18:25:19] [PLAYER MATCH] Addr: 0x11FB9584 | Moved: 13.78m | Pos: (3285.44, 1529.48, 23.19)
[18:25:19] [PLAYER MATCH] Addr: 0x11FD1840 | Moved: 13.78m | Pos: (3285.44, 1529.48, 23.19)
[18:25:19] [PLAYER MATCH] Addr: 0x11FD1850 | Moved: 13.78m | Pos: (3285.29, 1529.47, 23.24)
[18:25:19] [PLAYER MATCH] Addr: 0x11FD185C | Moved: 13.78m | Pos: (3285.42, 1529.63, 23.24)
[18:25:19] [PLAYER MATCH] Addr: 0x11FD1868 | Moved: 13.78m | Pos: (3285.30, 1529.46, 23.13)
[18:25:19] [PLAYER MATCH] Addr: 0x11FD1874 | Moved: 13.78m | Pos: (3285.43, 1529.62, 23.13)
[18:25:19] [PLAYER MATCH] Addr: 0x11FD18B0 | Moved: 13.78m | Pos: (3285.44, 1529.48, 23.19)
[18:25:19] [PLAYER MATCH] Addr: 0x11FD18BC | Moved: 13.78m | Pos: (3285.44, 1529.48, 23.19)
[18:25:19] [PLAYER MATCH] Addr: 0x11FD19B0 | Moved: 13.78m | Pos: (3285.44, 1529.48, 23.19)
[18:25:19] [PLAYER MATCH] Addr: 0x11FD1AC0 | Moved: 13.78m | Pos: (3285.44, 1529.48, 23.19)
[18:25:19] [PLAYER MATCH] Addr: 0x11FD1C0C | Moved: 13.78m | Pos: (3285.44, 1529.48, 23.19)
[18:25:19] [PLAYER MATCH] Addr: 0x11FD1C1C | Moved: 13.78m | Pos: (3285.29, 1529.47, 23.24)
[18:25:19] [PLAYER MATCH] Addr: 0x11FD1C28 | Moved: 13.78m | Pos: (3285.42, 1529.63, 23.24)
[18:25:19] [PLAYER MATCH] Addr: 0x11FD1C34 | Moved: 13.78m | Pos: (3285.30, 1529.46, 23.13)
[18:25:19] [PLAYER MATCH] Addr: 0x11FD1C40 | Moved: 13.78m | Pos: (3285.43, 1529.62, 23.13)
[18:25:19] [PLAYER MATCH] Addr: 0x11FD2660 | Moved: 13.78m | Pos: (3285.44, 1529.48, 23.19)
[18:25:19] [PLAYER MATCH] Addr: 0x11FD2670 | Moved: 13.78m | Pos: (3285.44, 1529.48, 23.19)
[18:25:19] [PLAYER MATCH] Addr: 0x11FD27A8 | Moved: 13.78m | Pos: (3285.44, 1529.48, 23.19)
[18:25:19] [PLAYER MATCH] Addr: 0x11FD27B8 | Moved: 13.78m | Pos: (3285.29, 1529.47, 23.24)
[18:25:19] [PLAYER MATCH] Addr: 0x11FD27C4 | Moved: 13.78m | Pos: (3285.42, 1529.63, 23.24)
[18:25:19] [PLAYER MATCH] Addr: 0x11FD27D0 | Moved: 13.78m | Pos: (3285.30, 1529.46, 23.13)
[18:25:19] [PLAYER MATCH] Addr: 0x11FD27DC | Moved: 13.78m | Pos: (3285.43, 1529.62, 23.13)
[18:25:19] [PLAYER MATCH] Addr: 0x11FD2900 | Moved: 13.78m | Pos: (3285.44, 1529.48, 23.19)
[18:25:19] [PLAYER MATCH] Addr: 0x11FD2A10 | Moved: 13.78m | Pos: (3285.44, 1529.48, 23.19)
[18:25:19] [PLAYER MATCH] Addr: 0x11FD2B5C | Moved: 13.78m | Pos: (3285.44, 1529.48, 23.19)
[18:25:19] [PLAYER MATCH] Addr: 0x11FD2B6C | Moved: 13.78m | Pos: (3285.29, 1529.47, 23.24)
[18:25:19] [PLAYER MATCH] Addr: 0x11FD2B78 | Moved: 13.78m | Pos: (3285.42, 1529.63, 23.24)
[18:25:19] [PLAYER MATCH] Addr: 0x11FD2B84 | Moved: 13.78m | Pos: (3285.30, 1529.46, 23.13)
[18:25:19] [PLAYER MATCH] Addr: 0x11FD2B90 | Moved: 13.78m | Pos: (3285.43, 1529.62, 23.13)
[18:25:19] [PLAYER MATCH] Addr: 0x12000180 | Moved: 39.00m | Pos: (3249.14, 1527.29, 73.73)
[18:25:19] [PLAYER MATCH] Addr: 0x120001AC | Moved: 30.81m | Pos: (3220.70, 1516.86, 79.33)
[18:25:19] [PLAYER MATCH] Addr: 0x120001D8 | Moved: 36.21m | Pos: (3256.05, 1510.37, 74.91)
[18:25:19] [PLAYER MATCH] Addr: 0x12000204 | Moved: 21.26m | Pos: (3257.37, 1529.48, 65.67)
[18:25:19] [PLAYER MATCH] Addr: 0x1200025C | Moved: 44.52m | Pos: (3273.20, 1532.43, 24.17)
[18:25:19] [PLAYER MATCH] Addr: 0x12000364 | Moved: 3.06m | Pos: (3270.45, 1533.65, 24.74)
[18:25:19] [PLAYER MATCH] Addr: 0x12000390 | Moved: 5.68m | Pos: (3291.53, 1532.41, 21.66)
[18:25:19] [PLAYER MATCH] Addr: 0x120C48A0 | Moved: 13.82m | Pos: (2431.52, 1482.42, 586.39)
[18:25:19] [PLAYER MATCH] Addr: 0x120C49A0 | Moved: 13.79m | Pos: (3274.76, 1531.25, 28.28)
[18:25:19] [PLAYER MATCH] Addr: 0x120C49B0 | Moved: 13.82m | Pos: (2431.52, 1482.42, 586.39)
[18:25:19] [PLAYER MATCH] Addr: 0x120C4AFC | Moved: 13.82m | Pos: (2431.52, 1482.42, 586.39)
[18:25:19] [PLAYER MATCH] Addr: 0x120C4B0C | Moved: 13.79m | Pos: (3276.47, 1534.59, 31.16)
[18:25:19] [PLAYER MATCH] Addr: 0x120C4B18 | Moved: 13.79m | Pos: (3276.74, 1527.91, 30.98)
[18:25:19] [PLAYER MATCH] Addr: 0x120C4B24 | Moved: 13.79m | Pos: (3272.78, 1534.59, 25.59)
[18:25:19] [PLAYER MATCH] Addr: 0x120C4B30 | Moved: 13.79m | Pos: (3273.05, 1527.91, 25.41)
[18:25:19] [PLAYER MATCH] Addr: 0x120C4B3C | Moved: 13.78m | Pos: (3292.61, 1535.52, 20.48)
[18:25:19] [PLAYER MATCH] Addr: 0x120C4B48 | Moved: 13.78m | Pos: (3292.88, 1528.85, 20.30)
[18:25:19] [PLAYER MATCH] Addr: 0x120C4B54 | Moved: 13.78m | Pos: (3288.92, 1535.52, 14.90)
[18:25:19] [PLAYER MATCH] Addr: 0x120C4B60 | Moved: 13.78m | Pos: (3289.19, 1528.85, 14.72)
[18:25:19] [PLAYER MATCH] Addr: 0x120C4C70 | Moved: 13.82m | Pos: (2431.52, 1482.42, 586.39)
[18:25:19] [PLAYER MATCH] Addr: 0x120C4D70 | Moved: 13.82m | Pos: (2431.52, 1482.42, 586.39)
[18:25:19] [PLAYER MATCH] Addr: 0x120C4D80 | Moved: 13.82m | Pos: (2431.52, 1482.42, 586.39)
[18:25:19] [PLAYER MATCH] Addr: 0x120C4ECC | Moved: 13.82m | Pos: (2431.52, 1482.42, 586.39)
[18:25:19] [PLAYER MATCH] Addr: 0x120C4EDC | Moved: 13.82m | Pos: (2433.23, 1485.76, 589.27)
[18:25:19] [PLAYER MATCH] Addr: 0x120C4EE8 | Moved: 13.82m | Pos: (2433.50, 1479.08, 589.09)
[18:25:19] [PLAYER MATCH] Addr: 0x120C4EF4 | Moved: 13.82m | Pos: (2429.54, 1485.76, 583.69)
[18:25:19] [PLAYER MATCH] Addr: 0x120C4F00 | Moved: 13.82m | Pos: (2429.80, 1479.08, 583.51)
[18:25:19] [PLAYER MATCH] Addr: 0x120C4F0C | Moved: 13.78m | Pos: (3292.61, 1535.52, 20.48)
[18:25:19] [PLAYER MATCH] Addr: 0x120C4F18 | Moved: 13.78m | Pos: (3292.88, 1528.85, 20.30)
[18:25:19] [PLAYER MATCH] Addr: 0x120C4F24 | Moved: 13.78m | Pos: (3288.92, 1535.52, 14.90)
[18:25:19] [PLAYER MATCH] Addr: 0x120C4F30 | Moved: 13.78m | Pos: (3289.19, 1528.85, 14.72)
[18:25:19] [PLAYER MATCH] Addr: 0x120C5050 | Moved: 13.83m | Pos: (2427.64, 1491.42, 581.32)
[18:25:19] [PLAYER MATCH] Addr: 0x120C5054 | Moved: 8.66m | Pos: (1491.42, 581.32, 1.00)
[18:25:19] [PLAYER MATCH] Addr: 0x120C5150 | Moved: 13.80m | Pos: (3244.61, 1538.73, 40.60)
[18:25:19] [PLAYER MATCH] Addr: 0x120C5160 | Moved: 13.83m | Pos: (2427.64, 1491.42, 581.32)
[18:25:19] [PLAYER MATCH] Addr: 0x120C5164 | Moved: 8.66m | Pos: (1491.42, 581.32, 0.83)
[18:25:19] [PLAYER MATCH] Addr: 0x120C52AC | Moved: 13.83m | Pos: (2427.64, 1491.42, 581.32)
[18:25:19] [PLAYER MATCH] Addr: 0x120C52B0 | Moved: 8.66m | Pos: (1491.42, 581.32, 0.00)
[18:25:19] [PLAYER MATCH] Addr: 0x120C52BC | Moved: 13.80m | Pos: (3253.12, 1555.35, 54.92)
[18:25:19] [PLAYER MATCH] Addr: 0x120C52C8 | Moved: 13.80m | Pos: (3254.46, 1522.11, 54.04)
[18:25:19] [PLAYER MATCH] Addr: 0x120C52D4 | Moved: 13.80m | Pos: (3234.75, 1555.35, 27.17)
[18:25:19] [PLAYER MATCH] Addr: 0x120C52E0 | Moved: 13.80m | Pos: (3236.09, 1522.11, 26.28)
[18:25:19] [PLAYER MATCH] Addr: 0x120C52EC | Moved: 13.79m | Pos: (3309.45, 1558.61, 17.64)
[18:25:19] [PLAYER MATCH] Addr: 0x120C52F8 | Moved: 13.79m | Pos: (3310.79, 1525.37, 16.76)
[18:25:19] [PLAYER MATCH] Addr: 0x120C5304 | Moved: 13.79m | Pos: (3291.08, 1558.61, -10.11)
[18:25:19] [PLAYER MATCH] Addr: 0x120C5310 | Moved: 13.79m | Pos: (3292.42, 1525.37, -11.00)
[18:25:19] [PLAYER MATCH] Addr: 0x120C5420 | Moved: 13.83m | Pos: (2427.64, 1491.42, 581.32)
[18:25:19] [PLAYER MATCH] Addr: 0x120C5424 | Moved: 8.66m | Pos: (1491.42, 581.32, 1.00)
[18:25:19] [PLAYER MATCH] Addr: 0x120C5520 | Moved: 13.83m | Pos: (2427.64, 1491.42, 581.32)
[18:25:19] [PLAYER MATCH] Addr: 0x120C5524 | Moved: 8.65m | Pos: (1491.42, 581.32, 1.00)
[18:25:19] [PLAYER MATCH] Addr: 0x120C5530 | Moved: 13.83m | Pos: (2427.64, 1491.42, 581.32)
[18:25:19] [PLAYER MATCH] Addr: 0x120C5534 | Moved: 8.66m | Pos: (1491.42, 581.32, 0.83)
[18:25:19] [PLAYER MATCH] Addr: 0x120C567C | Moved: 13.83m | Pos: (2427.64, 1491.42, 581.32)
[18:25:19] [PLAYER MATCH] Addr: 0x120C5680 | Moved: 8.66m | Pos: (1491.42, 581.32, 0.00)
[18:25:19] [PLAYER MATCH] Addr: 0x120C568C | Moved: 13.83m | Pos: (2436.15, 1508.04, 595.64)
[18:25:19] [PLAYER MATCH] Addr: 0x120C5698 | Moved: 13.83m | Pos: (2437.49, 1474.80, 594.75)
[18:25:19] [PLAYER MATCH] Addr: 0x120C56A4 | Moved: 13.83m | Pos: (2417.78, 1508.04, 567.88)
[18:25:19] [PLAYER MATCH] Addr: 0x120C56B0 | Moved: 13.83m | Pos: (2419.12, 1474.80, 567.00)
[18:25:19] [PLAYER MATCH] Addr: 0x120C56BC | Moved: 13.79m | Pos: (3309.45, 1558.61, 17.64)
[18:25:19] [PLAYER MATCH] Addr: 0x120C56C8 | Moved: 13.79m | Pos: (3310.79, 1525.37, 16.76)
[18:25:19] [PLAYER MATCH] Addr: 0x120C56D4 | Moved: 13.79m | Pos: (3291.08, 1558.61, -10.11)
[18:25:19] [PLAYER MATCH] Addr: 0x120C56E0 | Moved: 13.79m | Pos: (3292.42, 1525.37, -11.00)
[18:25:19] [PLAYER MATCH] Addr: 0x120C5FC0 | Moved: 13.82m | Pos: (2432.20, 1480.84, 587.28)
[18:25:19] [PLAYER MATCH] Addr: 0x120C60C0 | Moved: 13.82m | Pos: (2432.20, 1480.84, 587.28)
[18:25:19] [PLAYER MATCH] Addr: 0x120C60D0 | Moved: 13.82m | Pos: (2432.20, 1480.84, 587.28)
[18:25:19] [PLAYER MATCH] Addr: 0x120C621C | Moved: 13.82m | Pos: (2432.20, 1480.84, 587.28)
[18:25:19] [PLAYER MATCH] Addr: 0x120C622C | Moved: 13.82m | Pos: (2432.71, 1481.84, 588.14)
[18:25:19] [PLAYER MATCH] Addr: 0x120C6238 | Moved: 13.82m | Pos: (2432.79, 1479.84, 588.09)
[18:25:19] [PLAYER MATCH] Addr: 0x120C6244 | Moved: 13.82m | Pos: (2431.61, 1481.84, 586.48)
[18:25:19] [PLAYER MATCH] Addr: 0x120C6250 | Moved: 13.82m | Pos: (2431.69, 1479.84, 586.42)
[18:25:19] [PLAYER MATCH] Addr: 0x120C625C | Moved: 13.82m | Pos: (2433.54, 1481.88, 587.59)
[18:25:19] [PLAYER MATCH] Addr: 0x120C6268 | Moved: 13.82m | Pos: (2433.62, 1479.89, 587.54)
[18:25:19] [PLAYER MATCH] Addr: 0x120C6274 | Moved: 13.82m | Pos: (2432.44, 1481.88, 585.92)
[18:25:19] [PLAYER MATCH] Addr: 0x120C6280 | Moved: 13.82m | Pos: (2432.52, 1479.89, 585.87)
[18:25:19] [PLAYER MATCH] Addr: 0x120CD270 | Moved: 13.78m | Pos: (3285.44, 1529.48, 23.19)
[18:25:19] [PLAYER MATCH] Addr: 0x120CD290 | Moved: 13.82m | Pos: (2431.52, 1482.42, 586.39)
[18:25:19] [PLAYER MATCH] Addr: 0x120CD9C0 | Moved: 13.78m | Pos: (3285.44, 1529.48, 23.19)
[18:25:19] [PLAYER MATCH] Addr: 0x120CD9E0 | Moved: 13.83m | Pos: (2427.64, 1491.42, 581.32)
[18:25:19] [PLAYER MATCH] Addr: 0x120CD9E4 | Moved: 8.66m | Pos: (1491.42, 581.32, 1.40)
[18:25:19] [PLAYER MATCH] Addr: 0x12123964 | Moved: 13.78m | Pos: (3285.44, 1529.48, 23.19)
[18:25:19] [PLAYER MATCH] Addr: 0x12123978 | Moved: 13.78m | Pos: (3284.44, 1530.48, 23.19)
[18:25:19] [PLAYER MATCH] Addr: 0x1212398C | Moved: 13.78m | Pos: (3286.44, 1530.48, 23.19)
[18:25:19] [PLAYER MATCH] Addr: 0x121239A0 | Moved: 13.78m | Pos: (3284.44, 1528.48, 23.19)
[18:25:19] [PLAYER MATCH] Addr: 0x121239B4 | Moved: 13.78m | Pos: (3286.44, 1528.48, 23.19)
[18:25:19] [PLAYER MATCH] Addr: 0x12186428 | Moved: 13.78m | Pos: (3285.44, 1529.48, 23.19)
[18:25:19] [PLAYER MATCH] Addr: 0x1219E4F0 | Moved: 13.78m | Pos: (3285.44, 1529.48, 23.19)
[18:25:19] [PLAYER MATCH] Addr: 0x1219E600 | Moved: 13.78m | Pos: (3285.44, 1529.48, 23.19)
[18:25:19] [PLAYER MATCH] Addr: 0x1219E74C | Moved: 13.78m | Pos: (3285.44, 1529.48, 23.19)
[18:25:19] [PLAYER MATCH] Addr: 0x1219E75C | Moved: 13.78m | Pos: (3285.29, 1529.47, 23.24)
[18:25:19] [PLAYER MATCH] Addr: 0x1219E768 | Moved: 13.78m | Pos: (3285.42, 1529.63, 23.24)
[18:25:19] [PLAYER MATCH] Addr: 0x1219E774 | Moved: 13.78m | Pos: (3285.30, 1529.46, 23.13)
[18:25:19] [PLAYER MATCH] Addr: 0x1219E780 | Moved: 13.78m | Pos: (3285.43, 1529.62, 23.13)
[18:25:19] [PLAYER MATCH] Addr: 0x1219E8C0 | Moved: 13.78m | Pos: (3285.44, 1529.48, 23.19)
[18:25:19] [PLAYER MATCH] Addr: 0x1219E9D0 | Moved: 13.78m | Pos: (3285.44, 1529.48, 23.19)
[18:25:19] [PLAYER MATCH] Addr: 0x1219EB1C | Moved: 13.78m | Pos: (3285.44, 1529.48, 23.19)
[18:25:19] [PLAYER MATCH] Addr: 0x1219EB2C | Moved: 13.78m | Pos: (3285.29, 1529.47, 23.24)
[18:25:19] [PLAYER MATCH] Addr: 0x1219EB38 | Moved: 13.78m | Pos: (3285.42, 1529.63, 23.24)
[18:25:19] [PLAYER MATCH] Addr: 0x1219EB44 | Moved: 13.78m | Pos: (3285.30, 1529.46, 23.13)
[18:25:19] [PLAYER MATCH] Addr: 0x1219EB50 | Moved: 13.78m | Pos: (3285.43, 1529.62, 23.13)
[18:25:19] [PLAYER MATCH] Addr: 0x1219FC30 | Moved: 13.78m | Pos: (3285.44, 1529.48, 23.19)
[18:25:19] [PLAYER MATCH] Addr: 0x1219FC50 | Moved: 13.78m | Pos: (3285.44, 1529.48, 23.19)
[18:25:19] [PLAYER MATCH] Addr: 0x121A0380 | Moved: 13.78m | Pos: (3285.44, 1529.48, 23.19)
[18:25:19] [PLAYER MATCH] Addr: 0x121A03A0 | Moved: 13.78m | Pos: (3285.44, 1529.48, 23.19)
[18:25:19] [PLAYER MATCH] Addr: 0x1260B990 | Moved: 13.78m | Pos: (3285.44, 1529.48, 23.19)
[18:25:19] [PLAYER MATCH] Addr: 0x18102098 | Moved: 13.78m | Pos: (3285.44, 1529.48, 23.19)
[18:25:19] [PLAYER MATCH] Addr: 0x18904480 | Moved: 13.78m | Pos: (3285.53, 1529.36, 21.53)
[18:25:19] [PLAYER MATCH] Addr: 0x18904600 | Moved: 13.78m | Pos: (3285.38, 1529.66, 22.97)
[18:25:19] [PLAYER MATCH] Addr: 0x18905B80 | Moved: 13.78m | Pos: (3284.44, 1530.48, 23.19)
[18:25:19] [PLAYER MATCH] Addr: 0x18905B8C | Moved: 13.78m | Pos: (3286.44, 1530.48, 23.19)
[18:25:19] [PLAYER MATCH] Addr: 0x18905B98 | Moved: 13.78m | Pos: (3284.44, 1528.48, 23.19)
[18:25:19] [PLAYER MATCH] Addr: 0x18905BA4 | Moved: 13.78m | Pos: (3286.44, 1528.48, 23.19)
[18:25:19] [PLAYER MATCH] Addr: 0x18905BB0 | Moved: 13.78m | Pos: (3284.44, 1530.48, 23.19)
[18:25:19] [PLAYER MATCH] Addr: 0x18905BBC | Moved: 13.78m | Pos: (3286.44, 1530.48, 23.19)
[18:25:19] [PLAYER MATCH] Addr: 0x18905BC8 | Moved: 13.78m | Pos: (3284.44, 1528.48, 23.19)
[18:25:19] [PLAYER MATCH] Addr: 0x18905BD4 | Moved: 13.78m | Pos: (3286.44, 1528.48, 23.19)
[18:25:19] [PLAYER MATCH] Addr: 0x18B54B08 | Moved: 13.78m | Pos: (3285.44, 1529.48, 23.19)
[18:25:19] [PLAYER MATCH] Addr: 0x18C681E0 | Moved: 13.78m | Pos: (3285.02, 1529.89, 22.47)
[18:25:19] [PLAYER MATCH] Addr: 0x18C68280 | Moved: 13.78m | Pos: (3285.02, 1529.89, 22.47)
[18:25:19] [PLAYER MATCH] Addr: 0x18C68320 | Moved: 13.78m | Pos: (3285.02, 1529.89, 22.47)
[18:25:19] [PLAYER MATCH] Addr: 0x18C683C0 | Moved: 13.78m | Pos: (3285.02, 1529.89, 22.47)
[18:25:19] [PLAYER MATCH] Addr: 0x18C6AD00 | Moved: 13.78m | Pos: (3285.50, 1529.30, 22.55)
[18:25:19] [PLAYER MATCH] Addr: 0x18CB26A0 | Moved: 13.78m | Pos: (3285.55, 1529.35, 22.53)
[18:25:19] [PLAYER MATCH] Addr: 0x18CB2880 | Moved: 13.78m | Pos: (3285.55, 1529.35, 22.53)
[18:25:19] [PLAYER MATCH] Addr: 0x18CB2920 | Moved: 13.78m | Pos: (3285.72, 1529.30, 22.92)
[18:25:19] [PLAYER MATCH] Addr: 0x18CB29C0 | Moved: 13.78m | Pos: (3285.53, 1529.36, 22.57)
[18:25:19] [PLAYER MATCH] Addr: 0x18CB2CE0 | Moved: 13.78m | Pos: (3285.71, 1529.49, 22.39)
[18:25:19] [PLAYER MATCH] Addr: 0x18CB3F00 | Moved: 13.78m | Pos: (3285.53, 1529.36, 22.57)
[18:25:19] [PLAYER MATCH] Addr: 0x18CB4220 | Moved: 13.78m | Pos: (3285.71, 1529.49, 22.39)
[18:25:19] [PLAYER MATCH] Addr: 0x18CB4540 | Moved: 13.78m | Pos: (3285.71, 1529.49, 22.39)
[18:25:19] [PLAYER MATCH] Addr: 0x18CB45E0 | Moved: 13.78m | Pos: (3285.71, 1529.49, 22.39)
[18:25:19] [PLAYER MATCH] Addr: 0x18CB49A0 | Moved: 13.78m | Pos: (3285.72, 1529.30, 22.92)
[18:25:19] [PLAYER MATCH] Addr: 0x18CB4A40 | Moved: 13.78m | Pos: (3285.55, 1529.35, 22.53)
[18:25:19] [PLAYER MATCH] Addr: 0x18CB4C20 | Moved: 13.78m | Pos: (3285.55, 1529.35, 22.53)
[18:25:19] [PLAYER MATCH] Addr: 0x18CB4D60 | Moved: 13.78m | Pos: (3285.55, 1529.35, 22.53)
[18:25:19] [PLAYER MATCH] Addr: 0x18CB4EA0 | Moved: 13.78m | Pos: (3285.53, 1529.34, 22.53)
[18:25:19] [PLAYER MATCH] Addr: 0x18CB4FE0 | Moved: 13.78m | Pos: (3285.55, 1529.35, 22.53)
[18:25:19] [PLAYER MATCH] Addr: 0x18CB51C0 | Moved: 13.78m | Pos: (3285.50, 1529.32, 23.34)
[18:25:19] [PLAYER MATCH] Addr: 0x18CB5300 | Moved: 13.78m | Pos: (3285.72, 1529.30, 22.92)
[18:25:19] [PLAYER MATCH] Addr: 0x18CB5440 | Moved: 13.78m | Pos: (3285.72, 1529.30, 22.92)
[18:25:19] [PLAYER MATCH] Addr: 0x18CB5580 | Moved: 13.78m | Pos: (3284.96, 1529.86, 22.46)
[18:25:19] [PLAYER MATCH] Addr: 0x18CB56C0 | Moved: 13.78m | Pos: (3285.16, 1529.83, 23.03)
[18:25:19] [PLAYER MATCH] Addr: 0x18CB5D00 | Moved: 13.78m | Pos: (3285.53, 1529.36, 22.57)
[18:25:19] [PLAYER MATCH] Addr: 0x18D6CA80 | Moved: 13.78m | Pos: (3285.53, 1529.36, 21.53)
[18:25:19] [PLAYER MATCH] Addr: 0x18D8F300 | Moved: 13.78m | Pos: (3285.50, 1529.32, 23.34)
[18:25:19] [PLAYER MATCH] Addr: 0x18E62380 | Moved: 13.78m | Pos: (3285.53, 1529.36, 21.53)
[18:25:19] [PLAYER MATCH] Addr: 0x18E65F20 | Moved: 13.78m | Pos: (3285.38, 1529.66, 22.97)
[18:25:19] [PLAYER MATCH] Addr: 0x18EA13A0 | Moved: 13.78m | Pos: (3285.54, 1529.35, 22.53)
[18:25:19] [PLAYER MATCH] Addr: 0x18EA1490 | Moved: 13.78m | Pos: (3285.54, 1529.35, 22.53)
[18:25:19] [PLAYER MATCH] Addr: 0x18EA1560 | Moved: 13.78m | Pos: (3285.61, 1529.38, 23.18)
[18:25:19] [PLAYER MATCH] Addr: 0x18EA1650 | Moved: 13.78m | Pos: (3285.54, 1529.35, 22.53)
[18:25:19] [PLAYER MATCH] Addr: 0x18EA1720 | Moved: 13.78m | Pos: (3285.54, 1529.35, 22.53)
[18:25:19] [PLAYER MATCH] Addr: 0x18EA1810 | Moved: 13.78m | Pos: (3285.54, 1529.35, 22.53)
[18:25:19] [PLAYER MATCH] Addr: 0x18EA18E0 | Moved: 13.78m | Pos: (3285.54, 1529.35, 22.53)
[18:25:19] [PLAYER MATCH] Addr: 0x18EA19D0 | Moved: 13.78m | Pos: (3285.54, 1529.35, 22.53)
[18:25:19] [PLAYER MATCH] Addr: 0x18EA1AA0 | Moved: 13.78m | Pos: (3285.54, 1529.35, 22.53)
[18:25:19] [PLAYER MATCH] Addr: 0x18EA1B90 | Moved: 13.78m | Pos: (3285.54, 1529.35, 22.53)
[18:25:19] [PLAYER MATCH] Addr: 0x18EA1C60 | Moved: 13.78m | Pos: (3285.44, 1529.48, 23.19)
[18:25:19] [PLAYER MATCH] Addr: 0x18EA1D50 | Moved: 13.78m | Pos: (3285.44, 1529.48, 23.19)
[18:25:19] [PLAYER MATCH] Addr: 0x18EA1E20 | Moved: 13.78m | Pos: (3285.54, 1529.35, 22.53)
[18:25:19] [PLAYER MATCH] Addr: 0x18EA1F10 | Moved: 13.78m | Pos: (3285.54, 1529.35, 22.53)
[18:25:19] [PLAYER MATCH] Addr: 0x18EA1FE0 | Moved: 13.78m | Pos: (3285.70, 1529.49, 22.48)
[18:25:19] [PLAYER MATCH] Addr: 0x18EA21B0 | Moved: 13.78m | Pos: (3285.61, 1529.42, 22.53)
[18:25:19] [PLAYER MATCH] Addr: 0x18EA2280 | Moved: 13.78m | Pos: (3285.30, 1529.14, 22.53)
[18:25:19] [PLAYER MATCH] Addr: 0x18EA2370 | Moved: 13.78m | Pos: (3285.54, 1529.35, 22.53)
[18:25:19] [PLAYER MATCH] Addr: 0x18EA2440 | Moved: 13.78m | Pos: (3285.54, 1529.35, 22.53)
[18:25:19] [PLAYER MATCH] Addr: 0x18EA2530 | Moved: 13.78m | Pos: (3285.54, 1529.35, 22.53)
[18:25:19] [PLAYER MATCH] Addr: 0x18EA2600 | Moved: 13.78m | Pos: (3285.54, 1529.35, 22.53)
[18:25:19] [PLAYER MATCH] Addr: 0x18EA26F0 | Moved: 13.78m | Pos: (3285.54, 1529.35, 22.53)
[18:25:19] [PLAYER MATCH] Addr: 0x18EA27C0 | Moved: 13.78m | Pos: (3285.39, 1529.23, 22.53)
[18:25:19] [PLAYER MATCH] Addr: 0x18EA28B0 | Moved: 13.78m | Pos: (3285.48, 1529.27, 22.53)
[18:25:19] [PLAYER MATCH] Addr: 0x18EA2980 | Moved: 13.78m | Pos: (3285.71, 1529.24, 23.17)
[18:25:19] [PLAYER MATCH] Addr: 0x18EA2B50 | Moved: 13.78m | Pos: (3285.54, 1529.35, 22.84)
[18:25:19] [PLAYER MATCH] Addr: 0x18EA2C20 | Moved: 13.78m | Pos: (3285.54, 1529.35, 22.53)
[18:25:19] [PLAYER MATCH] Addr: 0x18EA2D10 | Moved: 13.78m | Pos: (3285.54, 1529.35, 22.53)
[18:25:19] [PLAYER MATCH] Addr: 0x18EA2DE0 | Moved: 13.78m | Pos: (3285.29, 1529.15, 22.53)
[18:25:19] [PLAYER MATCH] Addr: 0x18EA2ED0 | Moved: 13.78m | Pos: (3285.54, 1529.35, 22.53)
[18:25:19] [PLAYER MATCH] Addr: 0x18EA2FA0 | Moved: 13.78m | Pos: (3285.54, 1529.35, 22.53)
[18:25:19] [PLAYER MATCH] Addr: 0x18EA3250 | Moved: 13.78m | Pos: (3285.54, 1529.35, 22.53)
[18:25:19] [PLAYER MATCH] Addr: 0x18EA3320 | Moved: 13.78m | Pos: (3285.38, 1529.66, 22.97)
[18:25:19] [PLAYER MATCH] Addr: 0x18EA3410 | Moved: 13.78m | Pos: (3285.38, 1529.66, 22.97)
[18:25:19] [PLAYER MATCH] Addr: 0x18EF5B20 | Moved: 13.78m | Pos: (3284.96, 1529.86, 22.46)
[18:25:19] [PLAYER MATCH] Addr: 0x18EF94A0 | Moved: 13.78m | Pos: (3285.16, 1529.83, 23.03)
[18:25:19] [PLAYER MATCH] Addr: 0x286B0988 | Moved: 13.78m | Pos: (3285.53, 1529.36, 21.53)
[18:25:19] [PLAYER MATCH] Addr: 0x286B09C0 | Moved: 13.78m | Pos: (3189.89, 1558.59, 21.53)
[18:25:19] [PLAYER MATCH] Addr: 0x2879F0A0 | Moved: 13.78m | Pos: (3285.44, 1529.48, 23.19)
[18:25:19] [PLAYER MATCH] Addr: 0x2879F0B0 | Moved: 13.78m | Pos: (3285.29, 1529.47, 23.24)
[18:25:19] [PLAYER MATCH] Addr: 0x2879F0BC | Moved: 13.78m | Pos: (3285.42, 1529.63, 23.24)
[18:25:19] [PLAYER MATCH] Addr: 0x2879F0C8 | Moved: 13.78m | Pos: (3285.30, 1529.46, 23.13)
[18:25:19] [PLAYER MATCH] Addr: 0x2879F0D4 | Moved: 13.78m | Pos: (3285.43, 1529.62, 23.13)
[18:25:19] [PLAYER MATCH] Addr: 0x2879F110 | Moved: 13.78m | Pos: (3285.44, 1529.48, 23.19)
[18:25:19] [PLAYER MATCH] Addr: 0x2879F6D0 | Moved: 13.78m | Pos: (3285.44, 1529.48, 23.19)
[18:25:19] [PLAYER MATCH] Addr: 0x287A0530 | Moved: 13.78m | Pos: (3285.44, 1529.48, 23.19)
[18:25:19] [PLAYER MATCH] Addr: 0x287A0810 | Moved: 13.78m | Pos: (3285.44, 1529.48, 23.19)
[18:25:19] [PLAYER MATCH] Addr: 0x287A0AF0 | Moved: 13.78m | Pos: (3285.44, 1529.48, 23.19)
[18:25:19] [PLAYER MATCH] Addr: 0x287B10C0 | Moved: 13.78m | Pos: (3285.53, 1529.36, 21.53)
[18:25:19] [PLAYER MATCH] Addr: 0x287C0574 | Moved: 13.78m | Pos: (3285.53, 1529.36, 21.53)
[18:25:19] [PLAYER MATCH] Addr: 0x287C0588 | Moved: 13.78m | Pos: (3285.44, 1529.48, 23.19)
[18:25:19] [PLAYER MATCH] Addr: 0x287F0ABC | Moved: 13.78m | Pos: (3285.44, 1529.48, 23.19)
[18:25:19] [PLAYER MATCH] Addr: 0x287F12EC | Moved: 13.78m | Pos: (3285.44, 1529.48, 23.19)
[18:25:19] [PLAYER MATCH] Addr: 0x2886007C | Moved: 13.78m | Pos: (3285.53, 1529.36, 21.53)
[18:25:19] [PLAYER MATCH] Addr: 0x288600C0 | Moved: 13.78m | Pos: (3285.53, 1529.36, 21.53)
[18:25:19] [PLAYER MATCH] Addr: 0x28A32ED8 | Moved: 13.78m | Pos: (3285.53, 1529.36, 21.53)
[18:25:19] [PLAYER MATCH] Addr: 0x2B04ABA0 | Moved: 18.27m | Pos: (3285.44, 1529.48, 23.19)
[18:25:19] [PLAYER MATCH] Addr: 0x2B04ABC0 | Moved: 18.27m | Pos: (3285.44, 1529.48, 23.19)
[18:25:19] [PLAYER MATCH] Addr: 0x2C6CD3BC | Moved: 13.78m | Pos: (3285.44, 1529.48, 23.19)
[18:25:19] [PLAYER MATCH] Addr: 0x2C7B5E5C | Moved: 13.78m | Pos: (3285.44, 1529.48, 23.19)
[18:25:19] [PLAYER MATCH] Addr: 0x2C98CBB0 | Moved: 13.78m | Pos: (3285.54, 1529.35, 22.53)
[18:25:19] [PLAYER MATCH] Addr: 0x2C98CE50 | Moved: 13.78m | Pos: (3285.61, 1529.38, 23.18)
[18:25:19] [PLAYER MATCH] Addr: 0x2C98D0F0 | Moved: 13.78m | Pos: (3285.54, 1529.35, 22.53)
[18:25:19] [PLAYER MATCH] Addr: 0x2C98D390 | Moved: 13.78m | Pos: (3285.54, 1529.35, 22.53)
[18:25:19] [PLAYER MATCH] Addr: 0x2C98D630 | Moved: 13.78m | Pos: (3285.54, 1529.35, 22.53)
[18:25:19] [PLAYER MATCH] Addr: 0x2C98D8D0 | Moved: 13.78m | Pos: (3285.54, 1529.35, 22.53)
[18:25:19] [PLAYER MATCH] Addr: 0x2C98DB70 | Moved: 13.78m | Pos: (3285.70, 1529.49, 22.48)
[18:25:19] [PLAYER MATCH] Addr: 0x2CA1B690 | Moved: 13.78m | Pos: (3285.53, 1529.36, 21.53)
[18:25:19] [PLAYER MATCH] Addr: 0x2CCE2970 | Moved: 13.78m | Pos: (3285.44, 1529.48, 23.19)
[18:25:19] [PLAYER MATCH] Addr: 0x2CCE2A80 | Moved: 13.78m | Pos: (3285.44, 1529.48, 23.19)
[18:25:19] [PLAYER MATCH] Addr: 0x2CCE2BCC | Moved: 13.78m | Pos: (3285.44, 1529.48, 23.19)
[18:25:19] [PLAYER MATCH] Addr: 0x2CCE2BDC | Moved: 13.78m | Pos: (3285.29, 1529.47, 23.24)
[18:25:19] [PLAYER MATCH] Addr: 0x2CCE2BE8 | Moved: 13.78m | Pos: (3285.42, 1529.63, 23.24)
[18:25:19] [PLAYER MATCH] Addr: 0x2CCE2BF4 | Moved: 13.78m | Pos: (3285.30, 1529.46, 23.13)
[18:25:19] [PLAYER MATCH] Addr: 0x2CCE2C00 | Moved: 13.78m | Pos: (3285.43, 1529.62, 23.13)
[18:25:19] [PLAYER MATCH] Addr: 0x2CCF9380 | Moved: 13.78m | Pos: (3285.53, 1529.36, 21.53)
[18:25:19] [PLAYER MATCH] Addr: 0x2CCF9750 | Moved: 13.78m | Pos: (3285.53, 1529.36, 21.53)
[18:25:19] [PLAYER MATCH] Addr: 0x2CCF988C | Moved: 13.78m | Pos: (3285.53, 1529.36, 21.53)
[18:25:19] [PLAYER MATCH] Addr: 0x2CCF9AC0 | Moved: 13.78m | Pos: (3285.40, 1529.43, 23.25)
[18:25:19] [PLAYER MATCH] Addr: 0x2CCFCDB0 | Moved: 18.27m | Pos: (3285.44, 1529.48, 23.19)
[18:25:19] [PLAYER MATCH] Addr: 0x2CCFCDD0 | Moved: 18.27m | Pos: (3285.44, 1529.48, 23.19)
[18:25:19] [PLAYER MATCH] Addr: 0x2CE82950 | Moved: 13.78m | Pos: (3285.30, 1529.14, 22.53)
[18:25:19] [PLAYER MATCH] Addr: 0x2CE82BF0 | Moved: 13.78m | Pos: (3285.54, 1529.35, 22.53)
[18:25:19] [PLAYER MATCH] Addr: 0x2CE82E90 | Moved: 13.78m | Pos: (3285.54, 1529.35, 22.53)
[18:25:19] [PLAYER MATCH] Addr: 0x2CE83130 | Moved: 13.78m | Pos: (3285.39, 1529.23, 22.53)
[18:25:19] [PLAYER MATCH] Addr: 0x2CE833D0 | Moved: 13.78m | Pos: (3285.71, 1529.24, 23.17)
[18:25:19] [PLAYER MATCH] Addr: 0x2CE83670 | Moved: 13.78m | Pos: (3285.54, 1529.35, 22.53)
[18:25:19] [PLAYER MATCH] Addr: 0x2CE83910 | Moved: 13.78m | Pos: (3285.29, 1529.15, 22.53)
[18:25:19] [PLAYER MATCH] Addr: 0x2CE83BB0 | Moved: 13.78m | Pos: (3285.54, 1529.35, 22.53)
[18:25:19] [PLAYER MATCH] Addr: 0x2CE84390 | Moved: 13.78m | Pos: (3285.38, 1529.66, 22.97)
[18:25:19] [PLAYER MATCH] Addr: 0x2CE9E930 | Moved: 13.78m | Pos: (3285.38, 1529.66, 22.97)
[18:25:19] [PLAYER MATCH] Addr: 0x2F65236C | Moved: 13.78m | Pos: (3285.44, 1529.48, 23.19)
[18:25:19] [PLAYER MATCH] Addr: 0x2F7F216C | Moved: 13.78m | Pos: (3285.44, 1529.48, 23.19)
[18:25:19] [PLAYER MATCH] Addr: 0x2F88FEAC | Moved: 13.78m | Pos: (3285.44, 1529.48, 23.19)
[18:25:19] [PLAYER MATCH] Addr: 0x2F8906DC | Moved: 13.78m | Pos: (3285.44, 1529.48, 23.19)
[18:25:19] [PLAYER MATCH] Addr: 0x2F890F0C | Moved: 13.78m | Pos: (3285.44, 1529.48, 23.19)
[18:25:19] [PLAYER MATCH] Addr: 0x2F8B4690 | Moved: 13.78m | Pos: (3285.44, 1529.48, 23.19)
[18:25:19] [PLAYER MATCH] Addr: 0x2F8B4F30 | Moved: 13.78m | Pos: (3285.44, 1529.48, 23.19)
[18:25:19] [PLAYER MATCH] Addr: 0x2F8B50A0 | Moved: 13.78m | Pos: (3285.44, 1529.48, 23.19)
[18:25:19] [PLAYER MATCH] Addr: 0x2F8B61E0 | Moved: 13.78m | Pos: (3285.44, 1529.48, 23.19)
[18:25:19] [PLAYER MATCH] Addr: 0x2F8B64C0 | Moved: 13.78m | Pos: (3285.44, 1529.48, 23.19)
[18:25:19] [PLAYER MATCH] Addr: 0x2F94DBA0 | Moved: 13.78m | Pos: (3285.44, 1529.48, 23.19)
[18:25:19] [PLAYER MATCH] Addr: 0x2F94DCB0 | Moved: 13.78m | Pos: (3285.44, 1529.48, 23.19)
[18:25:19] [PLAYER MATCH] Addr: 0x2F94DDFC | Moved: 13.78m | Pos: (3285.44, 1529.48, 23.19)
[18:25:19] [PLAYER MATCH] Addr: 0x2F94DE0C | Moved: 13.78m | Pos: (3285.29, 1529.47, 23.24)
[18:25:19] [PLAYER MATCH] Addr: 0x2F94DE18 | Moved: 13.78m | Pos: (3285.42, 1529.63, 23.24)
[18:25:19] [PLAYER MATCH] Addr: 0x2F94DE24 | Moved: 13.78m | Pos: (3285.30, 1529.46, 23.13)
[18:25:19] [PLAYER MATCH] Addr: 0x2F94DE30 | Moved: 13.78m | Pos: (3285.43, 1529.62, 23.13)
[18:25:19] [PLAYER MATCH] Addr: 0x2FB7975C | Moved: 13.78m | Pos: (3285.44, 1529.48, 23.19)
[18:25:19] [PLAYER MATCH] Addr: 0x300A740C | Moved: 13.78m | Pos: (3285.44, 1529.48, 23.19)
[18:25:19] [PLAYER MATCH] Addr: 0x300A7C2C | Moved: 13.78m | Pos: (3285.44, 1529.48, 23.19)
[18:25:19] [PLAYER MATCH] Addr: 0x305060CC | Moved: 13.78m | Pos: (3285.44, 1529.48, 23.19)
[18:25:19] [PLAYER MATCH] Addr: 0x30B5A4AC | Moved: 13.78m | Pos: (3285.44, 1529.48, 23.19)
[18:25:19] [PLAYER MATCH] Addr: 0x30D087D0 | Moved: 13.78m | Pos: (3285.44, 1529.48, 23.19)
[18:25:19] [PLAYER MATCH] Addr: 0x30D088E0 | Moved: 13.78m | Pos: (3285.44, 1529.48, 23.19)
[18:25:19] [PLAYER MATCH] Addr: 0x30D08A2C | Moved: 13.78m | Pos: (3285.44, 1529.48, 23.19)
[18:25:19] [PLAYER MATCH] Addr: 0x30D08A3C | Moved: 13.78m | Pos: (3285.29, 1529.47, 23.24)
[18:25:19] [PLAYER MATCH] Addr: 0x30D08A48 | Moved: 13.78m | Pos: (3285.42, 1529.63, 23.24)
[18:25:19] [PLAYER MATCH] Addr: 0x30D08A54 | Moved: 13.78m | Pos: (3285.30, 1529.46, 23.13)
[18:25:19] [PLAYER MATCH] Addr: 0x30D08A60 | Moved: 13.78m | Pos: (3285.43, 1529.62, 23.13)
[18:25:19] [PLAYER MATCH] Addr: 0x30E7AC00 | Moved: 4.37m | Pos: (3292.53, 1523.39, 21.88)
[18:25:19] [PLAYER MATCH] Addr: 0x30E7AEE0 | Moved: 13.78m | Pos: (3285.44, 1529.48, 23.19)
[18:25:19] [PLAYER MATCH] Addr: 0x30E7B1C0 | Moved: 13.78m | Pos: (3285.44, 1529.48, 23.19)
[18:25:19] [PLAYER MATCH] Addr: 0x30E7B4A0 | Moved: 13.78m | Pos: (3285.44, 1529.48, 23.19)
[18:25:19] [PLAYER MATCH] Addr: 0x30E7B780 | Moved: 13.78m | Pos: (3285.44, 1529.48, 23.19)
[18:25:19] [PLAYER MATCH] Addr: 0x30E7BA60 | Moved: 13.78m | Pos: (3285.44, 1529.48, 23.19)
[18:25:19] [PLAYER MATCH] Addr: 0x30E7C020 | Moved: 13.78m | Pos: (3285.44, 1529.48, 23.19)
[18:25:19] [PLAYER MATCH] Addr: 0x30E7C300 | Moved: 13.78m | Pos: (3285.44, 1529.48, 23.19)
[18:25:19] [PLAYER MATCH] Addr: 0x30E7C5E0 | Moved: 13.78m | Pos: (3285.44, 1529.48, 23.19)
[18:25:19] [PLAYER MATCH] Addr: 0x30E7C8C0 | Moved: 13.78m | Pos: (3285.44, 1529.48, 23.19)
[18:25:19] [PLAYER MATCH] Addr: 0x30E7CBA0 | Moved: 13.78m | Pos: (3285.44, 1529.48, 23.19)
[18:25:19] [PLAYER MATCH] Addr: 0x30E7CE80 | Moved: 13.78m | Pos: (3285.44, 1529.48, 23.19)
[18:25:19] [PLAYER MATCH] Addr: 0x30E7D160 | Moved: 13.78m | Pos: (3285.44, 1529.48, 23.19)
[18:25:19] [PLAYER MATCH] Addr: 0x30E7D440 | Moved: 13.78m | Pos: (3285.44, 1529.48, 23.19)
[18:25:19] [PLAYER MATCH] Addr: 0x30E7D720 | Moved: 13.78m | Pos: (3285.44, 1529.48, 23.19)
[18:25:19] [PLAYER MATCH] Addr: 0x30E7DA00 | Moved: 13.78m | Pos: (3285.44, 1529.48, 23.19)
[18:25:19] [PLAYER MATCH] Addr: 0x30E7DCE0 | Moved: 13.78m | Pos: (3285.44, 1529.48, 23.19)
[18:25:19] [PLAYER MATCH] Addr: 0x30E7DFC0 | Moved: 13.78m | Pos: (3285.44, 1529.48, 23.19)
[18:25:19] [PLAYER MATCH] Addr: 0x30E7E2A0 | Moved: 13.78m | Pos: (3285.44, 1529.48, 23.19)
[18:25:19] [PLAYER MATCH] Addr: 0x30E7E580 | Moved: 13.78m | Pos: (3285.44, 1529.48, 23.19)
[18:25:19] [PLAYER MATCH] Addr: 0x30E7E80C | Moved: 13.83m | Pos: (2467.43, 1442.65, 637.17)
[18:25:19] [PLAYER MATCH] Addr: 0x30E7E860 | Moved: 13.78m | Pos: (3285.44, 1529.48, 23.19)
[18:25:19] [PLAYER MATCH] Addr: 0x30E7EB40 | Moved: 13.78m | Pos: (3285.44, 1529.48, 23.19)
[18:25:19] [PLAYER MATCH] Addr: 0x30E7EE20 | Moved: 13.78m | Pos: (3285.44, 1529.48, 23.19)
[18:25:19] [PLAYER MATCH] Addr: 0x30E7F100 | Moved: 13.78m | Pos: (3285.44, 1529.48, 23.19)
[18:25:19] [PLAYER MATCH] Addr: 0x30E7F3E0 | Moved: 13.78m | Pos: (3285.44, 1529.48, 23.19)
[18:25:19] [PLAYER MATCH] Addr: 0x312E8C0C | Moved: 13.78m | Pos: (3285.44, 1529.48, 23.19)
[18:25:19] [PLAYER MATCH] Addr: 0x314D632C | Moved: 13.78m | Pos: (3285.44, 1529.48, 23.19)
[18:25:19] [PLAYER MATCH] Addr: 0x318A9050 | Moved: 13.78m | Pos: (3285.53, 1529.36, 21.53)
[18:25:19] [PLAYER MATCH] Addr: 0x3195F50C | Moved: 13.78m | Pos: (3285.44, 1529.48, 23.19)
[18:25:19] [PLAYER MATCH] Addr: 0x3573F48C | Moved: 13.78m | Pos: (3285.44, 1529.48, 23.19)
[18:25:19] [PLAYER MATCH] Addr: 0x3578F940 | Moved: 13.78m | Pos: (3285.44, 1529.48, 23.19)
[18:25:19] [PLAYER MATCH] Addr: 0x3578FAB0 | Moved: 13.78m | Pos: (3285.44, 1529.48, 23.19)
[18:25:19] [PLAYER MATCH] Addr: 0x3578FC20 | Moved: 13.78m | Pos: (3285.44, 1529.48, 23.19)
[18:25:19] [PLAYER MATCH] Addr: 0x3578FD90 | Moved: 13.78m | Pos: (3285.44, 1529.48, 23.19)
[18:25:19] [PLAYER MATCH] Addr: 0x35790070 | Moved: 13.78m | Pos: (3285.44, 1529.48, 23.19)
[18:25:19] [PLAYER MATCH] Addr: 0x35790350 | Moved: 13.78m | Pos: (3285.44, 1529.48, 23.19)
[18:25:19] [PLAYER MATCH] Addr: 0x35790910 | Moved: 13.78m | Pos: (3285.44, 1529.48, 23.19)
[18:25:19] [PLAYER MATCH] Addr: 0x35790A80 | Moved: 13.78m | Pos: (3285.44, 1529.48, 23.19)
[18:25:19] [PLAYER MATCH] Addr: 0x35790BF0 | Moved: 13.78m | Pos: (3285.44, 1529.48, 23.19)
[18:25:19] [PLAYER MATCH] Addr: 0x35790D60 | Moved: 13.78m | Pos: (3285.44, 1529.48, 23.19)
[18:25:19] [PLAYER MATCH] Addr: 0x35790ED0 | Moved: 13.78m | Pos: (3285.44, 1529.48, 23.19)
[18:25:19] [PLAYER MATCH] Addr: 0x35791040 | Moved: 13.78m | Pos: (3285.44, 1529.48, 23.19)
[18:25:19] [PLAYER MATCH] Addr: 0x357911B0 | Moved: 13.78m | Pos: (3285.44, 1529.48, 23.19)
[18:25:19] [PLAYER MATCH] Addr: 0x36155E10 | Moved: 18.27m | Pos: (3285.44, 1529.48, 23.19)
[18:25:19] [PLAYER MATCH] Addr: 0x36155E30 | Moved: 18.27m | Pos: (3285.44, 1529.48, 23.19)
[18:25:19] [SCAN-F2] Found 374 matching player candidate(s)!
[18:25:19] [LOCKED] Tracking real player at: 0x03F79C6C
[18:25:19] [PLAYER] X = 3285.437 | Y = 1529.480 | Z = 23.195
[18:25:19] [PLAYER] X = 3285.379 | Y = 1529.530 | Z = 23.207
[18:25:20] [PLAYER] X = 3283.749 | Y = 1530.928 | Z = 23.563
[18:25:20] [PLAYER] X = 3280.691 | Y = 1533.549 | Z = 24.264
[18:25:21] [PLAYER] X = 3277.559 | Y = 1536.235 | Z = 24.968
[18:25:21] [PLAYER] X = 3275.472 | Y = 1538.025 | Z = 25.464
[18:25:21] =========================================
[18:25:21] [SCAN-F2] Checking which stationary candidates moved with player...
[18:25:21] [PLAYER MATCH] Addr: 0x03F79C6C | Moved: 13.32m | Pos: (3275.47, 1538.03, 25.46)
[18:25:21] [PLAYER MATCH] Addr: 0x03F79C8C | Moved: 13.32m | Pos: (3275.47, 1538.03, 25.46)
[18:25:21] [PLAYER MATCH] Addr: 0x05B1EFE0 | Moved: 13.32m | Pos: (3275.47, 1538.03, 25.46)
[18:25:21] [PLAYER MATCH] Addr: 0x05B1F1D0 | Moved: 13.32m | Pos: (3275.47, 1538.03, 6.54)
[18:25:21] [PLAYER MATCH] Addr: 0x05B1FBA0 | Moved: 13.32m | Pos: (3275.47, 1538.03, 25.46)
[18:25:21] [PLAYER MATCH] Addr: 0x05B1FCB0 | Moved: 13.32m | Pos: (3275.47, 1538.03, 25.46)
[18:25:21] [PLAYER MATCH] Addr: 0x05B1FDFC | Moved: 13.32m | Pos: (3275.47, 1538.03, 25.46)
[18:25:21] [PLAYER MATCH] Addr: 0x05E09068 | Moved: 13.32m | Pos: (3275.47, 1538.03, 25.46)
[18:25:21] [PLAYER MATCH] Addr: 0x05E540F0 | Moved: 13.32m | Pos: (3275.47, 1538.03, 25.46)
[18:25:21] [PLAYER MATCH] Addr: 0x11EFEDF0 | Moved: 13.36m | Pos: (3276.00, 1538.00, 23.70)
[18:25:21] [PLAYER MATCH] Addr: 0x11EFEF20 | Moved: 13.32m | Pos: (3275.56, 1537.90, 24.25)
[18:25:21] [PLAYER MATCH] Addr: 0x11EFEF94 | Moved: 13.62m | Pos: (3277.00, 1539.00, 23.72)
[18:25:21] [PLAYER MATCH] Addr: 0x11EFEFE0 | Moved: 13.36m | Pos: (3275.50, 1537.99, 23.82)
[18:25:21] [PLAYER MATCH] Addr: 0x11EFF030 | Moved: 13.36m | Pos: (3275.97, 1537.99, 23.74)
[18:25:21] [PLAYER MATCH] Addr: 0x11EFF090 | Moved: 13.32m | Pos: (3275.56, 1537.90, 24.25)
[18:25:21] [PLAYER MATCH] Addr: 0x11EFF0A0 | Moved: 13.32m | Pos: (3275.56, 1537.90, 25.15)
[18:25:21] [PLAYER MATCH] Addr: 0x11EFF0B0 | Moved: 13.62m | Pos: (3277.00, 1539.00, 23.72)
[18:25:21] [PLAYER MATCH] Addr: 0x11EFF0C0 | Moved: 13.65m | Pos: (3276.00, 1539.00, 23.84)
[18:25:21] [PLAYER MATCH] Addr: 0x11EFF0D0 | Moved: 13.65m | Pos: (3277.00, 1538.00, 23.58)
[18:25:21] [PLAYER MATCH] Addr: 0x11EFF140 | Moved: 13.36m | Pos: (3275.50, 1537.99, 23.82)
[18:25:21] [PLAYER MATCH] Addr: 0x11EFF180 | Moved: 13.36m | Pos: (3275.50, 1537.99, 23.82)
[18:25:21] [PLAYER MATCH] Addr: 0x11EFF2AC | Moved: 13.45m | Pos: (1538.00, 3276.00, 0.00)
[18:25:21] [PLAYER MATCH] Addr: 0x11EFF800 | Moved: 13.13m | Pos: (3275.56, 1537.90, 0.00)
[18:25:21] [PLAYER MATCH] Addr: 0x11EFF840 | Moved: 13.32m | Pos: (3274.96, 1537.30, 23.65)
[18:25:21] [PLAYER MATCH] Addr: 0x11EFF850 | Moved: 13.32m | Pos: (3276.16, 1538.50, 25.75)
[18:25:21] [PLAYER MATCH] Addr: 0x11EFF890 | Moved: 13.32m | Pos: (3275.56, 1537.90, 23.80)
[18:25:21] [PLAYER MATCH] Addr: 0x11EFF900 | Moved: 13.32m | Pos: (3275.56, 1537.90, 23.80)
[18:25:21] [PLAYER MATCH] Addr: 0x11EFF9C0 | Moved: 13.32m | Pos: (3275.56, 1537.90, 25.36)
[18:25:21] [PLAYER MATCH] Addr: 0x11EFFA10 | Moved: 13.36m | Pos: (3275.29, 1537.75, 23.80)
[18:25:21] [PLAYER MATCH] Addr: 0x11EFFA40 | Moved: 13.34m | Pos: (3275.50, 1537.96, 23.81)
[18:25:21] [PLAYER MATCH] Addr: 0x11EFFA70 | Moved: 13.51m | Pos: (3275.50, 1537.99, 23.82)
[18:25:21] [PLAYER MATCH] Addr: 0x11EFFDE0 | Moved: 13.32m | Pos: (3275.56, 1537.90, 23.80)
[18:25:21] [PLAYER MATCH] Addr: 0x11EFFE00 | Moved: 13.32m | Pos: (3275.56, 1537.90, 25.15)
[18:25:21] [PLAYER MATCH] Addr: 0x11FB9584 | Moved: 13.32m | Pos: (3275.47, 1538.03, 25.46)
[18:25:21] [PLAYER MATCH] Addr: 0x11FD1840 | Moved: 13.32m | Pos: (3275.47, 1538.03, 25.46)
[18:25:21] [PLAYER MATCH] Addr: 0x11FD1850 | Moved: 13.32m | Pos: (3275.33, 1538.02, 25.51)
[18:25:21] [PLAYER MATCH] Addr: 0x11FD185C | Moved: 13.32m | Pos: (3275.46, 1538.17, 25.51)
[18:25:21] [PLAYER MATCH] Addr: 0x11FD1868 | Moved: 13.32m | Pos: (3275.33, 1538.01, 25.40)
[18:25:21] [PLAYER MATCH] Addr: 0x11FD1874 | Moved: 13.32m | Pos: (3275.47, 1538.17, 25.40)
[18:25:21] [PLAYER MATCH] Addr: 0x11FD18B0 | Moved: 13.32m | Pos: (3275.47, 1538.03, 25.46)
[18:25:21] [PLAYER MATCH] Addr: 0x11FD18BC | Moved: 13.32m | Pos: (3275.47, 1538.03, 25.46)
[18:25:21] [PLAYER MATCH] Addr: 0x11FD19B0 | Moved: 13.32m | Pos: (3275.47, 1538.03, 25.46)
[18:25:21] [PLAYER MATCH] Addr: 0x11FD1AC0 | Moved: 13.32m | Pos: (3275.47, 1538.03, 25.46)
[18:25:21] [PLAYER MATCH] Addr: 0x11FD1C0C | Moved: 13.32m | Pos: (3275.47, 1538.03, 25.46)
[18:25:21] [PLAYER MATCH] Addr: 0x11FD1C1C | Moved: 13.32m | Pos: (3275.33, 1538.02, 25.51)
[18:25:21] [PLAYER MATCH] Addr: 0x11FD1C28 | Moved: 13.32m | Pos: (3275.46, 1538.17, 25.51)
[18:25:21] [PLAYER MATCH] Addr: 0x11FD1C34 | Moved: 13.32m | Pos: (3275.33, 1538.01, 25.40)
[18:25:21] [PLAYER MATCH] Addr: 0x11FD1C40 | Moved: 13.32m | Pos: (3275.47, 1538.17, 25.40)
[18:25:21] [PLAYER MATCH] Addr: 0x11FD2660 | Moved: 13.32m | Pos: (3275.47, 1538.03, 25.46)
[18:25:21] [PLAYER MATCH] Addr: 0x11FD2670 | Moved: 13.32m | Pos: (3275.47, 1538.03, 25.46)
[18:25:21] [PLAYER MATCH] Addr: 0x11FD27A8 | Moved: 13.32m | Pos: (3275.47, 1538.03, 25.46)
[18:25:21] [PLAYER MATCH] Addr: 0x11FD27B8 | Moved: 13.32m | Pos: (3275.33, 1538.02, 25.51)
[18:25:21] [PLAYER MATCH] Addr: 0x11FD27C4 | Moved: 13.32m | Pos: (3275.46, 1538.17, 25.51)
[18:25:21] [PLAYER MATCH] Addr: 0x11FD27D0 | Moved: 13.32m | Pos: (3275.33, 1538.01, 25.40)
[18:25:21] [PLAYER MATCH] Addr: 0x11FD27DC | Moved: 13.32m | Pos: (3275.47, 1538.17, 25.40)
[18:25:21] [PLAYER MATCH] Addr: 0x11FD2900 | Moved: 13.32m | Pos: (3275.47, 1538.03, 25.46)
[18:25:21] [PLAYER MATCH] Addr: 0x11FD2A10 | Moved: 13.32m | Pos: (3275.47, 1538.03, 25.46)
[18:25:21] [PLAYER MATCH] Addr: 0x11FD2B5C | Moved: 13.32m | Pos: (3275.47, 1538.03, 25.46)
[18:25:21] [PLAYER MATCH] Addr: 0x11FD2B6C | Moved: 13.32m | Pos: (3275.33, 1538.02, 25.51)
[18:25:21] [PLAYER MATCH] Addr: 0x11FD2B78 | Moved: 13.32m | Pos: (3275.46, 1538.17, 25.51)
[18:25:21] [PLAYER MATCH] Addr: 0x11FD2B84 | Moved: 13.32m | Pos: (3275.33, 1538.01, 25.40)
[18:25:21] [PLAYER MATCH] Addr: 0x11FD2B90 | Moved: 13.32m | Pos: (3275.47, 1538.17, 25.40)
[18:25:21] [PLAYER MATCH] Addr: 0x12000180 | Moved: 11.72m | Pos: (3257.37, 1529.48, 65.67)
[18:25:21] [PLAYER MATCH] Addr: 0x12000204 | Moved: 44.12m | Pos: (3272.77, 1531.26, 24.36)
[18:25:21] [PLAYER MATCH] Addr: 0x1200025C | Moved: 3.06m | Pos: (3270.45, 1533.65, 24.74)
[18:25:21] [PLAYER MATCH] Addr: 0x12000364 | Moved: 47.86m | Pos: (3289.83, 1576.78, 32.15)
[18:25:21] [PLAYER MATCH] Addr: 0x12000390 | Moved: 56.81m | Pos: (3288.54, 1587.54, 35.03)
[18:25:21] [PLAYER MATCH] Addr: 0x120C48A0 | Moved: 13.35m | Pos: (2421.50, 1490.97, 588.58)
[18:25:21] [PLAYER MATCH] Addr: 0x120C49A0 | Moved: 13.32m | Pos: (3264.79, 1539.80, 30.55)
[18:25:21] [PLAYER MATCH] Addr: 0x120C49B0 | Moved: 13.35m | Pos: (2421.50, 1490.97, 588.58)
[18:25:21] [PLAYER MATCH] Addr: 0x120C4AFC | Moved: 13.35m | Pos: (2421.50, 1490.97, 588.58)
[18:25:21] [PLAYER MATCH] Addr: 0x120C4B0C | Moved: 13.32m | Pos: (3266.50, 1543.13, 33.43)
[18:25:21] [PLAYER MATCH] Addr: 0x120C4B18 | Moved: 13.32m | Pos: (3266.77, 1536.46, 33.25)
[18:25:21] [PLAYER MATCH] Addr: 0x120C4B24 | Moved: 13.32m | Pos: (3262.81, 1543.13, 27.85)
[18:25:21] [PLAYER MATCH] Addr: 0x120C4B30 | Moved: 13.32m | Pos: (3263.08, 1536.46, 27.68)
[18:25:21] [PLAYER MATCH] Addr: 0x120C4B3C | Moved: 13.32m | Pos: (3282.65, 1544.07, 22.74)
[18:25:21] [PLAYER MATCH] Addr: 0x120C4B48 | Moved: 13.32m | Pos: (3282.92, 1537.39, 22.56)
[18:25:21] [PLAYER MATCH] Addr: 0x120C4B54 | Moved: 13.32m | Pos: (3278.96, 1544.07, 17.17)
[18:25:21] [PLAYER MATCH] Addr: 0x120C4B60 | Moved: 13.32m | Pos: (3279.23, 1537.39, 16.99)
[18:25:21] [PLAYER MATCH] Addr: 0x120C4C70 | Moved: 13.35m | Pos: (2421.50, 1490.97, 588.58)
[18:25:21] [PLAYER MATCH] Addr: 0x120C4D70 | Moved: 13.35m | Pos: (2421.50, 1490.97, 588.58)
[18:25:21] [PLAYER MATCH] Addr: 0x120C4D80 | Moved: 13.35m | Pos: (2421.50, 1490.97, 588.58)
[18:25:21] [PLAYER MATCH] Addr: 0x120C4ECC | Moved: 13.35m | Pos: (2421.50, 1490.97, 588.58)
[18:25:21] [PLAYER MATCH] Addr: 0x120C4EDC | Moved: 13.35m | Pos: (2423.21, 1494.31, 591.45)
[18:25:21] [PLAYER MATCH] Addr: 0x120C4EE8 | Moved: 13.35m | Pos: (2423.48, 1487.64, 591.28)
[18:25:21] [PLAYER MATCH] Addr: 0x120C4EF4 | Moved: 13.35m | Pos: (2419.52, 1494.31, 585.88)
[18:25:21] [PLAYER MATCH] Addr: 0x120C4F00 | Moved: 13.35m | Pos: (2419.79, 1487.64, 585.70)
[18:25:21] [PLAYER MATCH] Addr: 0x120C4F0C | Moved: 13.32m | Pos: (3282.65, 1544.07, 22.74)
[18:25:21] [PLAYER MATCH] Addr: 0x120C4F18 | Moved: 13.32m | Pos: (3282.92, 1537.39, 22.56)
[18:25:21] [PLAYER MATCH] Addr: 0x120C4F24 | Moved: 13.32m | Pos: (3278.96, 1544.07, 17.17)
[18:25:21] [PLAYER MATCH] Addr: 0x120C4F30 | Moved: 13.32m | Pos: (3279.23, 1537.39, 16.99)
[18:25:21] [PLAYER MATCH] Addr: 0x120C5050 | Moved: 13.35m | Pos: (2417.62, 1499.97, 583.50)
[18:25:21] [PLAYER MATCH] Addr: 0x120C5054 | Moved: 8.82m | Pos: (1499.97, 583.50, 1.00)
[18:25:21] [PLAYER MATCH] Addr: 0x120C5150 | Moved: 13.33m | Pos: (3234.63, 1547.27, 42.87)
[18:25:21] [PLAYER MATCH] Addr: 0x120C5160 | Moved: 13.35m | Pos: (2417.62, 1499.97, 583.50)
[18:25:21] [PLAYER MATCH] Addr: 0x120C5164 | Moved: 8.82m | Pos: (1499.97, 583.50, 0.83)
[18:25:21] [PLAYER MATCH] Addr: 0x120C52AC | Moved: 13.35m | Pos: (2417.62, 1499.97, 583.50)
[18:25:21] [PLAYER MATCH] Addr: 0x120C52B0 | Moved: 8.82m | Pos: (1499.97, 583.50, 0.00)
[18:25:21] [PLAYER MATCH] Addr: 0x120C52BC | Moved: 13.33m | Pos: (3243.14, 1563.89, 57.19)
[18:25:21] [PLAYER MATCH] Addr: 0x120C52C8 | Moved: 13.33m | Pos: (3244.48, 1530.65, 56.30)
[18:25:21] [PLAYER MATCH] Addr: 0x120C52D4 | Moved: 13.32m | Pos: (3224.78, 1563.89, 29.43)
[18:25:21] [PLAYER MATCH] Addr: 0x120C52E0 | Moved: 13.32m | Pos: (3226.12, 1530.65, 28.55)
[18:25:21] [PLAYER MATCH] Addr: 0x120C52EC | Moved: 13.32m | Pos: (3299.48, 1567.15, 19.91)
[18:25:21] [PLAYER MATCH] Addr: 0x120C52F8 | Moved: 13.32m | Pos: (3300.82, 1533.91, 19.02)
[18:25:21] [PLAYER MATCH] Addr: 0x120C5304 | Moved: 13.32m | Pos: (3281.12, 1567.15, -7.85)
[18:25:21] [PLAYER MATCH] Addr: 0x120C5310 | Moved: 13.32m | Pos: (3282.46, 1533.91, -8.73)
[18:25:21] [PLAYER MATCH] Addr: 0x120C5420 | Moved: 13.35m | Pos: (2417.62, 1499.97, 583.50)
[18:25:21] [PLAYER MATCH] Addr: 0x120C5424 | Moved: 8.82m | Pos: (1499.97, 583.50, 1.00)
[18:25:21] [PLAYER MATCH] Addr: 0x120C5520 | Moved: 13.35m | Pos: (2417.62, 1499.97, 583.50)
[18:25:21] [PLAYER MATCH] Addr: 0x120C5524 | Moved: 8.82m | Pos: (1499.97, 583.50, 1.00)
[18:25:21] [PLAYER MATCH] Addr: 0x120C5530 | Moved: 13.35m | Pos: (2417.62, 1499.97, 583.50)
[18:25:21] [PLAYER MATCH] Addr: 0x120C5534 | Moved: 8.82m | Pos: (1499.97, 583.50, 0.83)
[18:25:21] [PLAYER MATCH] Addr: 0x120C567C | Moved: 13.35m | Pos: (2417.62, 1499.97, 583.50)
[18:25:21] [PLAYER MATCH] Addr: 0x120C5680 | Moved: 8.82m | Pos: (1499.97, 583.50, 0.00)
[18:25:21] [PLAYER MATCH] Addr: 0x120C568C | Moved: 13.35m | Pos: (2426.13, 1516.59, 597.82)
[18:25:21] [PLAYER MATCH] Addr: 0x120C5698 | Moved: 13.35m | Pos: (2427.47, 1483.35, 596.94)
[18:25:21] [PLAYER MATCH] Addr: 0x120C56A4 | Moved: 13.35m | Pos: (2407.77, 1516.59, 570.07)
[18:25:21] [PLAYER MATCH] Addr: 0x120C56B0 | Moved: 13.35m | Pos: (2409.10, 1483.35, 569.18)
[18:25:21] [PLAYER MATCH] Addr: 0x120C56BC | Moved: 13.32m | Pos: (3299.48, 1567.15, 19.91)
[18:25:21] [PLAYER MATCH] Addr: 0x120C56C8 | Moved: 13.32m | Pos: (3300.82, 1533.91, 19.02)
[18:25:21] [PLAYER MATCH] Addr: 0x120C56D4 | Moved: 13.32m | Pos: (3281.12, 1567.15, -7.85)
[18:25:21] [PLAYER MATCH] Addr: 0x120C56E0 | Moved: 13.32m | Pos: (3282.46, 1533.91, -8.73)
[18:25:21] [PLAYER MATCH] Addr: 0x120C5FC0 | Moved: 13.35m | Pos: (2422.18, 1489.39, 589.47)
[18:25:21] [PLAYER MATCH] Addr: 0x120C60C0 | Moved: 13.35m | Pos: (2422.18, 1489.39, 589.47)
[18:25:21] [PLAYER MATCH] Addr: 0x120C60D0 | Moved: 13.35m | Pos: (2422.18, 1489.39, 589.47)
[18:25:21] [PLAYER MATCH] Addr: 0x120C621C | Moved: 13.35m | Pos: (2422.18, 1489.39, 589.47)
[18:25:21] [PLAYER MATCH] Addr: 0x120C622C | Moved: 13.35m | Pos: (2422.69, 1490.39, 590.33)
[18:25:21] [PLAYER MATCH] Addr: 0x120C6238 | Moved: 13.35m | Pos: (2422.77, 1488.39, 590.28)
[18:25:21] [PLAYER MATCH] Addr: 0x120C6244 | Moved: 13.35m | Pos: (2421.59, 1490.39, 588.66)
[18:25:21] [PLAYER MATCH] Addr: 0x120C6250 | Moved: 13.35m | Pos: (2421.67, 1488.39, 588.61)
[18:25:21] [PLAYER MATCH] Addr: 0x120C625C | Moved: 13.35m | Pos: (2423.53, 1490.44, 589.78)
[18:25:21] [PLAYER MATCH] Addr: 0x120C6268 | Moved: 13.35m | Pos: (2423.61, 1488.44, 589.73)
[18:25:21] [PLAYER MATCH] Addr: 0x120C6274 | Moved: 13.35m | Pos: (2422.42, 1490.44, 588.11)
[18:25:21] [PLAYER MATCH] Addr: 0x120C6280 | Moved: 13.35m | Pos: (2422.50, 1488.44, 588.06)
[18:25:21] [PLAYER MATCH] Addr: 0x120CD270 | Moved: 13.32m | Pos: (3275.47, 1538.03, 25.46)
[18:25:21] [PLAYER MATCH] Addr: 0x120CD290 | Moved: 13.35m | Pos: (2421.50, 1490.97, 588.58)
[18:25:21] [PLAYER MATCH] Addr: 0x120CD9C0 | Moved: 13.32m | Pos: (3275.47, 1538.03, 25.46)
[18:25:21] [PLAYER MATCH] Addr: 0x120CD9E0 | Moved: 13.35m | Pos: (2417.62, 1499.97, 583.50)
[18:25:21] [PLAYER MATCH] Addr: 0x120CD9E4 | Moved: 8.82m | Pos: (1499.97, 583.50, 1.46)
[18:25:21] [PLAYER MATCH] Addr: 0x12123964 | Moved: 13.32m | Pos: (3275.47, 1538.03, 25.46)
[18:25:21] [PLAYER MATCH] Addr: 0x12123978 | Moved: 13.32m | Pos: (3274.47, 1539.03, 25.46)
[18:25:21] [PLAYER MATCH] Addr: 0x1212398C | Moved: 13.32m | Pos: (3276.47, 1539.03, 25.46)
[18:25:21] [PLAYER MATCH] Addr: 0x121239A0 | Moved: 13.32m | Pos: (3274.47, 1537.03, 25.46)
[18:25:21] [PLAYER MATCH] Addr: 0x121239B4 | Moved: 13.32m | Pos: (3276.47, 1537.03, 25.46)
[18:25:21] [PLAYER MATCH] Addr: 0x12186428 | Moved: 13.32m | Pos: (3275.47, 1538.03, 25.46)
[18:25:21] [PLAYER MATCH] Addr: 0x1219E4F0 | Moved: 13.32m | Pos: (3275.47, 1538.03, 25.46)
[18:25:22] [PLAYER MATCH] Addr: 0x1219E600 | Moved: 13.32m | Pos: (3275.47, 1538.03, 25.46)
[18:25:22] [PLAYER MATCH] Addr: 0x1219E74C | Moved: 13.32m | Pos: (3275.47, 1538.03, 25.46)
[18:25:22] [PLAYER MATCH] Addr: 0x1219E75C | Moved: 13.32m | Pos: (3275.33, 1538.02, 25.51)
[18:25:22] [PLAYER MATCH] Addr: 0x1219E768 | Moved: 13.32m | Pos: (3275.46, 1538.17, 25.51)
[18:25:22] [PLAYER MATCH] Addr: 0x1219E774 | Moved: 13.32m | Pos: (3275.33, 1538.01, 25.40)
[18:25:22] [PLAYER MATCH] Addr: 0x1219E780 | Moved: 13.32m | Pos: (3275.47, 1538.17, 25.40)
[18:25:22] [PLAYER MATCH] Addr: 0x1219E8C0 | Moved: 13.32m | Pos: (3275.47, 1538.03, 25.46)
[18:25:22] [PLAYER MATCH] Addr: 0x1219E9D0 | Moved: 13.32m | Pos: (3275.47, 1538.03, 25.46)
[18:25:22] [PLAYER MATCH] Addr: 0x1219EB1C | Moved: 13.32m | Pos: (3275.47, 1538.03, 25.46)
[18:25:22] [PLAYER MATCH] Addr: 0x1219EB2C | Moved: 13.32m | Pos: (3275.33, 1538.02, 25.51)
[18:25:22] [PLAYER MATCH] Addr: 0x1219EB38 | Moved: 13.32m | Pos: (3275.46, 1538.17, 25.51)
[18:25:22] [PLAYER MATCH] Addr: 0x1219EB44 | Moved: 13.32m | Pos: (3275.33, 1538.01, 25.40)
[18:25:22] [PLAYER MATCH] Addr: 0x1219EB50 | Moved: 13.32m | Pos: (3275.47, 1538.17, 25.40)
[18:25:22] [PLAYER MATCH] Addr: 0x1219FC30 | Moved: 13.32m | Pos: (3275.47, 1538.03, 25.46)
[18:25:22] [PLAYER MATCH] Addr: 0x1219FC50 | Moved: 13.32m | Pos: (3275.47, 1538.03, 25.46)
[18:25:22] [PLAYER MATCH] Addr: 0x121A0380 | Moved: 13.32m | Pos: (3275.47, 1538.03, 25.46)
[18:25:22] [PLAYER MATCH] Addr: 0x121A03A0 | Moved: 13.32m | Pos: (3275.47, 1538.03, 25.46)
[18:25:22] [PLAYER MATCH] Addr: 0x1260B990 | Moved: 13.32m | Pos: (3275.47, 1538.03, 25.46)
[18:25:22] [PLAYER MATCH] Addr: 0x18102098 | Moved: 13.32m | Pos: (3275.47, 1538.03, 25.46)
[18:25:22] [PLAYER MATCH] Addr: 0x18904480 | Moved: 13.32m | Pos: (3275.56, 1537.90, 23.80)
[18:25:22] [PLAYER MATCH] Addr: 0x18904600 | Moved: 13.32m | Pos: (3275.41, 1538.21, 25.24)
[18:25:22] [PLAYER MATCH] Addr: 0x18905B80 | Moved: 13.32m | Pos: (3274.47, 1539.03, 25.46)
[18:25:22] [PLAYER MATCH] Addr: 0x18905B8C | Moved: 13.32m | Pos: (3276.47, 1539.03, 25.46)
[18:25:22] [PLAYER MATCH] Addr: 0x18905B98 | Moved: 13.32m | Pos: (3274.47, 1537.03, 25.46)
[18:25:22] [PLAYER MATCH] Addr: 0x18905BA4 | Moved: 13.32m | Pos: (3276.47, 1537.03, 25.46)
[18:25:22] [PLAYER MATCH] Addr: 0x18905BB0 | Moved: 13.32m | Pos: (3274.47, 1539.03, 25.46)
[18:25:22] [PLAYER MATCH] Addr: 0x18905BBC | Moved: 13.32m | Pos: (3276.47, 1539.03, 25.46)
[18:25:22] [PLAYER MATCH] Addr: 0x18905BC8 | Moved: 13.32m | Pos: (3274.47, 1537.03, 25.46)
[18:25:22] [PLAYER MATCH] Addr: 0x18905BD4 | Moved: 13.32m | Pos: (3276.47, 1537.03, 25.46)
[18:25:22] [PLAYER MATCH] Addr: 0x18B54B08 | Moved: 13.32m | Pos: (3275.47, 1538.03, 25.46)
[18:25:22] [PLAYER MATCH] Addr: 0x18C681E0 | Moved: 13.32m | Pos: (3275.05, 1538.43, 24.74)
[18:25:22] [PLAYER MATCH] Addr: 0x18C68280 | Moved: 13.32m | Pos: (3275.05, 1538.43, 24.74)
[18:25:22] [PLAYER MATCH] Addr: 0x18C68320 | Moved: 13.32m | Pos: (3275.05, 1538.43, 24.74)
[18:25:22] [PLAYER MATCH] Addr: 0x18C683C0 | Moved: 13.32m | Pos: (3275.05, 1538.43, 24.74)
[18:25:22] [PLAYER MATCH] Addr: 0x18C6AD00 | Moved: 13.32m | Pos: (3275.54, 1537.84, 24.82)
[18:25:22] [PLAYER MATCH] Addr: 0x18CB26A0 | Moved: 13.32m | Pos: (3275.59, 1537.90, 24.80)
[18:25:22] [PLAYER MATCH] Addr: 0x18CB2880 | Moved: 13.32m | Pos: (3275.59, 1537.90, 24.80)
[18:25:22] [PLAYER MATCH] Addr: 0x18CB2920 | Moved: 13.32m | Pos: (3275.75, 1537.85, 25.19)
[18:25:22] [PLAYER MATCH] Addr: 0x18CB29C0 | Moved: 13.32m | Pos: (3275.56, 1537.91, 24.84)
[18:25:22] [PLAYER MATCH] Addr: 0x18CB2CE0 | Moved: 13.32m | Pos: (3275.74, 1538.03, 24.66)
[18:25:22] [PLAYER MATCH] Addr: 0x18CB3F00 | Moved: 13.32m | Pos: (3275.56, 1537.91, 24.84)
[18:25:22] [PLAYER MATCH] Addr: 0x18CB4220 | Moved: 13.32m | Pos: (3275.74, 1538.03, 24.66)
[18:25:22] [PLAYER MATCH] Addr: 0x18CB4540 | Moved: 13.32m | Pos: (3275.74, 1538.03, 24.66)
[18:25:22] [PLAYER MATCH] Addr: 0x18CB45E0 | Moved: 13.32m | Pos: (3275.74, 1538.03, 24.66)
[18:25:22] [PLAYER MATCH] Addr: 0x18CB49A0 | Moved: 13.32m | Pos: (3275.75, 1537.85, 25.19)
[18:25:22] [PLAYER MATCH] Addr: 0x18CB4A40 | Moved: 13.32m | Pos: (3275.59, 1537.90, 24.80)
[18:25:22] [PLAYER MATCH] Addr: 0x18CB4C20 | Moved: 13.32m | Pos: (3275.59, 1537.90, 24.80)
[18:25:22] [PLAYER MATCH] Addr: 0x18CB4D60 | Moved: 13.32m | Pos: (3275.59, 1537.90, 24.80)
[18:25:22] [PLAYER MATCH] Addr: 0x18CB4EA0 | Moved: 13.32m | Pos: (3275.57, 1537.88, 24.80)
[18:25:22] [PLAYER MATCH] Addr: 0x18CB4FE0 | Moved: 13.32m | Pos: (3275.59, 1537.90, 24.80)
[18:25:22] [PLAYER MATCH] Addr: 0x18CB51C0 | Moved: 13.32m | Pos: (3275.53, 1537.87, 25.61)
[18:25:22] [PLAYER MATCH] Addr: 0x18CB5300 | Moved: 13.32m | Pos: (3275.75, 1537.85, 25.19)
[18:25:22] [PLAYER MATCH] Addr: 0x18CB5440 | Moved: 13.32m | Pos: (3275.75, 1537.85, 25.19)
[18:25:22] [PLAYER MATCH] Addr: 0x18CB5580 | Moved: 13.32m | Pos: (3274.99, 1538.40, 24.73)
[18:25:22] [PLAYER MATCH] Addr: 0x18CB56C0 | Moved: 13.32m | Pos: (3275.19, 1538.37, 25.30)
[18:25:22] [PLAYER MATCH] Addr: 0x18CB5D00 | Moved: 13.32m | Pos: (3275.56, 1537.91, 24.84)
[18:25:22] [PLAYER MATCH] Addr: 0x18D6CA80 | Moved: 13.32m | Pos: (3275.56, 1537.90, 23.80)
[18:25:22] [PLAYER MATCH] Addr: 0x18D8F300 | Moved: 13.32m | Pos: (3275.53, 1537.87, 25.61)
[18:25:22] [PLAYER MATCH] Addr: 0x18E62380 | Moved: 13.32m | Pos: (3275.56, 1537.90, 23.80)
[18:25:22] [PLAYER MATCH] Addr: 0x18E65F20 | Moved: 13.32m | Pos: (3275.41, 1538.21, 25.24)
[18:25:22] [PLAYER MATCH] Addr: 0x18EA13A0 | Moved: 13.32m | Pos: (3275.58, 1537.89, 24.80)
[18:25:22] [PLAYER MATCH] Addr: 0x18EA1490 | Moved: 13.32m | Pos: (3275.58, 1537.89, 24.80)
[18:25:22] [PLAYER MATCH] Addr: 0x18EA1560 | Moved: 13.32m | Pos: (3275.65, 1537.93, 25.45)
[18:25:22] [PLAYER MATCH] Addr: 0x18EA1650 | Moved: 13.32m | Pos: (3275.58, 1537.89, 24.80)
[18:25:22] [PLAYER MATCH] Addr: 0x18EA1720 | Moved: 13.32m | Pos: (3275.58, 1537.89, 24.80)
[18:25:22] [PLAYER MATCH] Addr: 0x18EA1810 | Moved: 13.32m | Pos: (3275.58, 1537.89, 24.80)
[18:25:22] [PLAYER MATCH] Addr: 0x18EA18E0 | Moved: 13.32m | Pos: (3275.58, 1537.89, 24.80)
[18:25:22] [PLAYER MATCH] Addr: 0x18EA19D0 | Moved: 13.32m | Pos: (3275.58, 1537.89, 24.80)
[18:25:22] [PLAYER MATCH] Addr: 0x18EA1AA0 | Moved: 13.32m | Pos: (3275.58, 1537.89, 24.80)
[18:25:22] [PLAYER MATCH] Addr: 0x18EA1B90 | Moved: 13.32m | Pos: (3275.58, 1537.89, 24.80)
[18:25:22] [PLAYER MATCH] Addr: 0x18EA1C60 | Moved: 13.32m | Pos: (3275.47, 1538.03, 25.46)
[18:25:22] [PLAYER MATCH] Addr: 0x18EA1D50 | Moved: 13.32m | Pos: (3275.47, 1538.03, 25.46)
[18:25:22] [PLAYER MATCH] Addr: 0x18EA1E20 | Moved: 13.32m | Pos: (3275.58, 1537.89, 24.80)
[18:25:22] [PLAYER MATCH] Addr: 0x18EA1F10 | Moved: 13.32m | Pos: (3275.58, 1537.89, 24.80)
[18:25:22] [PLAYER MATCH] Addr: 0x18EA1FE0 | Moved: 13.32m | Pos: (3275.73, 1538.03, 24.75)
[18:25:22] [PLAYER MATCH] Addr: 0x18EA21B0 | Moved: 13.32m | Pos: (3275.64, 1537.96, 24.80)
[18:25:22] [PLAYER MATCH] Addr: 0x18EA2280 | Moved: 13.32m | Pos: (3275.33, 1537.69, 24.80)
[18:25:22] [PLAYER MATCH] Addr: 0x18EA2370 | Moved: 13.32m | Pos: (3275.58, 1537.89, 24.80)
[18:25:22] [PLAYER MATCH] Addr: 0x18EA2440 | Moved: 13.32m | Pos: (3275.58, 1537.89, 24.80)
[18:25:22] [PLAYER MATCH] Addr: 0x18EA2530 | Moved: 13.32m | Pos: (3275.58, 1537.89, 24.80)
[18:25:22] [PLAYER MATCH] Addr: 0x18EA2600 | Moved: 13.32m | Pos: (3275.58, 1537.89, 24.80)
[18:25:22] [PLAYER MATCH] Addr: 0x18EA26F0 | Moved: 13.32m | Pos: (3275.58, 1537.89, 24.80)
[18:25:22] [PLAYER MATCH] Addr: 0x18EA27C0 | Moved: 13.32m | Pos: (3275.42, 1537.78, 24.80)
[18:25:22] [PLAYER MATCH] Addr: 0x18EA28B0 | Moved: 13.32m | Pos: (3275.51, 1537.82, 24.80)
[18:25:22] [PLAYER MATCH] Addr: 0x18EA2980 | Moved: 13.32m | Pos: (3275.75, 1537.79, 25.44)
[18:25:22] [PLAYER MATCH] Addr: 0x18EA2B50 | Moved: 13.32m | Pos: (3275.57, 1537.90, 25.11)
[18:25:22] [PLAYER MATCH] Addr: 0x18EA2C20 | Moved: 13.32m | Pos: (3275.58, 1537.89, 24.80)
[18:25:22] [PLAYER MATCH] Addr: 0x18EA2D10 | Moved: 13.32m | Pos: (3275.58, 1537.89, 24.80)
[18:25:22] [PLAYER MATCH] Addr: 0x18EA2DE0 | Moved: 13.32m | Pos: (3275.33, 1537.69, 24.80)
[18:25:22] [PLAYER MATCH] Addr: 0x18EA2ED0 | Moved: 13.32m | Pos: (3275.58, 1537.89, 24.80)
[18:25:22] [PLAYER MATCH] Addr: 0x18EA2FA0 | Moved: 13.32m | Pos: (3275.58, 1537.89, 24.80)
[18:25:22] [PLAYER MATCH] Addr: 0x18EA3250 | Moved: 13.32m | Pos: (3275.58, 1537.89, 24.80)
[18:25:22] [PLAYER MATCH] Addr: 0x18EA3320 | Moved: 13.32m | Pos: (3275.41, 1538.21, 25.24)
[18:25:22] [PLAYER MATCH] Addr: 0x18EA3410 | Moved: 13.32m | Pos: (3275.41, 1538.21, 25.24)
[18:25:22] [PLAYER MATCH] Addr: 0x18EF5B20 | Moved: 13.32m | Pos: (3274.99, 1538.40, 24.73)
[18:25:22] [PLAYER MATCH] Addr: 0x18EF94A0 | Moved: 13.32m | Pos: (3275.19, 1538.37, 25.30)
[18:25:22] [PLAYER MATCH] Addr: 0x286B0988 | Moved: 13.32m | Pos: (3275.56, 1537.90, 23.80)
[18:25:22] [PLAYER MATCH] Addr: 0x286B09C0 | Moved: 13.32m | Pos: (3179.93, 1567.14, 23.80)
[18:25:22] [PLAYER MATCH] Addr: 0x2879F0A0 | Moved: 13.32m | Pos: (3275.47, 1538.03, 25.46)
[18:25:22] [PLAYER MATCH] Addr: 0x2879F0B0 | Moved: 13.32m | Pos: (3275.33, 1538.02, 25.51)
[18:25:22] [PLAYER MATCH] Addr: 0x2879F0BC | Moved: 13.32m | Pos: (3275.46, 1538.17, 25.51)
[18:25:22] [PLAYER MATCH] Addr: 0x2879F0C8 | Moved: 13.32m | Pos: (3275.33, 1538.01, 25.40)
[18:25:22] [PLAYER MATCH] Addr: 0x2879F0D4 | Moved: 13.32m | Pos: (3275.47, 1538.17, 25.40)
[18:25:22] [PLAYER MATCH] Addr: 0x2879F110 | Moved: 13.32m | Pos: (3275.47, 1538.03, 25.46)
[18:25:22] [PLAYER MATCH] Addr: 0x2879F6D0 | Moved: 13.32m | Pos: (3275.47, 1538.03, 25.46)
[18:25:22] [PLAYER MATCH] Addr: 0x287A0530 | Moved: 13.32m | Pos: (3275.47, 1538.03, 25.46)
[18:25:22] [PLAYER MATCH] Addr: 0x287A0810 | Moved: 13.32m | Pos: (3275.47, 1538.03, 25.46)
[18:25:22] [PLAYER MATCH] Addr: 0x287A0AF0 | Moved: 13.32m | Pos: (3275.47, 1538.03, 25.46)
[18:25:22] [PLAYER MATCH] Addr: 0x287B10C0 | Moved: 13.32m | Pos: (3275.56, 1537.90, 23.80)
[18:25:22] [PLAYER MATCH] Addr: 0x287C0574 | Moved: 13.32m | Pos: (3275.56, 1537.90, 23.80)
[18:25:22] [PLAYER MATCH] Addr: 0x287C0588 | Moved: 13.32m | Pos: (3275.47, 1538.03, 25.46)
[18:25:22] [PLAYER MATCH] Addr: 0x287F0ABC | Moved: 13.32m | Pos: (3275.47, 1538.03, 25.46)
[18:25:22] [PLAYER MATCH] Addr: 0x2886007C | Moved: 13.32m | Pos: (3275.57, 1537.90, 23.80)
[18:25:22] [PLAYER MATCH] Addr: 0x288600C0 | Moved: 13.32m | Pos: (3275.56, 1537.90, 23.80)
[18:25:22] [PLAYER MATCH] Addr: 0x28A32ED8 | Moved: 13.32m | Pos: (3275.56, 1537.90, 23.80)
[18:25:22] [PLAYER MATCH] Addr: 0x2B04ABA0 | Moved: 12.21m | Pos: (3276.30, 1537.31, 25.26)
[18:25:22] [PLAYER MATCH] Addr: 0x2B04ABC0 | Moved: 12.21m | Pos: (3276.30, 1537.31, 25.26)
[18:25:22] [PLAYER MATCH] Addr: 0x2C6CD3BC | Moved: 13.32m | Pos: (3275.47, 1538.03, 25.46)
[18:25:22] [PLAYER MATCH] Addr: 0x2C7B5E5C | Moved: 13.32m | Pos: (3275.47, 1538.03, 25.46)
[18:25:22] [PLAYER MATCH] Addr: 0x2C98CBB0 | Moved: 13.32m | Pos: (3275.58, 1537.89, 24.80)
[18:25:22] [PLAYER MATCH] Addr: 0x2C98CE50 | Moved: 13.32m | Pos: (3275.65, 1537.93, 25.45)
[18:25:22] [PLAYER MATCH] Addr: 0x2C98D0F0 | Moved: 13.32m | Pos: (3275.58, 1537.89, 24.80)
[18:25:22] [PLAYER MATCH] Addr: 0x2C98D390 | Moved: 13.32m | Pos: (3275.58, 1537.89, 24.80)
[18:25:22] [PLAYER MATCH] Addr: 0x2C98D630 | Moved: 13.32m | Pos: (3275.58, 1537.89, 24.80)
[18:25:22] [PLAYER MATCH] Addr: 0x2C98D8D0 | Moved: 13.32m | Pos: (3275.58, 1537.89, 24.80)
[18:25:22] [PLAYER MATCH] Addr: 0x2C98DB70 | Moved: 13.32m | Pos: (3275.73, 1538.03, 24.75)
[18:25:22] [PLAYER MATCH] Addr: 0x2CA1B690 | Moved: 13.32m | Pos: (3275.56, 1537.90, 23.80)
[18:25:22] [PLAYER MATCH] Addr: 0x2CCE2970 | Moved: 13.32m | Pos: (3275.47, 1538.03, 25.46)
[18:25:22] [PLAYER MATCH] Addr: 0x2CCE2A80 | Moved: 13.32m | Pos: (3275.47, 1538.03, 25.46)
[18:25:22] [PLAYER MATCH] Addr: 0x2CCE2BCC | Moved: 13.32m | Pos: (3275.47, 1538.03, 25.46)
[18:25:22] [PLAYER MATCH] Addr: 0x2CCE2BDC | Moved: 13.32m | Pos: (3275.33, 1538.02, 25.51)
[18:25:22] [PLAYER MATCH] Addr: 0x2CCE2BE8 | Moved: 13.32m | Pos: (3275.46, 1538.17, 25.51)
[18:25:22] [PLAYER MATCH] Addr: 0x2CCE2BF4 | Moved: 13.32m | Pos: (3275.33, 1538.01, 25.40)
[18:25:22] [PLAYER MATCH] Addr: 0x2CCE2C00 | Moved: 13.32m | Pos: (3275.47, 1538.17, 25.40)
[18:25:22] [PLAYER MATCH] Addr: 0x2CCF9380 | Moved: 13.32m | Pos: (3275.56, 1537.90, 23.80)
[18:25:22] [PLAYER MATCH] Addr: 0x2CCF9750 | Moved: 13.32m | Pos: (3275.56, 1537.90, 23.80)
[18:25:22] [PLAYER MATCH] Addr: 0x2CCF988C | Moved: 13.32m | Pos: (3275.56, 1537.90, 23.80)
[18:25:22] [PLAYER MATCH] Addr: 0x2CCF9AC0 | Moved: 13.32m | Pos: (3275.44, 1537.97, 25.52)
[18:25:22] [PLAYER MATCH] Addr: 0x2CCFCDB0 | Moved: 12.21m | Pos: (3276.30, 1537.31, 25.26)
[18:25:22] [PLAYER MATCH] Addr: 0x2CCFCDD0 | Moved: 12.21m | Pos: (3276.30, 1537.31, 25.26)
[18:25:22] [PLAYER MATCH] Addr: 0x2CE82950 | Moved: 13.32m | Pos: (3275.33, 1537.69, 24.80)
[18:25:22] [PLAYER MATCH] Addr: 0x2CE82BF0 | Moved: 13.32m | Pos: (3275.58, 1537.89, 24.80)
[18:25:22] [PLAYER MATCH] Addr: 0x2CE82E90 | Moved: 13.32m | Pos: (3275.58, 1537.89, 24.80)
[18:25:22] [PLAYER MATCH] Addr: 0x2CE83130 | Moved: 13.32m | Pos: (3275.42, 1537.78, 24.80)
[18:25:22] [PLAYER MATCH] Addr: 0x2CE833D0 | Moved: 13.32m | Pos: (3275.75, 1537.79, 25.44)
[18:25:22] [PLAYER MATCH] Addr: 0x2CE83670 | Moved: 13.32m | Pos: (3275.58, 1537.89, 24.80)
[18:25:22] [PLAYER MATCH] Addr: 0x2CE83910 | Moved: 13.32m | Pos: (3275.33, 1537.69, 24.80)
[18:25:22] [PLAYER MATCH] Addr: 0x2CE83BB0 | Moved: 13.32m | Pos: (3275.58, 1537.89, 24.80)
[18:25:22] [PLAYER MATCH] Addr: 0x2CE84390 | Moved: 13.32m | Pos: (3275.41, 1538.21, 25.24)
[18:25:22] [PLAYER MATCH] Addr: 0x2CE9E930 | Moved: 13.32m | Pos: (3275.41, 1538.21, 25.24)
[18:25:22] [PLAYER MATCH] Addr: 0x2F65236C | Moved: 13.32m | Pos: (3275.47, 1538.03, 25.46)
[18:25:22] [PLAYER MATCH] Addr: 0x2F7F216C | Moved: 13.32m | Pos: (3275.47, 1538.03, 25.46)
[18:25:22] [PLAYER MATCH] Addr: 0x2F88FEAC | Moved: 13.32m | Pos: (3275.47, 1538.03, 25.46)
[18:25:22] [PLAYER MATCH] Addr: 0x2F8906DC | Moved: 13.32m | Pos: (3275.47, 1538.03, 25.46)
[18:25:22] [PLAYER MATCH] Addr: 0x2F890F0C | Moved: 13.32m | Pos: (3275.47, 1538.03, 25.46)
[18:25:22] [PLAYER MATCH] Addr: 0x2F8B4690 | Moved: 13.32m | Pos: (3275.47, 1538.03, 25.46)
[18:25:22] [PLAYER MATCH] Addr: 0x2F8B4F30 | Moved: 13.32m | Pos: (3275.47, 1538.03, 25.46)
[18:25:22] [PLAYER MATCH] Addr: 0x2F8B50A0 | Moved: 13.32m | Pos: (3275.47, 1538.03, 25.46)
[18:25:22] [PLAYER MATCH] Addr: 0x2F8B61E0 | Moved: 13.32m | Pos: (3275.47, 1538.03, 25.46)
[18:25:22] [PLAYER MATCH] Addr: 0x2F8B64C0 | Moved: 13.32m | Pos: (3275.47, 1538.03, 25.46)
[18:25:22] [PLAYER MATCH] Addr: 0x2F94DBA0 | Moved: 13.32m | Pos: (3275.47, 1538.03, 25.46)
[18:25:22] [PLAYER MATCH] Addr: 0x2F94DCB0 | Moved: 13.32m | Pos: (3275.47, 1538.03, 25.46)
[18:25:22] [PLAYER MATCH] Addr: 0x2F94DDFC | Moved: 13.32m | Pos: (3275.47, 1538.03, 25.46)
[18:25:22] [PLAYER MATCH] Addr: 0x2F94DE0C | Moved: 13.32m | Pos: (3275.33, 1538.02, 25.51)
[18:25:22] [PLAYER MATCH] Addr: 0x2F94DE18 | Moved: 13.32m | Pos: (3275.46, 1538.17, 25.51)
[18:25:22] [PLAYER MATCH] Addr: 0x2F94DE24 | Moved: 13.32m | Pos: (3275.33, 1538.01, 25.40)
[18:25:22] [PLAYER MATCH] Addr: 0x2F94DE30 | Moved: 13.32m | Pos: (3275.47, 1538.17, 25.40)
[18:25:22] [PLAYER MATCH] Addr: 0x2FB7975C | Moved: 13.32m | Pos: (3275.47, 1538.03, 25.46)
[18:25:22] [PLAYER MATCH] Addr: 0x300A740C | Moved: 13.32m | Pos: (3275.47, 1538.03, 25.46)
[18:25:22] [PLAYER MATCH] Addr: 0x300A7C2C | Moved: 13.32m | Pos: (3275.47, 1538.03, 25.46)
[18:25:22] [PLAYER MATCH] Addr: 0x305060CC | Moved: 13.32m | Pos: (3275.47, 1538.03, 25.46)
[18:25:22] [PLAYER MATCH] Addr: 0x30B5A4AC | Moved: 13.32m | Pos: (3275.47, 1538.03, 25.46)
[18:25:22] [PLAYER MATCH] Addr: 0x30D087D0 | Moved: 13.32m | Pos: (3275.47, 1538.03, 25.46)
[18:25:22] [PLAYER MATCH] Addr: 0x30D088E0 | Moved: 13.32m | Pos: (3275.47, 1538.03, 25.46)
[18:25:22] [PLAYER MATCH] Addr: 0x30D08A2C | Moved: 13.32m | Pos: (3275.47, 1538.03, 25.46)
[18:25:22] [PLAYER MATCH] Addr: 0x30D08A3C | Moved: 13.32m | Pos: (3275.33, 1538.02, 25.51)
[18:25:22] [PLAYER MATCH] Addr: 0x30D08A48 | Moved: 13.32m | Pos: (3275.46, 1538.17, 25.51)
[18:25:22] [PLAYER MATCH] Addr: 0x30D08A54 | Moved: 13.32m | Pos: (3275.33, 1538.01, 25.40)
[18:25:22] [PLAYER MATCH] Addr: 0x30D08A60 | Moved: 13.32m | Pos: (3275.47, 1538.17, 25.40)
[18:25:22] [PLAYER MATCH] Addr: 0x30E7AC00 | Moved: 22.76m | Pos: (3275.47, 1538.03, 25.46)
[18:25:22] [PLAYER MATCH] Addr: 0x30E7AEE0 | Moved: 13.32m | Pos: (3275.47, 1538.03, 25.46)
[18:25:22] [PLAYER MATCH] Addr: 0x30E7B1C0 | Moved: 13.32m | Pos: (3275.47, 1538.03, 25.46)
[18:25:22] [PLAYER MATCH] Addr: 0x30E7B4A0 | Moved: 13.32m | Pos: (3275.47, 1538.03, 25.46)
[18:25:22] [PLAYER MATCH] Addr: 0x30E7B780 | Moved: 13.32m | Pos: (3275.47, 1538.03, 25.46)
[18:25:22] [PLAYER MATCH] Addr: 0x30E7BA60 | Moved: 13.32m | Pos: (3275.47, 1538.03, 25.46)
[18:25:22] [PLAYER MATCH] Addr: 0x30E7C020 | Moved: 13.32m | Pos: (3275.47, 1538.03, 25.46)
[18:25:22] [PLAYER MATCH] Addr: 0x30E7C300 | Moved: 13.32m | Pos: (3275.47, 1538.03, 25.46)
[18:25:22] [PLAYER MATCH] Addr: 0x30E7C5E0 | Moved: 13.32m | Pos: (3275.47, 1538.03, 25.46)
[18:25:22] [PLAYER MATCH] Addr: 0x30E7C8C0 | Moved: 13.32m | Pos: (3275.47, 1538.03, 25.46)
[18:25:22] [PLAYER MATCH] Addr: 0x30E7CBA0 | Moved: 13.32m | Pos: (3275.47, 1538.03, 25.46)
[18:25:22] [PLAYER MATCH] Addr: 0x30E7CE80 | Moved: 13.32m | Pos: (3275.47, 1538.03, 25.46)
[18:25:22] [PLAYER MATCH] Addr: 0x30E7D160 | Moved: 13.32m | Pos: (3275.47, 1538.03, 25.46)
[18:25:22] [PLAYER MATCH] Addr: 0x30E7D440 | Moved: 13.32m | Pos: (3275.47, 1538.03, 25.46)
[18:25:22] [PLAYER MATCH] Addr: 0x30E7D720 | Moved: 13.32m | Pos: (3275.47, 1538.03, 25.46)
[18:25:22] [PLAYER MATCH] Addr: 0x30E7DA00 | Moved: 13.32m | Pos: (3275.47, 1538.03, 25.46)
[18:25:22] [PLAYER MATCH] Addr: 0x30E7DCE0 | Moved: 13.32m | Pos: (3275.47, 1538.03, 25.46)
[18:25:22] [PLAYER MATCH] Addr: 0x30E7DFC0 | Moved: 13.32m | Pos: (3275.47, 1538.03, 25.46)
[18:25:22] [PLAYER MATCH] Addr: 0x30E7E2A0 | Moved: 13.32m | Pos: (3275.47, 1538.03, 25.46)
[18:25:22] [PLAYER MATCH] Addr: 0x30E7E580 | Moved: 13.32m | Pos: (3275.47, 1538.03, 25.46)
[18:25:22] [PLAYER MATCH] Addr: 0x30E7E80C | Moved: 13.34m | Pos: (2457.40, 1451.18, 639.36)
[18:25:22] [PLAYER MATCH] Addr: 0x30E7E860 | Moved: 13.32m | Pos: (3275.47, 1538.03, 25.46)
[18:25:22] [PLAYER MATCH] Addr: 0x30E7EB40 | Moved: 13.32m | Pos: (3275.47, 1538.03, 25.46)
[18:25:22] [PLAYER MATCH] Addr: 0x30E7EE20 | Moved: 13.32m | Pos: (3275.47, 1538.03, 25.46)
[18:25:22] [PLAYER MATCH] Addr: 0x30E7F100 | Moved: 13.32m | Pos: (3275.47, 1538.03, 25.46)
[18:25:22] [PLAYER MATCH] Addr: 0x30E7F3E0 | Moved: 13.32m | Pos: (3275.47, 1538.03, 25.46)
[18:25:22] [PLAYER MATCH] Addr: 0x312E8C0C | Moved: 13.32m | Pos: (3275.47, 1538.03, 25.46)
[18:25:22] [PLAYER MATCH] Addr: 0x314D632C | Moved: 13.32m | Pos: (3275.47, 1538.03, 25.46)
[18:25:22] [PLAYER MATCH] Addr: 0x318A9050 | Moved: 13.32m | Pos: (3275.56, 1537.90, 23.80)
[18:25:22] [PLAYER MATCH] Addr: 0x3195F50C | Moved: 13.32m | Pos: (3275.47, 1538.03, 25.46)
[18:25:22] [PLAYER MATCH] Addr: 0x3573F48C | Moved: 13.32m | Pos: (3275.47, 1538.03, 25.46)
[18:25:22] [PLAYER MATCH] Addr: 0x3578F940 | Moved: 13.32m | Pos: (3275.47, 1538.03, 25.46)
[18:25:22] [PLAYER MATCH] Addr: 0x3578FAB0 | Moved: 13.32m | Pos: (3275.47, 1538.03, 25.46)
[18:25:22] [PLAYER MATCH] Addr: 0x3578FC20 | Moved: 13.32m | Pos: (3275.47, 1538.03, 25.46)
[18:25:22] [PLAYER MATCH] Addr: 0x3578FD90 | Moved: 13.32m | Pos: (3275.47, 1538.03, 25.46)
[18:25:22] [PLAYER MATCH] Addr: 0x35790070 | Moved: 13.32m | Pos: (3275.47, 1538.03, 25.46)
[18:25:22] [PLAYER MATCH] Addr: 0x35790350 | Moved: 13.32m | Pos: (3275.47, 1538.03, 25.46)
[18:25:22] [PLAYER MATCH] Addr: 0x35790910 | Moved: 13.32m | Pos: (3275.47, 1538.03, 25.46)
[18:25:22] [PLAYER MATCH] Addr: 0x35790A80 | Moved: 13.32m | Pos: (3275.47, 1538.03, 25.46)
[18:25:22] [PLAYER MATCH] Addr: 0x35790BF0 | Moved: 13.32m | Pos: (3275.47, 1538.03, 25.46)
[18:25:22] [PLAYER MATCH] Addr: 0x35790ED0 | Moved: 13.32m | Pos: (3275.47, 1538.03, 25.46)
[18:25:22] [PLAYER MATCH] Addr: 0x35791040 | Moved: 13.32m | Pos: (3275.47, 1538.03, 25.46)
[18:25:22] [PLAYER MATCH] Addr: 0x357911B0 | Moved: 13.32m | Pos: (3275.47, 1538.03, 25.46)
[18:25:22] [PLAYER MATCH] Addr: 0x36155E10 | Moved: 12.21m | Pos: (3276.30, 1537.31, 25.26)
[18:25:22] [PLAYER MATCH] Addr: 0x36155E30 | Moved: 12.21m | Pos: (3276.30, 1537.31, 25.26)
[18:25:22] [SCAN-F2] Found 370 matching player candidate(s)!
[18:25:22] [LOCKED] Tracking real player at: 0x03F79C6C
[18:25:22] [PLAYER] X = 3275.472 | Y = 1538.025 | Z = 25.464
[18:25:22] [PLAYER] X = 3275.482 | Y = 1538.029 | Z = 25.466
[18:25:23] [PLAYER] X = 3274.470 | Y = 1540.186 | Z = 25.901
[18:25:23] [PLAYER] X = 3274.037 | Y = 1544.456 | Z = 26.590
[18:25:24] [PLAYER] X = 3273.920 | Y = 1548.161 | Z = 27.227
[18:25:24] [PLAYER] X = 3273.818 | Y = 1551.316 | Z = 27.739
[18:25:25] [PLAYER] X = 3273.811 | Y = 1551.523 | Z = 27.782
[18:25:25] =========================================
[18:25:25] [SCAN-F2] Checking which stationary candidates moved with player...
[18:25:25] [PLAYER MATCH] Addr: 0x03F79C6C | Moved: 13.80m | Pos: (3273.81, 1551.52, 27.78)
[18:25:25] [PLAYER MATCH] Addr: 0x03F79C8C | Moved: 13.80m | Pos: (3273.81, 1551.52, 27.78)
[18:25:25] [PLAYER MATCH] Addr: 0x05B1EFE0 | Moved: 13.80m | Pos: (3273.81, 1551.52, 27.78)
[18:25:25] [PLAYER MATCH] Addr: 0x05B1F1D0 | Moved: 13.80m | Pos: (3273.81, 1551.52, 4.22)
[18:25:25] [PLAYER MATCH] Addr: 0x05B1FBA0 | Moved: 13.80m | Pos: (3273.81, 1551.52, 27.78)
[18:25:25] [PLAYER MATCH] Addr: 0x05B1FCB0 | Moved: 13.80m | Pos: (3273.81, 1551.52, 27.78)
[18:25:25] [PLAYER MATCH] Addr: 0x05B1FDFC | Moved: 13.80m | Pos: (3273.81, 1551.52, 27.78)
[18:25:25] [PLAYER MATCH] Addr: 0x05E09068 | Moved: 13.80m | Pos: (3273.81, 1551.52, 27.78)
[18:25:25] [PLAYER MATCH] Addr: 0x05E540F0 | Moved: 13.80m | Pos: (3273.81, 1551.52, 27.78)
[18:25:25] [PLAYER MATCH] Addr: 0x11EFEDF0 | Moved: 14.18m | Pos: (3274.15, 1551.85, 26.14)
[18:25:25] [PLAYER MATCH] Addr: 0x11EFEF20 | Moved: 13.79m | Pos: (3273.78, 1551.38, 26.57)
[18:25:25] [PLAYER MATCH] Addr: 0x11EFEF94 | Moved: 13.37m | Pos: (3275.00, 1552.00, 26.14)
[18:25:25] [PLAYER MATCH] Addr: 0x11EFEFE0 | Moved: 13.76m | Pos: (3273.98, 1551.47, 26.12)
[18:25:25] [PLAYER MATCH] Addr: 0x11EFF030 | Moved: 14.16m | Pos: (3274.13, 1551.82, 26.17)
[18:25:25] [PLAYER MATCH] Addr: 0x11EFF090 | Moved: 13.79m | Pos: (3273.78, 1551.38, 26.57)
[18:25:25] [PLAYER MATCH] Addr: 0x11EFF0A0 | Moved: 13.79m | Pos: (3273.78, 1551.38, 27.47)
[18:25:25] [PLAYER MATCH] Addr: 0x11EFF0B0 | Moved: 13.37m | Pos: (3275.00, 1552.00, 26.14)
[18:25:25] [PLAYER MATCH] Addr: 0x11EFF0C0 | Moved: 13.36m | Pos: (3274.00, 1552.00, 26.18)
[18:25:25] [PLAYER MATCH] Addr: 0x11EFF0D0 | Moved: 13.36m | Pos: (3275.00, 1551.00, 25.94)
[18:25:25] [PLAYER MATCH] Addr: 0x11EFF140 | Moved: 13.76m | Pos: (3273.98, 1551.47, 26.12)
[18:25:25] [PLAYER MATCH] Addr: 0x11EFF180 | Moved: 13.76m | Pos: (3273.98, 1551.47, 26.12)
[18:25:25] [PLAYER MATCH] Addr: 0x11EFF2AC | Moved: 13.15m | Pos: (1551.00, 3274.00, 0.00)
[18:25:25] [PLAYER MATCH] Addr: 0x11EFF800 | Moved: 13.59m | Pos: (3273.78, 1551.38, 0.00)
[18:25:25] [PLAYER MATCH] Addr: 0x11EFF840 | Moved: 13.79m | Pos: (3273.18, 1550.78, 25.97)
[18:25:25] [PLAYER MATCH] Addr: 0x11EFF850 | Moved: 13.79m | Pos: (3274.38, 1551.98, 28.07)
[18:25:25] [PLAYER MATCH] Addr: 0x11EFF890 | Moved: 13.79m | Pos: (3273.78, 1551.38, 26.12)
[18:25:25] [PLAYER MATCH] Addr: 0x11EFF900 | Moved: 13.79m | Pos: (3273.78, 1551.38, 26.12)
[18:25:25] [PLAYER MATCH] Addr: 0x11EFF9C0 | Moved: 13.79m | Pos: (3273.78, 1551.38, 27.68)
[18:25:25] [PLAYER MATCH] Addr: 0x11EFFA10 | Moved: 13.90m | Pos: (3273.65, 1551.36, 26.11)
[18:25:25] [PLAYER MATCH] Addr: 0x11EFFA40 | Moved: 13.81m | Pos: (3273.76, 1551.47, 26.13)
[18:25:25] [PLAYER MATCH] Addr: 0x11EFFA70 | Moved: 13.76m | Pos: (3273.98, 1551.47, 26.12)
[18:25:25] [PLAYER MATCH] Addr: 0x11EFFDE0 | Moved: 13.79m | Pos: (3273.78, 1551.38, 26.12)
[18:25:25] [PLAYER MATCH] Addr: 0x11EFFE00 | Moved: 13.79m | Pos: (3273.78, 1551.38, 27.47)
[18:25:25] [PLAYER MATCH] Addr: 0x11FB9584 | Moved: 13.80m | Pos: (3273.81, 1551.52, 27.78)
[18:25:25] [PLAYER MATCH] Addr: 0x11FD1840 | Moved: 13.80m | Pos: (3273.81, 1551.52, 27.78)
[18:25:25] [PLAYER MATCH] Addr: 0x11FD1850 | Moved: 13.90m | Pos: (3273.71, 1551.62, 27.83)
[18:25:25] [PLAYER MATCH] Addr: 0x11FD185C | Moved: 13.74m | Pos: (3273.91, 1551.63, 27.83)
[18:25:25] [PLAYER MATCH] Addr: 0x11FD1868 | Moved: 13.90m | Pos: (3273.71, 1551.62, 27.72)
[18:25:25] [PLAYER MATCH] Addr: 0x11FD1874 | Moved: 13.74m | Pos: (3273.91, 1551.62, 27.72)
[18:25:25] [PLAYER MATCH] Addr: 0x11FD18B0 | Moved: 13.80m | Pos: (3273.81, 1551.52, 27.78)
[18:25:25] [PLAYER MATCH] Addr: 0x11FD18BC | Moved: 13.80m | Pos: (3273.81, 1551.52, 27.78)
[18:25:25] [PLAYER MATCH] Addr: 0x11FD19B0 | Moved: 13.80m | Pos: (3273.81, 1551.52, 27.78)
[18:25:25] [PLAYER MATCH] Addr: 0x11FD1AC0 | Moved: 13.80m | Pos: (3273.81, 1551.52, 27.78)
[18:25:25] [PLAYER MATCH] Addr: 0x11FD1C0C | Moved: 13.80m | Pos: (3273.81, 1551.52, 27.78)
[18:25:25] [PLAYER MATCH] Addr: 0x11FD1C1C | Moved: 13.90m | Pos: (3273.71, 1551.62, 27.83)
[18:25:25] [PLAYER MATCH] Addr: 0x11FD1C28 | Moved: 13.74m | Pos: (3273.91, 1551.63, 27.83)
[18:25:25] [PLAYER MATCH] Addr: 0x11FD1C34 | Moved: 13.90m | Pos: (3273.71, 1551.62, 27.72)
[18:25:25] [PLAYER MATCH] Addr: 0x11FD1C40 | Moved: 13.74m | Pos: (3273.91, 1551.62, 27.72)
[18:25:25] [PLAYER MATCH] Addr: 0x11FD2660 | Moved: 13.80m | Pos: (3273.81, 1551.52, 27.78)
[18:25:25] [PLAYER MATCH] Addr: 0x11FD2670 | Moved: 13.80m | Pos: (3273.81, 1551.52, 27.78)
[18:25:25] [PLAYER MATCH] Addr: 0x11FD27A8 | Moved: 13.80m | Pos: (3273.81, 1551.52, 27.78)
[18:25:25] [PLAYER MATCH] Addr: 0x11FD27B8 | Moved: 13.90m | Pos: (3273.71, 1551.62, 27.83)
[18:25:25] [PLAYER MATCH] Addr: 0x11FD27C4 | Moved: 13.74m | Pos: (3273.91, 1551.63, 27.83)
[18:25:25] [PLAYER MATCH] Addr: 0x11FD27D0 | Moved: 13.90m | Pos: (3273.71, 1551.62, 27.72)
[18:25:25] [PLAYER MATCH] Addr: 0x11FD27DC | Moved: 13.74m | Pos: (3273.91, 1551.62, 27.72)
[18:25:25] [PLAYER MATCH] Addr: 0x11FD2900 | Moved: 13.80m | Pos: (3273.81, 1551.52, 27.78)
[18:25:25] [PLAYER MATCH] Addr: 0x11FD2A10 | Moved: 13.80m | Pos: (3273.81, 1551.52, 27.78)
[18:25:25] [PLAYER MATCH] Addr: 0x11FD2B5C | Moved: 13.80m | Pos: (3273.81, 1551.52, 27.78)
[18:25:25] [PLAYER MATCH] Addr: 0x11FD2B6C | Moved: 13.90m | Pos: (3273.71, 1551.62, 27.83)
[18:25:25] [PLAYER MATCH] Addr: 0x11FD2B78 | Moved: 13.74m | Pos: (3273.91, 1551.63, 27.83)
[18:25:25] [PLAYER MATCH] Addr: 0x11FD2B84 | Moved: 13.90m | Pos: (3273.71, 1551.62, 27.72)
[18:25:25] [PLAYER MATCH] Addr: 0x11FD2B90 | Moved: 13.74m | Pos: (3273.91, 1551.62, 27.72)
[18:25:25] [PLAYER MATCH] Addr: 0x12000180 | Moved: 44.96m | Pos: (3273.50, 1542.42, 25.76)
[18:25:25] [PLAYER MATCH] Addr: 0x12000204 | Moved: 48.58m | Pos: (3275.79, 1579.04, 32.61)
[18:25:25] [PLAYER MATCH] Addr: 0x1200025C | Moved: 57.77m | Pos: (3288.54, 1587.54, 35.03)
[18:25:25] [PLAYER MATCH] Addr: 0x12000390 | Moved: 7.35m | Pos: (3295.49, 1589.92, 35.25)
[18:25:25] [PLAYER MATCH] Addr: 0x120C48A0 | Moved: 15.04m | Pos: (2420.53, 1505.58, 592.04)
[18:25:25] [PLAYER MATCH] Addr: 0x120C49A0 | Moved: 14.91m | Pos: (3265.63, 1554.49, 32.94)
[18:25:25] [PLAYER MATCH] Addr: 0x120C49B0 | Moved: 15.04m | Pos: (2420.53, 1505.58, 592.04)
[18:25:25] [PLAYER MATCH] Addr: 0x120C4AFC | Moved: 15.04m | Pos: (2420.53, 1505.58, 592.04)
[18:25:25] [PLAYER MATCH] Addr: 0x120C4B0C | Moved: 14.91m | Pos: (3267.34, 1557.83, 35.82)
[18:25:25] [PLAYER MATCH] Addr: 0x120C4B18 | Moved: 14.91m | Pos: (3267.61, 1551.15, 35.64)
[18:25:25] [PLAYER MATCH] Addr: 0x120C4B24 | Moved: 14.91m | Pos: (3263.65, 1557.83, 30.24)
[18:25:25] [PLAYER MATCH] Addr: 0x120C4B30 | Moved: 14.91m | Pos: (3263.92, 1551.15, 30.07)
[18:25:25] [PLAYER MATCH] Addr: 0x120C4B3C | Moved: 14.91m | Pos: (3283.49, 1558.77, 25.13)
[18:25:25] [PLAYER MATCH] Addr: 0x120C4B48 | Moved: 14.91m | Pos: (3283.76, 1552.09, 24.96)
[18:25:25] [PLAYER MATCH] Addr: 0x120C4B54 | Moved: 14.91m | Pos: (3279.80, 1558.77, 19.56)
[18:25:25] [PLAYER MATCH] Addr: 0x120C4B60 | Moved: 14.91m | Pos: (3280.07, 1552.09, 19.38)
[18:25:25] [PLAYER MATCH] Addr: 0x120C4C70 | Moved: 15.04m | Pos: (2420.53, 1505.58, 592.04)
[18:25:25] [PLAYER MATCH] Addr: 0x120C4D70 | Moved: 15.04m | Pos: (2420.53, 1505.58, 592.04)
[18:25:25] [PLAYER MATCH] Addr: 0x120C4D80 | Moved: 15.04m | Pos: (2420.53, 1505.58, 592.04)
[18:25:25] [PLAYER MATCH] Addr: 0x120C4ECC | Moved: 15.04m | Pos: (2420.53, 1505.58, 592.04)
[18:25:25] [PLAYER MATCH] Addr: 0x120C4EDC | Moved: 15.04m | Pos: (2422.24, 1508.92, 594.92)
[18:25:25] [PLAYER MATCH] Addr: 0x120C4EE8 | Moved: 15.04m | Pos: (2422.51, 1502.24, 594.74)
[18:25:25] [PLAYER MATCH] Addr: 0x120C4EF4 | Moved: 15.04m | Pos: (2418.55, 1508.92, 589.34)
[18:25:25] [PLAYER MATCH] Addr: 0x120C4F00 | Moved: 15.04m | Pos: (2418.82, 1502.24, 589.17)
[18:25:25] [PLAYER MATCH] Addr: 0x120C4F0C | Moved: 14.91m | Pos: (3283.49, 1558.77, 25.13)
[18:25:25] [PLAYER MATCH] Addr: 0x120C4F18 | Moved: 14.91m | Pos: (3283.76, 1552.09, 24.96)
[18:25:25] [PLAYER MATCH] Addr: 0x120C4F24 | Moved: 14.91m | Pos: (3279.80, 1558.77, 19.56)
[18:25:25] [PLAYER MATCH] Addr: 0x120C4F30 | Moved: 14.91m | Pos: (3280.07, 1552.09, 19.38)
[18:25:25] [PLAYER MATCH] Addr: 0x120C5050 | Moved: 20.64m | Pos: (2419.55, 1518.81, 591.71)
[18:25:25] [PLAYER MATCH] Addr: 0x120C5054 | Moved: 20.55m | Pos: (1518.81, 591.71, 1.00)
[18:25:25] [PLAYER MATCH] Addr: 0x120C5150 | Moved: 22.15m | Pos: (3245.12, 1566.59, 45.53)
[18:25:25] [PLAYER MATCH] Addr: 0x120C5160 | Moved: 20.64m | Pos: (2419.55, 1518.81, 591.71)
[18:25:25] [PLAYER MATCH] Addr: 0x120C5164 | Moved: 20.55m | Pos: (1518.81, 591.71, 0.83)
[18:25:25] [PLAYER MATCH] Addr: 0x120C52AC | Moved: 20.64m | Pos: (2419.55, 1518.81, 591.71)
[18:25:25] [PLAYER MATCH] Addr: 0x120C52B0 | Moved: 20.55m | Pos: (1518.81, 591.71, 0.00)
[18:25:25] [PLAYER MATCH] Addr: 0x120C52BC | Moved: 22.15m | Pos: (3253.63, 1583.22, 59.85)
[18:25:25] [PLAYER MATCH] Addr: 0x120C52C8 | Moved: 22.15m | Pos: (3254.97, 1549.97, 58.97)
[18:25:25] [PLAYER MATCH] Addr: 0x120C52D4 | Moved: 22.15m | Pos: (3235.27, 1583.22, 32.10)
[18:25:25] [PLAYER MATCH] Addr: 0x120C52E0 | Moved: 22.15m | Pos: (3236.60, 1549.97, 31.21)
[18:25:25] [PLAYER MATCH] Addr: 0x120C52EC | Moved: 22.15m | Pos: (3309.98, 1586.48, 22.57)
[18:25:25] [PLAYER MATCH] Addr: 0x120C52F8 | Moved: 22.15m | Pos: (3311.32, 1553.24, 21.69)
[18:25:25] [PLAYER MATCH] Addr: 0x120C5304 | Moved: 22.15m | Pos: (3291.62, 1586.48, -5.18)
[18:25:25] [PLAYER MATCH] Addr: 0x120C5310 | Moved: 22.15m | Pos: (3292.95, 1553.24, -6.07)
[18:25:25] [PLAYER MATCH] Addr: 0x120C5420 | Moved: 20.64m | Pos: (2419.55, 1518.81, 591.71)
[18:25:25] [PLAYER MATCH] Addr: 0x120C5424 | Moved: 20.55m | Pos: (1518.81, 591.71, 1.00)
[18:25:25] [PLAYER MATCH] Addr: 0x120C5520 | Moved: 20.64m | Pos: (2419.55, 1518.81, 591.71)
[18:25:25] [PLAYER MATCH] Addr: 0x120C5524 | Moved: 20.55m | Pos: (1518.81, 591.71, 1.00)
[18:25:25] [PLAYER MATCH] Addr: 0x120C5530 | Moved: 20.64m | Pos: (2419.55, 1518.81, 591.71)
[18:25:25] [PLAYER MATCH] Addr: 0x120C5534 | Moved: 20.55m | Pos: (1518.81, 591.71, 0.83)
[18:25:25] [PLAYER MATCH] Addr: 0x120C567C | Moved: 20.64m | Pos: (2419.55, 1518.81, 591.71)
[18:25:25] [PLAYER MATCH] Addr: 0x120C5680 | Moved: 20.55m | Pos: (1518.81, 591.71, 0.00)
[18:25:25] [PLAYER MATCH] Addr: 0x120C568C | Moved: 20.64m | Pos: (2428.06, 1535.43, 606.04)
[18:25:25] [PLAYER MATCH] Addr: 0x120C5698 | Moved: 20.64m | Pos: (2429.40, 1502.19, 605.15)
[18:25:25] [PLAYER MATCH] Addr: 0x120C56A4 | Moved: 20.64m | Pos: (2409.70, 1535.43, 578.28)
[18:25:25] [PLAYER MATCH] Addr: 0x120C56B0 | Moved: 20.64m | Pos: (2411.04, 1502.19, 577.39)
[18:25:25] [PLAYER MATCH] Addr: 0x120C56BC | Moved: 22.15m | Pos: (3309.98, 1586.48, 22.57)
[18:25:25] [PLAYER MATCH] Addr: 0x120C56C8 | Moved: 22.15m | Pos: (3311.32, 1553.24, 21.69)
[18:25:25] [PLAYER MATCH] Addr: 0x120C56D4 | Moved: 22.15m | Pos: (3291.62, 1586.48, -5.18)
[18:25:25] [PLAYER MATCH] Addr: 0x120C56E0 | Moved: 22.15m | Pos: (3292.95, 1553.24, -6.07)
[18:25:25] [PLAYER MATCH] Addr: 0x120C5FC0 | Moved: 14.18m | Pos: (2420.70, 1503.24, 592.10)
[18:25:25] [PLAYER MATCH] Addr: 0x120C60C0 | Moved: 14.18m | Pos: (2420.70, 1503.24, 592.10)
[18:25:25] [PLAYER MATCH] Addr: 0x120C60D0 | Moved: 14.18m | Pos: (2420.70, 1503.24, 592.10)
[18:25:25] [PLAYER MATCH] Addr: 0x120C621C | Moved: 14.18m | Pos: (2420.70, 1503.24, 592.10)
[18:25:25] [PLAYER MATCH] Addr: 0x120C622C | Moved: 14.18m | Pos: (2421.21, 1504.24, 592.96)
[18:25:25] [PLAYER MATCH] Addr: 0x120C6238 | Moved: 14.18m | Pos: (2421.30, 1502.25, 592.91)
[18:25:25] [PLAYER MATCH] Addr: 0x120C6244 | Moved: 14.18m | Pos: (2420.11, 1504.24, 591.29)
[18:25:25] [PLAYER MATCH] Addr: 0x120C6250 | Moved: 14.18m | Pos: (2420.19, 1502.25, 591.24)
[18:25:25] [PLAYER MATCH] Addr: 0x120C625C | Moved: 14.18m | Pos: (2422.05, 1504.29, 592.41)
[18:25:25] [PLAYER MATCH] Addr: 0x120C6268 | Moved: 14.18m | Pos: (2422.13, 1502.29, 592.36)
[18:25:25] [PLAYER MATCH] Addr: 0x120C6274 | Moved: 14.18m | Pos: (2420.94, 1504.29, 590.74)
[18:25:25] [PLAYER MATCH] Addr: 0x120C6280 | Moved: 14.18m | Pos: (2421.02, 1502.29, 590.69)
[18:25:25] [PLAYER MATCH] Addr: 0x120CD270 | Moved: 13.80m | Pos: (3273.81, 1551.52, 27.78)
[18:25:25] [PLAYER MATCH] Addr: 0x120CD290 | Moved: 15.04m | Pos: (2420.53, 1505.58, 592.04)
[18:25:25] [PLAYER MATCH] Addr: 0x120CD9C0 | Moved: 13.80m | Pos: (3273.81, 1551.52, 27.78)
[18:25:25] [PLAYER MATCH] Addr: 0x120CD9E0 | Moved: 20.64m | Pos: (2419.55, 1518.81, 591.71)
[18:25:25] [PLAYER MATCH] Addr: 0x120CD9E4 | Moved: 20.55m | Pos: (1518.81, 591.71, 1.51)
[18:25:25] [PLAYER MATCH] Addr: 0x12123964 | Moved: 13.80m | Pos: (3273.81, 1551.52, 27.78)
[18:25:25] [PLAYER MATCH] Addr: 0x12123978 | Moved: 13.80m | Pos: (3272.81, 1552.52, 27.78)
[18:25:25] [PLAYER MATCH] Addr: 0x1212398C | Moved: 13.80m | Pos: (3274.81, 1552.52, 27.78)
[18:25:25] [PLAYER MATCH] Addr: 0x121239A0 | Moved: 13.80m | Pos: (3272.81, 1550.52, 27.78)
[18:25:25] [PLAYER MATCH] Addr: 0x121239B4 | Moved: 13.80m | Pos: (3274.81, 1550.52, 27.78)
[18:25:25] [PLAYER MATCH] Addr: 0x12186428 | Moved: 13.80m | Pos: (3273.81, 1551.52, 27.78)
[18:25:25] [PLAYER MATCH] Addr: 0x1219E4F0 | Moved: 13.80m | Pos: (3273.81, 1551.52, 27.78)
[18:25:25] [PLAYER MATCH] Addr: 0x1219E600 | Moved: 13.80m | Pos: (3273.81, 1551.52, 27.78)
[18:25:25] [PLAYER MATCH] Addr: 0x1219E74C | Moved: 13.80m | Pos: (3273.81, 1551.52, 27.78)
[18:25:25] [PLAYER MATCH] Addr: 0x1219E75C | Moved: 13.90m | Pos: (3273.71, 1551.62, 27.83)
[18:25:25] [PLAYER MATCH] Addr: 0x1219E768 | Moved: 13.74m | Pos: (3273.91, 1551.63, 27.83)
[18:25:25] [PLAYER MATCH] Addr: 0x1219E774 | Moved: 13.90m | Pos: (3273.71, 1551.62, 27.72)
[18:25:25] [PLAYER MATCH] Addr: 0x1219E780 | Moved: 13.74m | Pos: (3273.91, 1551.62, 27.72)
[18:25:25] [PLAYER MATCH] Addr: 0x1219E8C0 | Moved: 13.80m | Pos: (3273.81, 1551.52, 27.78)
[18:25:25] [PLAYER MATCH] Addr: 0x1219E9D0 | Moved: 13.80m | Pos: (3273.81, 1551.52, 27.78)
[18:25:25] [PLAYER MATCH] Addr: 0x1219EB1C | Moved: 13.80m | Pos: (3273.81, 1551.52, 27.78)
[18:25:25] [PLAYER MATCH] Addr: 0x1219EB2C | Moved: 13.90m | Pos: (3273.71, 1551.62, 27.83)
[18:25:25] [PLAYER MATCH] Addr: 0x1219EB38 | Moved: 13.74m | Pos: (3273.91, 1551.63, 27.83)
[18:25:25] [PLAYER MATCH] Addr: 0x1219EB44 | Moved: 13.90m | Pos: (3273.71, 1551.62, 27.72)
[18:25:25] [PLAYER MATCH] Addr: 0x1219EB50 | Moved: 13.74m | Pos: (3273.91, 1551.62, 27.72)
[18:25:25] [PLAYER MATCH] Addr: 0x1219FC30 | Moved: 13.80m | Pos: (3273.81, 1551.52, 27.78)
[18:25:25] [PLAYER MATCH] Addr: 0x1219FC50 | Moved: 13.80m | Pos: (3273.81, 1551.52, 27.78)
[18:25:25] [PLAYER MATCH] Addr: 0x121A0380 | Moved: 13.80m | Pos: (3273.81, 1551.52, 27.78)
[18:25:25] [PLAYER MATCH] Addr: 0x121A03A0 | Moved: 13.80m | Pos: (3273.81, 1551.52, 27.78)
[18:25:25] [PLAYER MATCH] Addr: 0x1260B990 | Moved: 13.80m | Pos: (3273.81, 1551.52, 27.78)
[18:25:25] [PLAYER MATCH] Addr: 0x18102098 | Moved: 13.80m | Pos: (3273.81, 1551.52, 27.78)
[18:25:25] [PLAYER MATCH] Addr: 0x18904480 | Moved: 13.79m | Pos: (3273.78, 1551.38, 26.12)
[18:25:25] [PLAYER MATCH] Addr: 0x18904600 | Moved: 13.77m | Pos: (3273.91, 1551.70, 27.56)
[18:25:25] [PLAYER MATCH] Addr: 0x18905B80 | Moved: 13.80m | Pos: (3272.81, 1552.52, 27.78)
[18:25:25] [PLAYER MATCH] Addr: 0x18905B8C | Moved: 13.80m | Pos: (3274.81, 1552.52, 27.78)
[18:25:25] [PLAYER MATCH] Addr: 0x18905B98 | Moved: 13.80m | Pos: (3272.81, 1550.52, 27.78)
[18:25:25] [PLAYER MATCH] Addr: 0x18905BA4 | Moved: 13.80m | Pos: (3274.81, 1550.52, 27.78)
[18:25:25] [PLAYER MATCH] Addr: 0x18905BB0 | Moved: 13.80m | Pos: (3272.81, 1552.52, 27.78)
[18:25:25] [PLAYER MATCH] Addr: 0x18905BBC | Moved: 13.80m | Pos: (3274.81, 1552.52, 27.78)
[18:25:25] [PLAYER MATCH] Addr: 0x18905BC8 | Moved: 13.80m | Pos: (3272.81, 1550.52, 27.78)
[18:25:25] [PLAYER MATCH] Addr: 0x18905BD4 | Moved: 13.80m | Pos: (3274.81, 1550.52, 27.78)
[18:25:25] [PLAYER MATCH] Addr: 0x18B54B08 | Moved: 13.80m | Pos: (3273.81, 1551.52, 27.78)
[18:25:25] [PLAYER MATCH] Addr: 0x18C681E0 | Moved: 13.93m | Pos: (3273.83, 1552.11, 27.05)
[18:25:25] [PLAYER MATCH] Addr: 0x18C68280 | Moved: 13.93m | Pos: (3273.83, 1552.11, 27.05)
[18:25:25] [PLAYER MATCH] Addr: 0x18C68320 | Moved: 13.93m | Pos: (3273.83, 1552.11, 27.05)
[18:25:25] [PLAYER MATCH] Addr: 0x18C683C0 | Moved: 13.93m | Pos: (3273.83, 1552.11, 27.05)
[18:25:25] [PLAYER MATCH] Addr: 0x18C6AD00 | Moved: 13.83m | Pos: (3273.72, 1551.36, 27.13)
[18:25:25] [PLAYER MATCH] Addr: 0x18CB26A0 | Moved: 13.78m | Pos: (3273.79, 1551.36, 27.11)
[18:25:25] [PLAYER MATCH] Addr: 0x18CB2880 | Moved: 13.78m | Pos: (3273.79, 1551.36, 27.11)
[18:25:25] [PLAYER MATCH] Addr: 0x18CB2920 | Moved: 13.69m | Pos: (3273.87, 1551.21, 27.51)
[18:25:25] [PLAYER MATCH] Addr: 0x18CB29C0 | Moved: 13.79m | Pos: (3273.78, 1551.39, 27.15)
[18:25:25] [PLAYER MATCH] Addr: 0x18CB2CE0 | Moved: 13.62m | Pos: (3274.00, 1551.34, 26.97)
[18:25:25] [PLAYER MATCH] Addr: 0x18CB3F00 | Moved: 13.79m | Pos: (3273.78, 1551.39, 27.15)
[18:25:25] [PLAYER MATCH] Addr: 0x18CB4220 | Moved: 13.62m | Pos: (3274.00, 1551.34, 26.97)
[18:25:25] [PLAYER MATCH] Addr: 0x18CB4540 | Moved: 13.62m | Pos: (3274.00, 1551.34, 26.97)
[18:25:25] [PLAYER MATCH] Addr: 0x18CB45E0 | Moved: 13.62m | Pos: (3274.00, 1551.34, 26.97)
[18:25:25] [PLAYER MATCH] Addr: 0x18CB49A0 | Moved: 13.69m | Pos: (3273.87, 1551.21, 27.51)
[18:25:25] [PLAYER MATCH] Addr: 0x18CB4A40 | Moved: 13.78m | Pos: (3273.79, 1551.36, 27.11)
[18:25:25] [PLAYER MATCH] Addr: 0x18CB4C20 | Moved: 13.78m | Pos: (3273.79, 1551.36, 27.11)
[18:25:25] [PLAYER MATCH] Addr: 0x18CB4D60 | Moved: 13.78m | Pos: (3273.79, 1551.36, 27.11)
[18:25:25] [PLAYER MATCH] Addr: 0x18CB4EA0 | Moved: 13.80m | Pos: (3273.77, 1551.37, 27.11)
[18:25:25] [PLAYER MATCH] Addr: 0x18CB4FE0 | Moved: 13.78m | Pos: (3273.79, 1551.36, 27.11)
[18:25:25] [PLAYER MATCH] Addr: 0x18CB51C0 | Moved: 13.82m | Pos: (3273.74, 1551.38, 27.92)
[18:25:25] [PLAYER MATCH] Addr: 0x18CB5300 | Moved: 13.69m | Pos: (3273.87, 1551.21, 27.51)
[18:25:25] [PLAYER MATCH] Addr: 0x18CB5440 | Moved: 13.69m | Pos: (3273.87, 1551.21, 27.51)
[18:25:25] [PLAYER MATCH] Addr: 0x18CB5580 | Moved: 13.99m | Pos: (3273.76, 1552.14, 27.05)
[18:25:25] [PLAYER MATCH] Addr: 0x18CB56C0 | Moved: 13.85m | Pos: (3273.88, 1551.96, 27.63)
[18:25:25] [PLAYER MATCH] Addr: 0x18CB5D00 | Moved: 13.79m | Pos: (3273.78, 1551.39, 27.15)
[18:25:25] [PLAYER MATCH] Addr: 0x18D6CA80 | Moved: 13.79m | Pos: (3273.78, 1551.38, 26.12)
[18:25:25] [PLAYER MATCH] Addr: 0x18D8F300 | Moved: 13.82m | Pos: (3273.74, 1551.38, 27.92)
[18:25:25] [PLAYER MATCH] Addr: 0x18E62380 | Moved: 13.79m | Pos: (3273.78, 1551.38, 26.12)
[18:25:25] [PLAYER MATCH] Addr: 0x18E65F20 | Moved: 13.77m | Pos: (3273.91, 1551.70, 27.56)
[18:25:25] [PLAYER MATCH] Addr: 0x18EA13A0 | Moved: 13.79m | Pos: (3273.78, 1551.36, 27.11)
[18:25:25] [PLAYER MATCH] Addr: 0x18EA1490 | Moved: 13.79m | Pos: (3273.78, 1551.36, 27.11)
[18:25:25] [PLAYER MATCH] Addr: 0x18EA1560 | Moved: 13.72m | Pos: (3273.86, 1551.34, 27.76)
[18:25:25] [PLAYER MATCH] Addr: 0x18EA1650 | Moved: 13.79m | Pos: (3273.78, 1551.36, 27.11)
[18:25:25] [PLAYER MATCH] Addr: 0x18EA1720 | Moved: 13.79m | Pos: (3273.78, 1551.36, 27.11)
[18:25:25] [PLAYER MATCH] Addr: 0x18EA1810 | Moved: 13.79m | Pos: (3273.78, 1551.36, 27.11)
[18:25:25] [PLAYER MATCH] Addr: 0x18EA18E0 | Moved: 13.79m | Pos: (3273.78, 1551.36, 27.11)
[18:25:25] [PLAYER MATCH] Addr: 0x18EA19D0 | Moved: 13.79m | Pos: (3273.78, 1551.36, 27.11)
[18:25:25] [PLAYER MATCH] Addr: 0x18EA1AA0 | Moved: 13.79m | Pos: (3273.78, 1551.36, 27.11)
[18:25:25] [PLAYER MATCH] Addr: 0x18EA1B90 | Moved: 13.79m | Pos: (3273.78, 1551.36, 27.11)
[18:25:25] [PLAYER MATCH] Addr: 0x18EA1C60 | Moved: 13.80m | Pos: (3273.81, 1551.52, 27.78)
[18:25:25] [PLAYER MATCH] Addr: 0x18EA1D50 | Moved: 13.80m | Pos: (3273.81, 1551.52, 27.78)
[18:25:25] [PLAYER MATCH] Addr: 0x18EA1E20 | Moved: 13.79m | Pos: (3273.78, 1551.36, 27.11)
[18:25:25] [PLAYER MATCH] Addr: 0x18EA1F10 | Moved: 13.79m | Pos: (3273.78, 1551.36, 27.11)
[18:25:25] [PLAYER MATCH] Addr: 0x18EA1FE0 | Moved: 13.63m | Pos: (3273.99, 1551.34, 27.06)
[18:25:25] [PLAYER MATCH] Addr: 0x18EA21B0 | Moved: 13.71m | Pos: (3273.88, 1551.37, 27.11)
[18:25:25] [PLAYER MATCH] Addr: 0x18EA2280 | Moved: 14.04m | Pos: (3273.47, 1551.40, 27.12)
[18:25:25] [PLAYER MATCH] Addr: 0x18EA2370 | Moved: 13.79m | Pos: (3273.78, 1551.36, 27.11)
[18:25:25] [PLAYER MATCH] Addr: 0x18EA2440 | Moved: 13.79m | Pos: (3273.78, 1551.36, 27.11)
[18:25:25] [PLAYER MATCH] Addr: 0x18EA2530 | Moved: 13.79m | Pos: (3273.78, 1551.36, 27.11)
[18:25:25] [PLAYER MATCH] Addr: 0x18EA2600 | Moved: 13.79m | Pos: (3273.78, 1551.36, 27.11)
[18:25:25] [PLAYER MATCH] Addr: 0x18EA26F0 | Moved: 13.79m | Pos: (3273.78, 1551.36, 27.11)
[18:25:25] [PLAYER MATCH] Addr: 0x18EA27C0 | Moved: 13.94m | Pos: (3273.60, 1551.40, 27.12)
[18:25:25] [PLAYER MATCH] Addr: 0x18EA28B0 | Moved: 13.86m | Pos: (3273.68, 1551.36, 27.11)
[18:25:25] [PLAYER MATCH] Addr: 0x18EA2980 | Moved: 13.71m | Pos: (3273.82, 1551.16, 27.75)
[18:25:25] [PLAYER MATCH] Addr: 0x18EA2B50 | Moved: 13.79m | Pos: (3273.78, 1551.37, 27.43)
[18:25:25] [PLAYER MATCH] Addr: 0x18EA2C20 | Moved: 13.79m | Pos: (3273.78, 1551.36, 27.11)
[18:25:25] [PLAYER MATCH] Addr: 0x18EA2D10 | Moved: 13.79m | Pos: (3273.78, 1551.36, 27.11)
[18:25:25] [PLAYER MATCH] Addr: 0x18EA2DE0 | Moved: 14.04m | Pos: (3273.47, 1551.42, 27.11)
[18:25:25] [PLAYER MATCH] Addr: 0x18EA2ED0 | Moved: 13.79m | Pos: (3273.78, 1551.36, 27.11)
[18:25:25] [PLAYER MATCH] Addr: 0x18EA2FA0 | Moved: 13.79m | Pos: (3273.78, 1551.36, 27.11)
[18:25:25] [PLAYER MATCH] Addr: 0x18EA3250 | Moved: 13.79m | Pos: (3273.78, 1551.36, 27.11)
[18:25:25] [PLAYER MATCH] Addr: 0x18EA3320 | Moved: 13.77m | Pos: (3273.91, 1551.70, 27.56)
[18:25:25] [PLAYER MATCH] Addr: 0x18EA3410 | Moved: 13.77m | Pos: (3273.91, 1551.70, 27.56)
[18:25:25] [PLAYER MATCH] Addr: 0x18EF5B20 | Moved: 13.99m | Pos: (3273.76, 1552.14, 27.05)
[18:25:25] [PLAYER MATCH] Addr: 0x18EF94A0 | Moved: 13.85m | Pos: (3273.88, 1551.96, 27.63)
[18:25:25] [PLAYER MATCH] Addr: 0x286B0988 | Moved: 13.79m | Pos: (3273.78, 1551.38, 26.12)
[18:25:25] [PLAYER MATCH] Addr: 0x286B09C0 | Moved: 13.79m | Pos: (3178.15, 1580.61, 26.12)
[18:25:25] [PLAYER MATCH] Addr: 0x2879F0A0 | Moved: 13.80m | Pos: (3273.81, 1551.52, 27.78)
[18:25:25] [PLAYER MATCH] Addr: 0x2879F0B0 | Moved: 13.90m | Pos: (3273.71, 1551.62, 27.83)
[18:25:25] [PLAYER MATCH] Addr: 0x2879F0BC | Moved: 13.74m | Pos: (3273.91, 1551.63, 27.83)
[18:25:25] [PLAYER MATCH] Addr: 0x2879F0C8 | Moved: 13.90m | Pos: (3273.71, 1551.62, 27.72)
[18:25:25] [PLAYER MATCH] Addr: 0x2879F0D4 | Moved: 13.74m | Pos: (3273.91, 1551.62, 27.72)
[18:25:25] [PLAYER MATCH] Addr: 0x2879F110 | Moved: 13.80m | Pos: (3273.81, 1551.52, 27.78)
[18:25:25] [PLAYER MATCH] Addr: 0x2879F6D0 | Moved: 13.80m | Pos: (3273.81, 1551.52, 27.78)
[18:25:25] [PLAYER MATCH] Addr: 0x287A0530 | Moved: 13.80m | Pos: (3273.81, 1551.52, 27.78)
[18:25:25] [PLAYER MATCH] Addr: 0x287A0810 | Moved: 13.80m | Pos: (3273.81, 1551.52, 27.78)
[18:25:25] [PLAYER MATCH] Addr: 0x287A0AF0 | Moved: 13.80m | Pos: (3273.81, 1551.52, 27.78)
[18:25:25] [PLAYER MATCH] Addr: 0x287B10C0 | Moved: 13.79m | Pos: (3273.78, 1551.38, 26.12)
[18:25:25] [PLAYER MATCH] Addr: 0x287C0574 | Moved: 13.79m | Pos: (3273.78, 1551.38, 26.12)
[18:25:25] [PLAYER MATCH] Addr: 0x287C0588 | Moved: 13.80m | Pos: (3273.81, 1551.52, 27.78)
[18:25:25] [PLAYER MATCH] Addr: 0x287F0ABC | Moved: 13.80m | Pos: (3273.81, 1551.52, 27.78)
[18:25:25] [PLAYER MATCH] Addr: 0x2886007C | Moved: 13.79m | Pos: (3273.78, 1551.37, 26.12)
[18:25:25] [PLAYER MATCH] Addr: 0x288600C0 | Moved: 13.79m | Pos: (3273.78, 1551.38, 26.12)
[18:25:25] [PLAYER MATCH] Addr: 0x28A32ED8 | Moved: 13.79m | Pos: (3273.78, 1551.38, 26.12)
[18:25:25] [PLAYER MATCH] Addr: 0x2B04ABA0 | Moved: 5.00m | Pos: (3274.12, 1541.72, 26.17)
[18:25:25] [PLAYER MATCH] Addr: 0x2B04ABC0 | Moved: 5.00m | Pos: (3274.12, 1541.72, 26.17)
[18:25:25] [PLAYER MATCH] Addr: 0x2C6CD3BC | Moved: 13.80m | Pos: (3273.81, 1551.52, 27.78)
[18:25:25] [PLAYER MATCH] Addr: 0x2C7B5E5C | Moved: 13.80m | Pos: (3273.81, 1551.52, 27.78)
[18:25:25] [PLAYER MATCH] Addr: 0x2C98CBB0 | Moved: 13.79m | Pos: (3273.78, 1551.36, 27.11)
[18:25:25] [PLAYER MATCH] Addr: 0x2C98CE50 | Moved: 13.72m | Pos: (3273.86, 1551.34, 27.76)
[18:25:25] [PLAYER MATCH] Addr: 0x2C98D0F0 | Moved: 13.79m | Pos: (3273.78, 1551.36, 27.11)
[18:25:25] [PLAYER MATCH] Addr: 0x2C98D390 | Moved: 13.79m | Pos: (3273.78, 1551.36, 27.11)
[18:25:25] [PLAYER MATCH] Addr: 0x2C98D630 | Moved: 13.79m | Pos: (3273.78, 1551.36, 27.11)
[18:25:25] [PLAYER MATCH] Addr: 0x2C98D8D0 | Moved: 13.79m | Pos: (3273.78, 1551.36, 27.11)
[18:25:25] [PLAYER MATCH] Addr: 0x2C98DB70 | Moved: 13.63m | Pos: (3273.99, 1551.34, 27.06)
[18:25:25] [PLAYER MATCH] Addr: 0x2CA1B690 | Moved: 13.79m | Pos: (3273.78, 1551.38, 26.12)
[18:25:25] [PLAYER MATCH] Addr: 0x2CCE2970 | Moved: 13.80m | Pos: (3273.81, 1551.52, 27.78)
[18:25:25] [PLAYER MATCH] Addr: 0x2CCE2A80 | Moved: 13.80m | Pos: (3273.81, 1551.52, 27.78)
[18:25:25] [PLAYER MATCH] Addr: 0x2CCE2BCC | Moved: 13.80m | Pos: (3273.81, 1551.52, 27.78)
[18:25:25] [PLAYER MATCH] Addr: 0x2CCE2BDC | Moved: 13.90m | Pos: (3273.71, 1551.62, 27.83)
[18:25:25] [PLAYER MATCH] Addr: 0x2CCE2BE8 | Moved: 13.74m | Pos: (3273.91, 1551.63, 27.83)
[18:25:25] [PLAYER MATCH] Addr: 0x2CCE2BF4 | Moved: 13.90m | Pos: (3273.71, 1551.62, 27.72)
[18:25:25] [PLAYER MATCH] Addr: 0x2CCE2C00 | Moved: 13.74m | Pos: (3273.91, 1551.62, 27.72)
[18:25:25] [PLAYER MATCH] Addr: 0x2CCF9380 | Moved: 13.79m | Pos: (3273.78, 1551.38, 26.12)
[18:25:25] [PLAYER MATCH] Addr: 0x2CCF9750 | Moved: 13.79m | Pos: (3273.78, 1551.38, 26.12)
[18:25:25] [PLAYER MATCH] Addr: 0x2CCF988C | Moved: 13.79m | Pos: (3273.78, 1551.38, 26.12)
[18:25:25] [PLAYER MATCH] Addr: 0x2CCF9AC0 | Moved: 13.84m | Pos: (3273.75, 1551.51, 27.84)
[18:25:25] [PLAYER MATCH] Addr: 0x2CCFCDB0 | Moved: 5.00m | Pos: (3274.12, 1541.72, 26.17)
[18:25:25] [PLAYER MATCH] Addr: 0x2CCFCDD0 | Moved: 5.00m | Pos: (3274.12, 1541.72, 26.17)
[18:25:25] [PLAYER MATCH] Addr: 0x2CE82950 | Moved: 14.04m | Pos: (3273.47, 1551.40, 27.12)
[18:25:25] [PLAYER MATCH] Addr: 0x2CE82BF0 | Moved: 13.79m | Pos: (3273.78, 1551.36, 27.11)
[18:25:25] [PLAYER MATCH] Addr: 0x2CE82E90 | Moved: 13.79m | Pos: (3273.78, 1551.36, 27.11)
[18:25:25] [PLAYER MATCH] Addr: 0x2CE83130 | Moved: 13.94m | Pos: (3273.60, 1551.40, 27.12)
[18:25:25] [PLAYER MATCH] Addr: 0x2CE833D0 | Moved: 13.71m | Pos: (3273.82, 1551.16, 27.75)
[18:25:25] [PLAYER MATCH] Addr: 0x2CE83670 | Moved: 13.79m | Pos: (3273.78, 1551.36, 27.11)
[18:25:25] [PLAYER MATCH] Addr: 0x2CE83910 | Moved: 14.04m | Pos: (3273.47, 1551.42, 27.11)
[18:25:25] [PLAYER MATCH] Addr: 0x2CE83BB0 | Moved: 13.79m | Pos: (3273.78, 1551.36, 27.11)
[18:25:25] [PLAYER MATCH] Addr: 0x2CE84390 | Moved: 13.77m | Pos: (3273.91, 1551.70, 27.56)
[18:25:25] [PLAYER MATCH] Addr: 0x2CE9E930 | Moved: 13.77m | Pos: (3273.91, 1551.70, 27.56)
[18:25:25] [PLAYER MATCH] Addr: 0x2F65236C | Moved: 13.80m | Pos: (3273.81, 1551.52, 27.78)
[18:25:25] [PLAYER MATCH] Addr: 0x2F7F216C | Moved: 13.80m | Pos: (3273.81, 1551.52, 27.78)
[18:25:25] [PLAYER MATCH] Addr: 0x2F88FEAC | Moved: 13.80m | Pos: (3273.81, 1551.52, 27.78)
[18:25:25] [PLAYER MATCH] Addr: 0x2F8906DC | Moved: 13.80m | Pos: (3273.81, 1551.52, 27.78)
[18:25:25] [PLAYER MATCH] Addr: 0x2F890F0C | Moved: 13.80m | Pos: (3273.81, 1551.52, 27.78)
[18:25:25] [PLAYER MATCH] Addr: 0x2F8B4690 | Moved: 13.80m | Pos: (3273.81, 1551.52, 27.78)
[18:25:25] [PLAYER MATCH] Addr: 0x2F8B4F30 | Moved: 13.80m | Pos: (3273.81, 1551.52, 27.78)
[18:25:25] [PLAYER MATCH] Addr: 0x2F8B50A0 | Moved: 13.80m | Pos: (3273.81, 1551.52, 27.78)
[18:25:25] [PLAYER MATCH] Addr: 0x2F8B61E0 | Moved: 13.80m | Pos: (3273.81, 1551.52, 27.78)
[18:25:25] [PLAYER MATCH] Addr: 0x2F8B64C0 | Moved: 13.80m | Pos: (3273.81, 1551.52, 27.78)
[18:25:25] [PLAYER MATCH] Addr: 0x2F94DBA0 | Moved: 13.80m | Pos: (3273.81, 1551.52, 27.78)
[18:25:25] [PLAYER MATCH] Addr: 0x2F94DCB0 | Moved: 13.80m | Pos: (3273.81, 1551.52, 27.78)
[18:25:25] [PLAYER MATCH] Addr: 0x2F94DDFC | Moved: 13.80m | Pos: (3273.81, 1551.52, 27.78)
[18:25:25] [PLAYER MATCH] Addr: 0x2F94DE0C | Moved: 13.90m | Pos: (3273.71, 1551.62, 27.83)
[18:25:25] [PLAYER MATCH] Addr: 0x2F94DE18 | Moved: 13.74m | Pos: (3273.91, 1551.63, 27.83)
[18:25:25] [PLAYER MATCH] Addr: 0x2F94DE24 | Moved: 13.90m | Pos: (3273.71, 1551.62, 27.72)
[18:25:25] [PLAYER MATCH] Addr: 0x2F94DE30 | Moved: 13.74m | Pos: (3273.91, 1551.62, 27.72)
[18:25:25] [PLAYER MATCH] Addr: 0x2FB7975C | Moved: 13.80m | Pos: (3273.81, 1551.52, 27.78)
[18:25:25] [PLAYER MATCH] Addr: 0x300A740C | Moved: 13.80m | Pos: (3273.81, 1551.52, 27.78)
[18:25:25] [PLAYER MATCH] Addr: 0x300A7C2C | Moved: 13.80m | Pos: (3273.81, 1551.52, 27.78)
[18:25:25] [PLAYER MATCH] Addr: 0x305060CC | Moved: 13.80m | Pos: (3273.81, 1551.52, 27.78)
[18:25:25] [PLAYER MATCH] Addr: 0x30B5A4AC | Moved: 13.80m | Pos: (3273.81, 1551.52, 27.78)
[18:25:25] [PLAYER MATCH] Addr: 0x30D087D0 | Moved: 13.80m | Pos: (3273.81, 1551.52, 27.78)
[18:25:25] [PLAYER MATCH] Addr: 0x30D088E0 | Moved: 13.80m | Pos: (3273.81, 1551.52, 27.78)
[18:25:25] [PLAYER MATCH] Addr: 0x30D08A2C | Moved: 13.80m | Pos: (3273.81, 1551.52, 27.78)
[18:25:25] [PLAYER MATCH] Addr: 0x30D08A3C | Moved: 13.90m | Pos: (3273.71, 1551.62, 27.83)
[18:25:25] [PLAYER MATCH] Addr: 0x30D08A48 | Moved: 13.74m | Pos: (3273.91, 1551.63, 27.83)
[18:25:25] [PLAYER MATCH] Addr: 0x30D08A54 | Moved: 13.90m | Pos: (3273.71, 1551.62, 27.72)
[18:25:25] [PLAYER MATCH] Addr: 0x30D08A60 | Moved: 13.74m | Pos: (3273.91, 1551.62, 27.72)
[18:25:25] [PLAYER MATCH] Addr: 0x30E7AC00 | Moved: 13.80m | Pos: (3273.81, 1551.52, 27.78)
[18:25:25] [PLAYER MATCH] Addr: 0x30E7AEE0 | Moved: 13.80m | Pos: (3273.81, 1551.52, 27.78)
[18:25:25] [PLAYER MATCH] Addr: 0x30E7B1C0 | Moved: 13.80m | Pos: (3273.81, 1551.52, 27.78)
[18:25:25] [PLAYER MATCH] Addr: 0x30E7B4A0 | Moved: 13.80m | Pos: (3273.81, 1551.52, 27.78)
[18:25:25] [PLAYER MATCH] Addr: 0x30E7B780 | Moved: 13.80m | Pos: (3273.81, 1551.52, 27.78)
[18:25:25] [PLAYER MATCH] Addr: 0x30E7BA60 | Moved: 13.80m | Pos: (3273.81, 1551.52, 27.78)
[18:25:25] [PLAYER MATCH] Addr: 0x30E7C020 | Moved: 13.80m | Pos: (3273.81, 1551.52, 27.78)
[18:25:25] [PLAYER MATCH] Addr: 0x30E7C300 | Moved: 13.80m | Pos: (3273.81, 1551.52, 27.78)
[18:25:25] [PLAYER MATCH] Addr: 0x30E7C5E0 | Moved: 13.80m | Pos: (3273.81, 1551.52, 27.78)
[18:25:25] [PLAYER MATCH] Addr: 0x30E7C8C0 | Moved: 13.80m | Pos: (3273.81, 1551.52, 27.78)
[18:25:25] [PLAYER MATCH] Addr: 0x30E7CBA0 | Moved: 13.80m | Pos: (3273.81, 1551.52, 27.78)
[18:25:25] [PLAYER MATCH] Addr: 0x30E7CE80 | Moved: 13.80m | Pos: (3273.81, 1551.52, 27.78)
[18:25:25] [PLAYER MATCH] Addr: 0x30E7D160 | Moved: 13.80m | Pos: (3273.81, 1551.52, 27.78)
[18:25:25] [PLAYER MATCH] Addr: 0x30E7D440 | Moved: 13.80m | Pos: (3273.81, 1551.52, 27.78)
[18:25:25] [PLAYER MATCH] Addr: 0x30E7D720 | Moved: 13.80m | Pos: (3273.81, 1551.52, 27.78)
[18:25:25] [PLAYER MATCH] Addr: 0x30E7DA00 | Moved: 13.80m | Pos: (3273.81, 1551.52, 27.78)
[18:25:25] [PLAYER MATCH] Addr: 0x30E7DCE0 | Moved: 13.80m | Pos: (3273.81, 1551.52, 27.78)
[18:25:25] [PLAYER MATCH] Addr: 0x30E7DFC0 | Moved: 13.80m | Pos: (3273.81, 1551.52, 27.78)
[18:25:25] [PLAYER MATCH] Addr: 0x30E7E2A0 | Moved: 13.80m | Pos: (3273.81, 1551.52, 27.78)
[18:25:25] [PLAYER MATCH] Addr: 0x30E7E580 | Moved: 13.80m | Pos: (3273.81, 1551.52, 27.78)
[18:25:25] [PLAYER MATCH] Addr: 0x30E7E860 | Moved: 13.80m | Pos: (3273.81, 1551.52, 27.78)
[18:25:25] [PLAYER MATCH] Addr: 0x30E7EB40 | Moved: 13.80m | Pos: (3273.81, 1551.52, 27.78)
[18:25:25] [PLAYER MATCH] Addr: 0x30E7EE20 | Moved: 13.80m | Pos: (3273.81, 1551.52, 27.78)
[18:25:25] [PLAYER MATCH] Addr: 0x30E7F100 | Moved: 13.80m | Pos: (3273.81, 1551.52, 27.78)
[18:25:25] [PLAYER MATCH] Addr: 0x30E7F3E0 | Moved: 13.80m | Pos: (3273.81, 1551.52, 27.78)
[18:25:25] [PLAYER MATCH] Addr: 0x312E8C0C | Moved: 13.80m | Pos: (3273.81, 1551.52, 27.78)
[18:25:25] [PLAYER MATCH] Addr: 0x314D632C | Moved: 13.80m | Pos: (3273.81, 1551.52, 27.78)
[18:25:25] [PLAYER MATCH] Addr: 0x318A9050 | Moved: 13.79m | Pos: (3273.78, 1551.38, 26.12)
[18:25:25] [PLAYER MATCH] Addr: 0x3195F50C | Moved: 13.80m | Pos: (3273.81, 1551.52, 27.78)
[18:25:25] [PLAYER MATCH] Addr: 0x3573F48C | Moved: 13.80m | Pos: (3273.81, 1551.52, 27.78)
[18:25:25] [PLAYER MATCH] Addr: 0x3578F940 | Moved: 13.80m | Pos: (3273.81, 1551.52, 27.78)
[18:25:25] [PLAYER MATCH] Addr: 0x3578FAB0 | Moved: 13.80m | Pos: (3273.81, 1551.52, 27.78)
[18:25:25] [PLAYER MATCH] Addr: 0x3578FC20 | Moved: 13.80m | Pos: (3273.81, 1551.52, 27.78)
[18:25:25] [PLAYER MATCH] Addr: 0x3578FD90 | Moved: 13.80m | Pos: (3273.81, 1551.52, 27.78)
[18:25:25] [PLAYER MATCH] Addr: 0x35790070 | Moved: 13.80m | Pos: (3273.81, 1551.52, 27.78)
[18:25:25] [PLAYER MATCH] Addr: 0x35790350 | Moved: 13.80m | Pos: (3273.81, 1551.52, 27.78)
[18:25:25] [PLAYER MATCH] Addr: 0x35790910 | Moved: 13.80m | Pos: (3273.81, 1551.52, 27.78)
[18:25:25] [PLAYER MATCH] Addr: 0x35790A80 | Moved: 13.80m | Pos: (3273.81, 1551.52, 27.78)
[18:25:25] [PLAYER MATCH] Addr: 0x35790BF0 | Moved: 13.80m | Pos: (3273.81, 1551.52, 27.78)
[18:25:25] [PLAYER MATCH] Addr: 0x35790ED0 | Moved: 13.80m | Pos: (3273.81, 1551.52, 27.78)
[18:25:25] [PLAYER MATCH] Addr: 0x35791040 | Moved: 13.80m | Pos: (3273.81, 1551.52, 27.78)
[18:25:25] [PLAYER MATCH] Addr: 0x357911B0 | Moved: 13.80m | Pos: (3273.81, 1551.52, 27.78)
[18:25:25] [PLAYER MATCH] Addr: 0x36155E10 | Moved: 5.00m | Pos: (3274.12, 1541.72, 26.17)
[18:25:25] [PLAYER MATCH] Addr: 0x36155E30 | Moved: 5.00m | Pos: (3274.12, 1541.72, 26.17)
[18:25:25] [SCAN-F2] Found 368 matching player candidate(s)!
[18:25:25] [LOCKED] Tracking real player at: 0x03F79C6C
[18:25:25] [PLAYER] X = 3273.858 | Y = 1551.491 | Z = 27.792
[18:25:26] [PLAYER] X = 3274.090 | Y = 1552.019 | Z = 27.895
[18:25:26] [PLAYER] X = 3274.925 | Y = 1554.499 | Z = 28.416
[18:25:27] [PLAYER] X = 3276.169 | Y = 1558.569 | Z = 29.153
[18:25:27] [PLAYER] X = 3277.299 | Y = 1562.265 | Z = 29.737
[18:25:28] [PLAYER] X = 3278.211 | Y = 1565.249 | Z = 30.289
[18:25:28] [PLAYER] X = 3278.281 | Y = 1565.478 | Z = 30.334
[18:25:28] =========================================
[18:25:28] [SCAN-F2] Checking which stationary candidates moved with player...
[18:25:28] [PLAYER MATCH] Addr: 0x03F79C6C | Moved: 14.87m | Pos: (3278.28, 1565.48, 30.33)
[18:25:28] [PLAYER MATCH] Addr: 0x03F79C8C | Moved: 14.87m | Pos: (3278.28, 1565.48, 30.33)
[18:25:28] [PLAYER MATCH] Addr: 0x05B1EFE0 | Moved: 14.87m | Pos: (3278.28, 1565.48, 30.33)
[18:25:28] [PLAYER MATCH] Addr: 0x05B1F1D0 | Moved: 15.25m | Pos: (3278.28, 1565.48, 0.00)
[18:25:28] [PLAYER MATCH] Addr: 0x05B1FBA0 | Moved: 14.87m | Pos: (3278.28, 1565.48, 30.33)
[18:25:28] [PLAYER MATCH] Addr: 0x05B1FCB0 | Moved: 14.87m | Pos: (3278.28, 1565.48, 30.33)
[18:25:28] [PLAYER MATCH] Addr: 0x05B1FDFC | Moved: 14.87m | Pos: (3278.28, 1565.48, 30.33)
[18:25:28] [PLAYER MATCH] Addr: 0x05E09068 | Moved: 14.87m | Pos: (3278.28, 1565.48, 30.33)
[18:25:28] [PLAYER MATCH] Addr: 0x05E540F0 | Moved: 14.87m | Pos: (3278.28, 1565.48, 30.33)
[18:25:28] [PLAYER MATCH] Addr: 0x11EFEDF0 | Moved: 14.63m | Pos: (3278.37, 1565.63, 28.65)
[18:25:28] [PLAYER MATCH] Addr: 0x11EFEF20 | Moved: 14.88m | Pos: (3278.21, 1565.36, 29.11)
[18:25:28] [PLAYER MATCH] Addr: 0x11EFEF94 | Moved: 14.78m | Pos: (3279.00, 1566.00, 28.69)
[18:25:28] [PLAYER MATCH] Addr: 0x11EFEFE0 | Moved: 15.02m | Pos: (3278.36, 1565.60, 28.70)
[18:25:28] [PLAYER MATCH] Addr: 0x11EFF030 | Moved: 14.64m | Pos: (3278.36, 1565.60, 28.70)
[18:25:28] [PLAYER MATCH] Addr: 0x11EFF090 | Moved: 14.88m | Pos: (3278.21, 1565.36, 29.11)
[18:25:28] [PLAYER MATCH] Addr: 0x11EFF0A0 | Moved: 14.88m | Pos: (3278.21, 1565.36, 30.01)
[18:25:28] [PLAYER MATCH] Addr: 0x11EFF0B0 | Moved: 14.78m | Pos: (3279.00, 1566.00, 28.69)
[18:25:28] [PLAYER MATCH] Addr: 0x11EFF0C0 | Moved: 14.78m | Pos: (3278.00, 1566.00, 28.74)
[18:25:28] [PLAYER MATCH] Addr: 0x11EFF0D0 | Moved: 14.79m | Pos: (3279.00, 1565.00, 28.51)
[18:25:28] [PLAYER MATCH] Addr: 0x11EFF140 | Moved: 15.02m | Pos: (3278.36, 1565.60, 28.70)
[18:25:28] [PLAYER MATCH] Addr: 0x11EFF180 | Moved: 15.02m | Pos: (3278.36, 1565.60, 28.70)
[18:25:28] [PLAYER MATCH] Addr: 0x11EFF2AC | Moved: 14.56m | Pos: (1565.00, 3278.00, 0.00)
[18:25:28] [PLAYER MATCH] Addr: 0x11EFF800 | Moved: 14.67m | Pos: (3278.21, 1565.36, 0.00)
[18:25:28] [PLAYER MATCH] Addr: 0x11EFF840 | Moved: 14.88m | Pos: (3277.61, 1564.76, 28.51)
[18:25:28] [PLAYER MATCH] Addr: 0x11EFF850 | Moved: 14.88m | Pos: (3278.81, 1565.96, 30.61)
[18:25:28] [PLAYER MATCH] Addr: 0x11EFF890 | Moved: 14.88m | Pos: (3278.21, 1565.36, 28.66)
[18:25:28] [PLAYER MATCH] Addr: 0x11EFF900 | Moved: 14.88m | Pos: (3278.21, 1565.36, 28.66)
[18:25:28] [PLAYER MATCH] Addr: 0x11EFF9C0 | Moved: 14.88m | Pos: (3278.21, 1565.36, 30.22)
[18:25:28] [PLAYER MATCH] Addr: 0x11EFFA10 | Moved: 14.97m | Pos: (3278.02, 1565.45, 28.67)
[18:25:28] [PLAYER MATCH] Addr: 0x11EFFA40 | Moved: 14.89m | Pos: (3278.20, 1565.45, 28.67)
[18:25:28] [PLAYER MATCH] Addr: 0x11EFFA70 | Moved: 15.02m | Pos: (3278.36, 1565.60, 28.70)
[18:25:28] [PLAYER MATCH] Addr: 0x11EFFDE0 | Moved: 14.88m | Pos: (3278.21, 1565.36, 28.66)
[18:25:28] [PLAYER MATCH] Addr: 0x11EFFE00 | Moved: 14.88m | Pos: (3278.21, 1565.36, 30.01)
[18:25:28] [PLAYER MATCH] Addr: 0x11FB9584 | Moved: 14.87m | Pos: (3278.28, 1565.48, 30.33)
[18:25:28] [PLAYER MATCH] Addr: 0x11FD1840 | Moved: 14.87m | Pos: (3278.28, 1565.48, 30.33)
[18:25:28] [PLAYER MATCH] Addr: 0x11FD1850 | Moved: 14.91m | Pos: (3278.21, 1565.60, 30.39)
[18:25:28] [PLAYER MATCH] Addr: 0x11FD185C | Moved: 14.85m | Pos: (3278.41, 1565.54, 30.39)
[18:25:28] [PLAYER MATCH] Addr: 0x11FD1868 | Moved: 14.92m | Pos: (3278.21, 1565.60, 30.28)
[18:25:28] [PLAYER MATCH] Addr: 0x11FD1874 | Moved: 14.85m | Pos: (3278.41, 1565.54, 30.28)
[18:25:28] [PLAYER MATCH] Addr: 0x11FD18B0 | Moved: 14.87m | Pos: (3278.28, 1565.48, 30.33)
[18:25:28] [PLAYER MATCH] Addr: 0x11FD18BC | Moved: 14.87m | Pos: (3278.28, 1565.48, 30.33)
[18:25:28] [PLAYER MATCH] Addr: 0x11FD19B0 | Moved: 14.87m | Pos: (3278.28, 1565.48, 30.33)
[18:25:28] [PLAYER MATCH] Addr: 0x11FD1AC0 | Moved: 14.87m | Pos: (3278.28, 1565.48, 30.33)
[18:25:28] [PLAYER MATCH] Addr: 0x11FD1C0C | Moved: 14.87m | Pos: (3278.28, 1565.48, 30.33)
[18:25:28] [PLAYER MATCH] Addr: 0x11FD1C1C | Moved: 14.91m | Pos: (3278.21, 1565.60, 30.39)
[18:25:28] [PLAYER MATCH] Addr: 0x11FD1C28 | Moved: 14.85m | Pos: (3278.41, 1565.54, 30.39)
[18:25:28] [PLAYER MATCH] Addr: 0x11FD1C34 | Moved: 14.92m | Pos: (3278.21, 1565.60, 30.28)
[18:25:28] [PLAYER MATCH] Addr: 0x11FD1C40 | Moved: 14.85m | Pos: (3278.41, 1565.54, 30.28)
[18:25:28] [PLAYER MATCH] Addr: 0x11FD2660 | Moved: 14.87m | Pos: (3278.28, 1565.48, 30.33)
[18:25:28] [PLAYER MATCH] Addr: 0x11FD2670 | Moved: 14.87m | Pos: (3278.28, 1565.48, 30.33)
[18:25:28] [PLAYER MATCH] Addr: 0x11FD27A8 | Moved: 14.87m | Pos: (3278.28, 1565.48, 30.33)
[18:25:28] [PLAYER MATCH] Addr: 0x11FD27B8 | Moved: 14.91m | Pos: (3278.21, 1565.60, 30.39)
[18:25:28] [PLAYER MATCH] Addr: 0x11FD27C4 | Moved: 14.85m | Pos: (3278.41, 1565.54, 30.39)
[18:25:28] [PLAYER MATCH] Addr: 0x11FD27D0 | Moved: 14.92m | Pos: (3278.21, 1565.60, 30.28)
[18:25:28] [PLAYER MATCH] Addr: 0x11FD27DC | Moved: 14.85m | Pos: (3278.41, 1565.54, 30.28)
[18:25:28] [PLAYER MATCH] Addr: 0x11FD2900 | Moved: 14.87m | Pos: (3278.28, 1565.48, 30.33)
[18:25:28] [PLAYER MATCH] Addr: 0x11FD2A10 | Moved: 14.87m | Pos: (3278.28, 1565.48, 30.33)
[18:25:28] [PLAYER MATCH] Addr: 0x11FD2B5C | Moved: 14.87m | Pos: (3278.28, 1565.48, 30.33)
[18:25:28] [PLAYER MATCH] Addr: 0x11FD2B6C | Moved: 14.91m | Pos: (3278.21, 1565.60, 30.39)
[18:25:28] [PLAYER MATCH] Addr: 0x11FD2B78 | Moved: 14.85m | Pos: (3278.41, 1565.54, 30.39)
[18:25:28] [PLAYER MATCH] Addr: 0x11FD2B84 | Moved: 14.92m | Pos: (3278.21, 1565.60, 30.28)
[18:25:28] [PLAYER MATCH] Addr: 0x11FD2B90 | Moved: 14.85m | Pos: (3278.41, 1565.54, 30.28)
[18:25:28] [PLAYER MATCH] Addr: 0x120C48A0 | Moved: 14.92m | Pos: (2425.36, 1519.36, 595.12)
[18:25:28] [PLAYER MATCH] Addr: 0x120C49A0 | Moved: 15.14m | Pos: (3271.21, 1568.30, 35.66)
[18:25:28] [PLAYER MATCH] Addr: 0x120C49B0 | Moved: 14.92m | Pos: (2425.36, 1519.36, 595.12)
[18:25:28] [PLAYER MATCH] Addr: 0x120C4AFC | Moved: 14.92m | Pos: (2425.36, 1519.36, 595.12)
[18:25:28] [PLAYER MATCH] Addr: 0x120C4B0C | Moved: 15.14m | Pos: (3272.92, 1571.64, 38.54)
[18:25:28] [PLAYER MATCH] Addr: 0x120C4B18 | Moved: 15.14m | Pos: (3273.19, 1564.97, 38.36)
[18:25:28] [PLAYER MATCH] Addr: 0x120C4B24 | Moved: 15.14m | Pos: (3269.23, 1571.64, 32.96)
[18:25:28] [PLAYER MATCH] Addr: 0x120C4B30 | Moved: 15.14m | Pos: (3269.50, 1564.97, 32.78)
[18:25:28] [PLAYER MATCH] Addr: 0x120C4B3C | Moved: 15.15m | Pos: (3289.08, 1572.58, 27.85)
[18:25:28] [PLAYER MATCH] Addr: 0x120C4B48 | Moved: 15.15m | Pos: (3289.35, 1565.90, 27.67)
[18:25:28] [PLAYER MATCH] Addr: 0x120C4B54 | Moved: 15.15m | Pos: (3285.39, 1572.58, 22.27)
[18:25:28] [PLAYER MATCH] Addr: 0x120C4B60 | Moved: 15.15m | Pos: (3285.66, 1565.90, 22.09)
[18:25:28] [PLAYER MATCH] Addr: 0x120C4C70 | Moved: 14.92m | Pos: (2425.36, 1519.36, 595.12)
[18:25:28] [PLAYER MATCH] Addr: 0x120C4D70 | Moved: 14.92m | Pos: (2425.36, 1519.36, 595.12)
[18:25:28] [PLAYER MATCH] Addr: 0x120C4D80 | Moved: 14.92m | Pos: (2425.36, 1519.36, 595.12)
[18:25:28] [PLAYER MATCH] Addr: 0x120C4ECC | Moved: 14.92m | Pos: (2425.36, 1519.36, 595.12)
[18:25:28] [PLAYER MATCH] Addr: 0x120C4EDC | Moved: 14.92m | Pos: (2427.07, 1522.70, 598.00)
[18:25:28] [PLAYER MATCH] Addr: 0x120C4EE8 | Moved: 14.92m | Pos: (2427.34, 1516.02, 597.82)
[18:25:28] [PLAYER MATCH] Addr: 0x120C4EF4 | Moved: 14.92m | Pos: (2423.38, 1522.70, 592.42)
[18:25:28] [PLAYER MATCH] Addr: 0x120C4F00 | Moved: 14.92m | Pos: (2423.65, 1516.02, 592.24)
[18:25:28] [PLAYER MATCH] Addr: 0x120C4F0C | Moved: 15.15m | Pos: (3289.08, 1572.58, 27.85)
[18:25:28] [PLAYER MATCH] Addr: 0x120C4F18 | Moved: 15.15m | Pos: (3289.35, 1565.90, 27.67)
[18:25:28] [PLAYER MATCH] Addr: 0x120C4F24 | Moved: 15.15m | Pos: (3285.39, 1572.58, 22.27)
[18:25:28] [PLAYER MATCH] Addr: 0x120C4F30 | Moved: 15.15m | Pos: (3285.66, 1565.90, 22.09)
[18:25:28] [PLAYER MATCH] Addr: 0x120C5050 | Moved: 15.57m | Pos: (2426.00, 1531.89, 597.19)
[18:25:28] [PLAYER MATCH] Addr: 0x120C5054 | Moved: 14.17m | Pos: (1531.89, 597.19, 1.00)
[18:25:28] [PLAYER MATCH] Addr: 0x120C5150 | Moved: 16.87m | Pos: (3254.99, 1579.86, 48.87)
[18:25:28] [PLAYER MATCH] Addr: 0x120C5160 | Moved: 15.57m | Pos: (2426.00, 1531.89, 597.19)
[18:25:28] [PLAYER MATCH] Addr: 0x120C5164 | Moved: 14.17m | Pos: (1531.89, 597.19, 0.83)
[18:25:28] [PLAYER MATCH] Addr: 0x120C52AC | Moved: 15.57m | Pos: (2426.00, 1531.89, 597.19)
[18:25:28] [PLAYER MATCH] Addr: 0x120C52B0 | Moved: 14.17m | Pos: (1531.89, 597.19, 0.00)
[18:25:28] [PLAYER MATCH] Addr: 0x120C52BC | Moved: 16.87m | Pos: (3263.50, 1596.48, 63.19)
[18:25:28] [PLAYER MATCH] Addr: 0x120C52C8 | Moved: 16.87m | Pos: (3264.84, 1563.24, 62.31)
[18:25:28] [PLAYER MATCH] Addr: 0x120C52D4 | Moved: 16.87m | Pos: (3245.14, 1596.48, 35.44)
[18:25:28] [PLAYER MATCH] Addr: 0x120C52E0 | Moved: 16.87m | Pos: (3246.48, 1563.24, 34.55)
[18:25:28] [PLAYER MATCH] Addr: 0x120C52EC | Moved: 16.88m | Pos: (3319.87, 1599.74, 25.91)
[18:25:28] [PLAYER MATCH] Addr: 0x120C52F8 | Moved: 16.88m | Pos: (3321.21, 1566.50, 25.03)
[18:25:28] [PLAYER MATCH] Addr: 0x120C5304 | Moved: 16.88m | Pos: (3301.51, 1599.74, -1.84)
[18:25:28] [PLAYER MATCH] Addr: 0x120C5310 | Moved: 16.88m | Pos: (3302.85, 1566.50, -2.73)
[18:25:28] [PLAYER MATCH] Addr: 0x120C5420 | Moved: 15.57m | Pos: (2426.00, 1531.89, 597.19)
[18:25:28] [PLAYER MATCH] Addr: 0x120C5424 | Moved: 14.17m | Pos: (1531.89, 597.19, 1.00)
[18:25:28] [PLAYER MATCH] Addr: 0x120C5520 | Moved: 15.57m | Pos: (2426.00, 1531.89, 597.19)
[18:25:28] [PLAYER MATCH] Addr: 0x120C5524 | Moved: 14.17m | Pos: (1531.89, 597.19, 1.00)
[18:25:28] [PLAYER MATCH] Addr: 0x120C5530 | Moved: 15.57m | Pos: (2426.00, 1531.89, 597.19)
[18:25:28] [PLAYER MATCH] Addr: 0x120C5534 | Moved: 14.17m | Pos: (1531.89, 597.19, 0.83)
[18:25:28] [PLAYER MATCH] Addr: 0x120C567C | Moved: 15.57m | Pos: (2426.00, 1531.89, 597.19)
[18:25:28] [PLAYER MATCH] Addr: 0x120C5680 | Moved: 14.17m | Pos: (1531.89, 597.19, 0.00)
[18:25:28] [PLAYER MATCH] Addr: 0x120C568C | Moved: 15.57m | Pos: (2434.51, 1548.51, 611.51)
[18:25:28] [PLAYER MATCH] Addr: 0x120C5698 | Moved: 15.57m | Pos: (2435.85, 1515.27, 610.62)
[18:25:28] [PLAYER MATCH] Addr: 0x120C56A4 | Moved: 15.57m | Pos: (2416.15, 1548.51, 583.75)
[18:25:28] [PLAYER MATCH] Addr: 0x120C56B0 | Moved: 15.57m | Pos: (2417.49, 1515.27, 582.86)
[18:25:28] [PLAYER MATCH] Addr: 0x120C56BC | Moved: 16.88m | Pos: (3319.87, 1599.74, 25.91)
[18:25:28] [PLAYER MATCH] Addr: 0x120C56C8 | Moved: 16.88m | Pos: (3321.21, 1566.50, 25.03)
[18:25:28] [PLAYER MATCH] Addr: 0x120C56D4 | Moved: 16.88m | Pos: (3301.51, 1599.74, -1.84)
[18:25:28] [PLAYER MATCH] Addr: 0x120C56E0 | Moved: 16.88m | Pos: (3302.85, 1566.50, -2.73)
[18:25:28] [PLAYER MATCH] Addr: 0x120C5FC0 | Moved: 14.87m | Pos: (2425.24, 1517.15, 594.76)
[18:25:28] [PLAYER MATCH] Addr: 0x120C60C0 | Moved: 14.87m | Pos: (2425.24, 1517.15, 594.76)
[18:25:28] [PLAYER MATCH] Addr: 0x120C60D0 | Moved: 14.87m | Pos: (2425.24, 1517.15, 594.76)
[18:25:28] [PLAYER MATCH] Addr: 0x120C621C | Moved: 14.87m | Pos: (2425.24, 1517.15, 594.76)
[18:25:28] [PLAYER MATCH] Addr: 0x120C622C | Moved: 14.87m | Pos: (2425.76, 1518.15, 595.62)
[18:25:28] [PLAYER MATCH] Addr: 0x120C6238 | Moved: 14.87m | Pos: (2425.84, 1516.15, 595.56)
[18:25:28] [PLAYER MATCH] Addr: 0x120C6244 | Moved: 14.87m | Pos: (2424.65, 1518.15, 593.95)
[18:25:28] [PLAYER MATCH] Addr: 0x120C6250 | Moved: 14.87m | Pos: (2424.73, 1516.15, 593.89)
[18:25:28] [PLAYER MATCH] Addr: 0x120C625C | Moved: 14.87m | Pos: (2426.59, 1518.20, 595.06)
[18:25:28] [PLAYER MATCH] Addr: 0x120C6268 | Moved: 14.87m | Pos: (2426.67, 1516.20, 595.01)
[18:25:28] [PLAYER MATCH] Addr: 0x120C6274 | Moved: 14.87m | Pos: (2425.49, 1518.20, 593.40)
[18:25:28] [PLAYER MATCH] Addr: 0x120C6280 | Moved: 14.87m | Pos: (2425.57, 1516.20, 593.34)
[18:25:28] [PLAYER MATCH] Addr: 0x120CD270 | Moved: 14.87m | Pos: (3278.28, 1565.48, 30.33)
[18:25:28] [PLAYER MATCH] Addr: 0x120CD290 | Moved: 14.92m | Pos: (2425.36, 1519.36, 595.12)
[18:25:28] [PLAYER MATCH] Addr: 0x120CD9C0 | Moved: 14.87m | Pos: (3278.28, 1565.48, 30.33)
[18:25:28] [PLAYER MATCH] Addr: 0x120CD9E0 | Moved: 15.57m | Pos: (2426.00, 1531.89, 597.19)
[18:25:28] [PLAYER MATCH] Addr: 0x120CD9E4 | Moved: 14.17m | Pos: (1531.89, 597.19, 1.50)
[18:25:28] [PLAYER MATCH] Addr: 0x12123964 | Moved: 14.87m | Pos: (3278.28, 1565.48, 30.33)
[18:25:28] [PLAYER MATCH] Addr: 0x12123978 | Moved: 14.87m | Pos: (3277.28, 1566.48, 30.33)
[18:25:28] [PLAYER MATCH] Addr: 0x1212398C | Moved: 14.87m | Pos: (3279.28, 1566.48, 30.33)
[18:25:28] [PLAYER MATCH] Addr: 0x121239A0 | Moved: 14.87m | Pos: (3277.28, 1564.48, 30.33)
[18:25:28] [PLAYER MATCH] Addr: 0x121239B4 | Moved: 14.87m | Pos: (3279.28, 1564.48, 30.33)
[18:25:28] [PLAYER MATCH] Addr: 0x12186428 | Moved: 14.87m | Pos: (3278.28, 1565.48, 30.33)
[18:25:28] [PLAYER MATCH] Addr: 0x1219E4F0 | Moved: 14.87m | Pos: (3278.28, 1565.48, 30.33)
[18:25:28] [PLAYER MATCH] Addr: 0x1219E600 | Moved: 14.87m | Pos: (3278.28, 1565.48, 30.33)
[18:25:28] [PLAYER MATCH] Addr: 0x1219E74C | Moved: 14.87m | Pos: (3278.28, 1565.48, 30.33)
[18:25:28] [PLAYER MATCH] Addr: 0x1219E75C | Moved: 14.91m | Pos: (3278.21, 1565.60, 30.39)
[18:25:28] [PLAYER MATCH] Addr: 0x1219E768 | Moved: 14.85m | Pos: (3278.41, 1565.54, 30.39)
[18:25:28] [PLAYER MATCH] Addr: 0x1219E774 | Moved: 14.92m | Pos: (3278.21, 1565.60, 30.28)
[18:25:28] [PLAYER MATCH] Addr: 0x1219E780 | Moved: 14.85m | Pos: (3278.41, 1565.54, 30.28)
[18:25:28] [PLAYER MATCH] Addr: 0x1219E8C0 | Moved: 14.87m | Pos: (3278.28, 1565.48, 30.33)
[18:25:28] [PLAYER MATCH] Addr: 0x1219E9D0 | Moved: 14.87m | Pos: (3278.28, 1565.48, 30.33)
[18:25:28] [PLAYER MATCH] Addr: 0x1219EB1C | Moved: 14.87m | Pos: (3278.28, 1565.48, 30.33)
[18:25:28] [PLAYER MATCH] Addr: 0x1219EB2C | Moved: 14.91m | Pos: (3278.21, 1565.60, 30.39)
[18:25:28] [PLAYER MATCH] Addr: 0x1219EB38 | Moved: 14.85m | Pos: (3278.41, 1565.54, 30.39)
[18:25:28] [PLAYER MATCH] Addr: 0x1219EB44 | Moved: 14.92m | Pos: (3278.21, 1565.60, 30.28)
[18:25:28] [PLAYER MATCH] Addr: 0x1219EB50 | Moved: 14.85m | Pos: (3278.41, 1565.54, 30.28)
[18:25:28] [PLAYER MATCH] Addr: 0x1219FC30 | Moved: 14.87m | Pos: (3278.28, 1565.48, 30.33)
[18:25:28] [PLAYER MATCH] Addr: 0x1219FC50 | Moved: 14.87m | Pos: (3278.28, 1565.48, 30.33)
[18:25:28] [PLAYER MATCH] Addr: 0x121A0380 | Moved: 14.87m | Pos: (3278.28, 1565.48, 30.33)
[18:25:28] [PLAYER MATCH] Addr: 0x121A03A0 | Moved: 14.87m | Pos: (3278.28, 1565.48, 30.33)
[18:25:28] [PLAYER MATCH] Addr: 0x1260B990 | Moved: 14.87m | Pos: (3278.28, 1565.48, 30.33)
[18:25:28] [PLAYER MATCH] Addr: 0x18102098 | Moved: 14.87m | Pos: (3278.28, 1565.48, 30.33)
[18:25:28] [PLAYER MATCH] Addr: 0x18904480 | Moved: 14.88m | Pos: (3278.21, 1565.36, 28.66)
[18:25:28] [PLAYER MATCH] Addr: 0x18904600 | Moved: 14.86m | Pos: (3278.43, 1565.62, 30.12)
[18:25:28] [PLAYER MATCH] Addr: 0x18905B80 | Moved: 14.87m | Pos: (3277.28, 1566.48, 30.33)
[18:25:28] [PLAYER MATCH] Addr: 0x18905B8C | Moved: 14.87m | Pos: (3279.28, 1566.48, 30.33)
[18:25:28] [PLAYER MATCH] Addr: 0x18905B98 | Moved: 14.87m | Pos: (3277.28, 1564.48, 30.33)
[18:25:28] [PLAYER MATCH] Addr: 0x18905BA4 | Moved: 14.87m | Pos: (3279.28, 1564.48, 30.33)
[18:25:28] [PLAYER MATCH] Addr: 0x18905BB0 | Moved: 14.87m | Pos: (3277.28, 1566.48, 30.33)
[18:25:28] [PLAYER MATCH] Addr: 0x18905BBC | Moved: 14.87m | Pos: (3279.28, 1566.48, 30.33)
[18:25:28] [PLAYER MATCH] Addr: 0x18905BC8 | Moved: 14.87m | Pos: (3277.28, 1564.48, 30.33)
[18:25:28] [PLAYER MATCH] Addr: 0x18905BD4 | Moved: 14.87m | Pos: (3279.28, 1564.48, 30.33)
[18:25:28] [PLAYER MATCH] Addr: 0x18B54B08 | Moved: 14.87m | Pos: (3278.28, 1565.48, 30.33)
[18:25:28] [PLAYER MATCH] Addr: 0x18C681E0 | Moved: 14.92m | Pos: (3278.49, 1566.05, 29.60)
[18:25:28] [PLAYER MATCH] Addr: 0x18C68280 | Moved: 14.92m | Pos: (3278.49, 1566.05, 29.60)
[18:25:28] [PLAYER MATCH] Addr: 0x18C68320 | Moved: 14.92m | Pos: (3278.49, 1566.05, 29.60)
[18:25:28] [PLAYER MATCH] Addr: 0x18C683C0 | Moved: 14.92m | Pos: (3278.49, 1566.05, 29.60)
[18:25:28] [PLAYER MATCH] Addr: 0x18C6AD00 | Moved: 14.92m | Pos: (3278.15, 1565.38, 29.68)
[18:25:28] [PLAYER MATCH] Addr: 0x18CB26A0 | Moved: 14.89m | Pos: (3278.22, 1565.35, 29.66)
[18:25:28] [PLAYER MATCH] Addr: 0x18CB2880 | Moved: 14.89m | Pos: (3278.22, 1565.35, 29.66)
[18:25:28] [PLAYER MATCH] Addr: 0x18CB2920 | Moved: 14.86m | Pos: (3278.24, 1565.18, 30.05)
[18:25:28] [PLAYER MATCH] Addr: 0x18CB29C0 | Moved: 14.90m | Pos: (3278.22, 1565.38, 29.70)
[18:25:28] [PLAYER MATCH] Addr: 0x18CB2CE0 | Moved: 14.83m | Pos: (3278.41, 1565.26, 29.52)
[18:25:28] [PLAYER MATCH] Addr: 0x18CB3F00 | Moved: 14.90m | Pos: (3278.22, 1565.38, 29.70)
[18:25:28] [PLAYER MATCH] Addr: 0x18CB4220 | Moved: 14.83m | Pos: (3278.41, 1565.26, 29.52)
[18:25:28] [PLAYER MATCH] Addr: 0x18CB4540 | Moved: 14.83m | Pos: (3278.41, 1565.26, 29.52)
[18:25:28] [PLAYER MATCH] Addr: 0x18CB45E0 | Moved: 14.83m | Pos: (3278.41, 1565.26, 29.52)
[18:25:28] [PLAYER MATCH] Addr: 0x18CB49A0 | Moved: 14.86m | Pos: (3278.24, 1565.18, 30.05)
[18:25:28] [PLAYER MATCH] Addr: 0x18CB4A40 | Moved: 14.89m | Pos: (3278.22, 1565.35, 29.66)
[18:25:28] [PLAYER MATCH] Addr: 0x18CB4C20 | Moved: 14.89m | Pos: (3278.22, 1565.35, 29.66)
[18:25:28] [PLAYER MATCH] Addr: 0x18CB4D60 | Moved: 14.89m | Pos: (3278.22, 1565.35, 29.66)
[18:25:28] [PLAYER MATCH] Addr: 0x18CB4EA0 | Moved: 14.90m | Pos: (3278.20, 1565.37, 29.66)
[18:25:28] [PLAYER MATCH] Addr: 0x18CB4FE0 | Moved: 14.89m | Pos: (3278.22, 1565.35, 29.66)
[18:25:28] [PLAYER MATCH] Addr: 0x18CB51C0 | Moved: 14.90m | Pos: (3278.17, 1565.37, 30.47)
[18:25:28] [PLAYER MATCH] Addr: 0x18CB5300 | Moved: 14.86m | Pos: (3278.24, 1565.18, 30.05)
[18:25:28] [PLAYER MATCH] Addr: 0x18CB5440 | Moved: 14.86m | Pos: (3278.24, 1565.18, 30.05)
[18:25:28] [PLAYER MATCH] Addr: 0x18CB5580 | Moved: 14.94m | Pos: (3278.44, 1566.10, 29.59)
[18:25:28] [PLAYER MATCH] Addr: 0x18CB56C0 | Moved: 14.88m | Pos: (3278.49, 1565.88, 30.20)
[18:25:28] [PLAYER MATCH] Addr: 0x18CB5D00 | Moved: 14.90m | Pos: (3278.22, 1565.38, 29.70)
[18:25:28] [PLAYER MATCH] Addr: 0x18D6CA80 | Moved: 14.88m | Pos: (3278.21, 1565.36, 28.66)
[18:25:28] [PLAYER MATCH] Addr: 0x18D8F300 | Moved: 14.90m | Pos: (3278.17, 1565.37, 30.47)
[18:25:28] [PLAYER MATCH] Addr: 0x18E62380 | Moved: 14.88m | Pos: (3278.21, 1565.36, 28.66)
[18:25:28] [PLAYER MATCH] Addr: 0x18E65F20 | Moved: 14.86m | Pos: (3278.43, 1565.62, 30.12)
[18:25:28] [PLAYER MATCH] Addr: 0x18EA13A0 | Moved: 14.90m | Pos: (3278.21, 1565.36, 29.66)
[18:25:28] [PLAYER MATCH] Addr: 0x18EA1490 | Moved: 14.90m | Pos: (3278.21, 1565.36, 29.66)
[18:25:28] [PLAYER MATCH] Addr: 0x18EA1560 | Moved: 14.87m | Pos: (3278.27, 1565.31, 30.31)
[18:25:28] [PLAYER MATCH] Addr: 0x18EA1650 | Moved: 14.90m | Pos: (3278.21, 1565.36, 29.66)
[18:25:28] [PLAYER MATCH] Addr: 0x18EA1720 | Moved: 14.90m | Pos: (3278.21, 1565.36, 29.66)
[18:25:28] [PLAYER MATCH] Addr: 0x18EA1810 | Moved: 14.90m | Pos: (3278.21, 1565.36, 29.66)
[18:25:28] [PLAYER MATCH] Addr: 0x18EA18E0 | Moved: 14.90m | Pos: (3278.21, 1565.36, 29.66)
[18:25:28] [PLAYER MATCH] Addr: 0x18EA19D0 | Moved: 14.90m | Pos: (3278.21, 1565.36, 29.66)
[18:25:28] [PLAYER MATCH] Addr: 0x18EA1AA0 | Moved: 14.90m | Pos: (3278.21, 1565.36, 29.66)
[18:25:28] [PLAYER MATCH] Addr: 0x18EA1B90 | Moved: 14.90m | Pos: (3278.21, 1565.36, 29.66)
[18:25:28] [PLAYER MATCH] Addr: 0x18EA1C60 | Moved: 14.87m | Pos: (3278.28, 1565.48, 30.33)
[18:25:28] [PLAYER MATCH] Addr: 0x18EA1D50 | Moved: 14.87m | Pos: (3278.28, 1565.48, 30.33)
[18:25:28] [PLAYER MATCH] Addr: 0x18EA1E20 | Moved: 14.90m | Pos: (3278.21, 1565.36, 29.66)
[18:25:28] [PLAYER MATCH] Addr: 0x18EA1F10 | Moved: 14.90m | Pos: (3278.21, 1565.36, 29.66)
[18:25:28] [PLAYER MATCH] Addr: 0x18EA1FE0 | Moved: 14.83m | Pos: (3278.40, 1565.27, 29.61)
[18:25:28] [PLAYER MATCH] Addr: 0x18EA21B0 | Moved: 14.87m | Pos: (3278.30, 1565.33, 29.66)
[18:25:28] [PLAYER MATCH] Addr: 0x18EA2280 | Moved: 15.00m | Pos: (3277.92, 1565.50, 29.66)
[18:25:28] [PLAYER MATCH] Addr: 0x18EA2370 | Moved: 14.90m | Pos: (3278.21, 1565.36, 29.66)
[18:25:28] [PLAYER MATCH] Addr: 0x18EA2440 | Moved: 14.90m | Pos: (3278.21, 1565.36, 29.66)
[18:25:28] [PLAYER MATCH] Addr: 0x18EA2530 | Moved: 14.90m | Pos: (3278.21, 1565.36, 29.66)
[18:25:28] [PLAYER MATCH] Addr: 0x18EA2600 | Moved: 14.90m | Pos: (3278.21, 1565.36, 29.66)
[18:25:28] [PLAYER MATCH] Addr: 0x18EA26F0 | Moved: 14.90m | Pos: (3278.21, 1565.36, 29.66)
[18:25:28] [PLAYER MATCH] Addr: 0x18EA27C0 | Moved: 14.96m | Pos: (3278.04, 1565.46, 29.66)
[18:25:28] [PLAYER MATCH] Addr: 0x18EA28B0 | Moved: 14.93m | Pos: (3278.11, 1565.39, 29.66)
[18:25:28] [PLAYER MATCH] Addr: 0x18EA2980 | Moved: 14.85m | Pos: (3278.18, 1565.13, 30.29)
[18:25:28] [PLAYER MATCH] Addr: 0x18EA2B50 | Moved: 14.89m | Pos: (3278.21, 1565.36, 29.97)
[18:25:28] [PLAYER MATCH] Addr: 0x18EA2C20 | Moved: 14.90m | Pos: (3278.21, 1565.36, 29.66)
[18:25:28] [PLAYER MATCH] Addr: 0x18EA2D10 | Moved: 14.90m | Pos: (3278.21, 1565.36, 29.66)
[18:25:28] [PLAYER MATCH] Addr: 0x18EA2DE0 | Moved: 15.00m | Pos: (3277.93, 1565.51, 29.66)
[18:25:28] [PLAYER MATCH] Addr: 0x18EA2ED0 | Moved: 14.90m | Pos: (3278.21, 1565.36, 29.66)
[18:25:28] [PLAYER MATCH] Addr: 0x18EA2FA0 | Moved: 14.90m | Pos: (3278.21, 1565.36, 29.66)
[18:25:28] [PLAYER MATCH] Addr: 0x18EA3250 | Moved: 14.90m | Pos: (3278.21, 1565.36, 29.66)
[18:25:28] [PLAYER MATCH] Addr: 0x18EA3320 | Moved: 14.86m | Pos: (3278.43, 1565.62, 30.12)
[18:25:28] [PLAYER MATCH] Addr: 0x18EA3410 | Moved: 14.86m | Pos: (3278.43, 1565.62, 30.12)
[18:25:28] [PLAYER MATCH] Addr: 0x18EF5B20 | Moved: 14.94m | Pos: (3278.44, 1566.10, 29.59)
[18:25:28] [PLAYER MATCH] Addr: 0x18EF94A0 | Moved: 14.88m | Pos: (3278.49, 1565.88, 30.20)
[18:25:28] [PLAYER MATCH] Addr: 0x286B0988 | Moved: 14.88m | Pos: (3278.21, 1565.36, 28.66)
[18:25:28] [PLAYER MATCH] Addr: 0x286B09C0 | Moved: 14.88m | Pos: (3182.58, 1594.59, 28.66)
[18:25:28] [PLAYER MATCH] Addr: 0x2879F0A0 | Moved: 14.87m | Pos: (3278.28, 1565.48, 30.33)
[18:25:28] [PLAYER MATCH] Addr: 0x2879F0B0 | Moved: 14.91m | Pos: (3278.21, 1565.60, 30.39)
[18:25:28] [PLAYER MATCH] Addr: 0x2879F0BC | Moved: 14.85m | Pos: (3278.41, 1565.54, 30.39)
[18:25:28] [PLAYER MATCH] Addr: 0x2879F0C8 | Moved: 14.92m | Pos: (3278.21, 1565.60, 30.28)
[18:25:28] [PLAYER MATCH] Addr: 0x2879F0D4 | Moved: 14.85m | Pos: (3278.41, 1565.54, 30.28)
[18:25:28] [PLAYER MATCH] Addr: 0x2879F110 | Moved: 14.87m | Pos: (3278.28, 1565.48, 30.33)
[18:25:28] [PLAYER MATCH] Addr: 0x2879F6D0 | Moved: 14.87m | Pos: (3278.28, 1565.48, 30.33)
[18:25:28] [PLAYER MATCH] Addr: 0x287A0530 | Moved: 14.87m | Pos: (3278.28, 1565.48, 30.33)
[18:25:28] [PLAYER MATCH] Addr: 0x287A0810 | Moved: 14.87m | Pos: (3278.28, 1565.48, 30.33)
[18:25:28] [PLAYER MATCH] Addr: 0x287A0AF0 | Moved: 14.87m | Pos: (3278.28, 1565.48, 30.33)
[18:25:28] [PLAYER MATCH] Addr: 0x287B10C0 | Moved: 14.88m | Pos: (3278.21, 1565.36, 28.66)
[18:25:28] [PLAYER MATCH] Addr: 0x287C0574 | Moved: 14.88m | Pos: (3278.21, 1565.36, 28.66)
[18:25:28] [PLAYER MATCH] Addr: 0x287C0588 | Moved: 14.87m | Pos: (3278.28, 1565.48, 30.33)
[18:25:28] [PLAYER MATCH] Addr: 0x287F0ABC | Moved: 14.87m | Pos: (3278.28, 1565.48, 30.33)
[18:25:28] [PLAYER MATCH] Addr: 0x2886007C | Moved: 14.89m | Pos: (3278.21, 1565.36, 28.66)
[18:25:28] [PLAYER MATCH] Addr: 0x288600C0 | Moved: 14.88m | Pos: (3278.21, 1565.36, 28.66)
[18:25:28] [PLAYER MATCH] Addr: 0x28A32ED8 | Moved: 14.88m | Pos: (3278.21, 1565.36, 28.66)
[18:25:28] [PLAYER MATCH] Addr: 0x2B04ABA0 | Moved: 11.44m | Pos: (3274.46, 1552.99, 28.08)
[18:25:28] [PLAYER MATCH] Addr: 0x2B04ABC0 | Moved: 11.44m | Pos: (3274.46, 1552.99, 28.08)
[18:25:28] [PLAYER MATCH] Addr: 0x2C6CD3BC | Moved: 14.87m | Pos: (3278.28, 1565.48, 30.33)
[18:25:28] [PLAYER MATCH] Addr: 0x2C7B5E5C | Moved: 14.87m | Pos: (3278.28, 1565.48, 30.33)
[18:25:28] [PLAYER MATCH] Addr: 0x2C98CBB0 | Moved: 14.90m | Pos: (3278.21, 1565.36, 29.66)
[18:25:28] [PLAYER MATCH] Addr: 0x2C98CE50 | Moved: 14.87m | Pos: (3278.27, 1565.31, 30.31)
[18:25:28] [PLAYER MATCH] Addr: 0x2C98D0F0 | Moved: 14.90m | Pos: (3278.21, 1565.36, 29.66)
[18:25:28] [PLAYER MATCH] Addr: 0x2C98D390 | Moved: 14.90m | Pos: (3278.21, 1565.36, 29.66)
[18:25:28] [PLAYER MATCH] Addr: 0x2C98D630 | Moved: 14.90m | Pos: (3278.21, 1565.36, 29.66)
[18:25:28] [PLAYER MATCH] Addr: 0x2C98D8D0 | Moved: 14.90m | Pos: (3278.21, 1565.36, 29.66)
[18:25:28] [PLAYER MATCH] Addr: 0x2C98DB70 | Moved: 14.83m | Pos: (3278.40, 1565.27, 29.61)
[18:25:28] [PLAYER MATCH] Addr: 0x2CA1B690 | Moved: 14.88m | Pos: (3278.21, 1565.36, 28.66)
[18:25:28] [PLAYER MATCH] Addr: 0x2CCE2970 | Moved: 14.87m | Pos: (3278.28, 1565.48, 30.33)
[18:25:28] [PLAYER MATCH] Addr: 0x2CCE2A80 | Moved: 14.87m | Pos: (3278.28, 1565.48, 30.33)
[18:25:28] [PLAYER MATCH] Addr: 0x2CCE2BCC | Moved: 14.87m | Pos: (3278.28, 1565.48, 30.33)
[18:25:28] [PLAYER MATCH] Addr: 0x2CCE2BDC | Moved: 14.91m | Pos: (3278.21, 1565.60, 30.39)
[18:25:28] [PLAYER MATCH] Addr: 0x2CCE2BE8 | Moved: 14.85m | Pos: (3278.41, 1565.54, 30.39)
[18:25:28] [PLAYER MATCH] Addr: 0x2CCE2BF4 | Moved: 14.92m | Pos: (3278.21, 1565.60, 30.28)
[18:25:28] [PLAYER MATCH] Addr: 0x2CCE2C00 | Moved: 14.85m | Pos: (3278.41, 1565.54, 30.28)
[18:25:28] [PLAYER MATCH] Addr: 0x2CCF9380 | Moved: 14.88m | Pos: (3278.21, 1565.36, 28.66)
[18:25:28] [PLAYER MATCH] Addr: 0x2CCF9750 | Moved: 14.88m | Pos: (3278.21, 1565.36, 28.66)
[18:25:28] [PLAYER MATCH] Addr: 0x2CCF988C | Moved: 14.88m | Pos: (3278.21, 1565.36, 28.66)
[18:25:28] [PLAYER MATCH] Addr: 0x2CCF9AC0 | Moved: 14.89m | Pos: (3278.22, 1565.49, 30.39)
[18:25:28] [PLAYER MATCH] Addr: 0x2CCFCDB0 | Moved: 11.44m | Pos: (3274.46, 1552.99, 28.08)
[18:25:28] [PLAYER MATCH] Addr: 0x2CCFCDD0 | Moved: 11.44m | Pos: (3274.46, 1552.99, 28.08)
[18:25:28] [PLAYER MATCH] Addr: 0x2CE82950 | Moved: 15.00m | Pos: (3277.92, 1565.50, 29.66)
[18:25:28] [PLAYER MATCH] Addr: 0x2CE82BF0 | Moved: 14.90m | Pos: (3278.21, 1565.36, 29.66)
[18:25:28] [PLAYER MATCH] Addr: 0x2CE82E90 | Moved: 14.90m | Pos: (3278.21, 1565.36, 29.66)
[18:25:28] [PLAYER MATCH] Addr: 0x2CE83130 | Moved: 14.96m | Pos: (3278.04, 1565.46, 29.66)
[18:25:28] [PLAYER MATCH] Addr: 0x2CE833D0 | Moved: 14.85m | Pos: (3278.18, 1565.13, 30.29)
[18:25:28] [PLAYER MATCH] Addr: 0x2CE83670 | Moved: 14.90m | Pos: (3278.21, 1565.36, 29.66)
[18:25:28] [PLAYER MATCH] Addr: 0x2CE83910 | Moved: 15.00m | Pos: (3277.93, 1565.51, 29.66)
[18:25:28] [PLAYER MATCH] Addr: 0x2CE83BB0 | Moved: 14.90m | Pos: (3278.21, 1565.36, 29.66)
[18:25:28] [PLAYER MATCH] Addr: 0x2CE84390 | Moved: 14.86m | Pos: (3278.43, 1565.62, 30.12)
[18:25:28] [PLAYER MATCH] Addr: 0x2CE9E930 | Moved: 14.86m | Pos: (3278.43, 1565.62, 30.12)
[18:25:28] [PLAYER MATCH] Addr: 0x2F65236C | Moved: 14.87m | Pos: (3278.28, 1565.48, 30.33)
[18:25:28] [PLAYER MATCH] Addr: 0x2F7F216C | Moved: 14.87m | Pos: (3278.28, 1565.48, 30.33)
[18:25:28] [PLAYER MATCH] Addr: 0x2F88FEAC | Moved: 14.87m | Pos: (3278.28, 1565.48, 30.33)
[18:25:28] [PLAYER MATCH] Addr: 0x2F8906DC | Moved: 14.87m | Pos: (3278.28, 1565.48, 30.33)
[18:25:28] [PLAYER MATCH] Addr: 0x2F890F0C | Moved: 14.87m | Pos: (3278.28, 1565.48, 30.33)
[18:25:28] [PLAYER MATCH] Addr: 0x2F8B4690 | Moved: 14.87m | Pos: (3278.28, 1565.48, 30.33)
[18:25:28] [PLAYER MATCH] Addr: 0x2F8B4F30 | Moved: 14.87m | Pos: (3278.28, 1565.48, 30.33)
[18:25:28] [PLAYER MATCH] Addr: 0x2F8B50A0 | Moved: 14.87m | Pos: (3278.28, 1565.48, 30.33)
[18:25:28] [PLAYER MATCH] Addr: 0x2F8B61E0 | Moved: 14.87m | Pos: (3278.28, 1565.48, 30.33)
[18:25:28] [PLAYER MATCH] Addr: 0x2F8B64C0 | Moved: 14.87m | Pos: (3278.28, 1565.48, 30.33)
[18:25:28] [PLAYER MATCH] Addr: 0x2F94DBA0 | Moved: 14.87m | Pos: (3278.28, 1565.48, 30.33)
[18:25:28] [PLAYER MATCH] Addr: 0x2F94DCB0 | Moved: 14.87m | Pos: (3278.28, 1565.48, 30.33)
[18:25:28] [PLAYER MATCH] Addr: 0x2F94DDFC | Moved: 14.87m | Pos: (3278.28, 1565.48, 30.33)
[18:25:28] [PLAYER MATCH] Addr: 0x2F94DE0C | Moved: 14.91m | Pos: (3278.21, 1565.60, 30.39)
[18:25:28] [PLAYER MATCH] Addr: 0x2F94DE18 | Moved: 14.85m | Pos: (3278.41, 1565.54, 30.39)
[18:25:28] [PLAYER MATCH] Addr: 0x2F94DE24 | Moved: 14.92m | Pos: (3278.21, 1565.60, 30.28)
[18:25:28] [PLAYER MATCH] Addr: 0x2F94DE30 | Moved: 14.85m | Pos: (3278.41, 1565.54, 30.28)
[18:25:28] [PLAYER MATCH] Addr: 0x2FB7975C | Moved: 14.87m | Pos: (3278.28, 1565.48, 30.33)
[18:25:28] [PLAYER MATCH] Addr: 0x300A740C | Moved: 14.87m | Pos: (3278.28, 1565.48, 30.33)
[18:25:28] [PLAYER MATCH] Addr: 0x300A7C2C | Moved: 14.87m | Pos: (3278.28, 1565.48, 30.33)
[18:25:28] [PLAYER MATCH] Addr: 0x305060CC | Moved: 14.87m | Pos: (3278.28, 1565.48, 30.33)
[18:25:28] [PLAYER MATCH] Addr: 0x30B5A4AC | Moved: 14.87m | Pos: (3278.28, 1565.48, 30.33)
[18:25:28] [PLAYER MATCH] Addr: 0x30D087D0 | Moved: 14.87m | Pos: (3278.28, 1565.48, 30.33)
[18:25:28] [PLAYER MATCH] Addr: 0x30D088E0 | Moved: 14.87m | Pos: (3278.28, 1565.48, 30.33)
[18:25:28] [PLAYER MATCH] Addr: 0x30D08A2C | Moved: 14.87m | Pos: (3278.28, 1565.48, 30.33)
[18:25:28] [PLAYER MATCH] Addr: 0x30D08A3C | Moved: 14.91m | Pos: (3278.21, 1565.60, 30.39)
[18:25:28] [PLAYER MATCH] Addr: 0x30D08A48 | Moved: 14.85m | Pos: (3278.41, 1565.54, 30.39)
[18:25:28] [PLAYER MATCH] Addr: 0x30D08A54 | Moved: 14.92m | Pos: (3278.21, 1565.60, 30.28)
[18:25:28] [PLAYER MATCH] Addr: 0x30D08A60 | Moved: 14.85m | Pos: (3278.41, 1565.54, 30.28)
[18:25:28] [PLAYER MATCH] Addr: 0x30E7AC00 | Moved: 14.87m | Pos: (3278.28, 1565.48, 30.33)
[18:25:28] [PLAYER MATCH] Addr: 0x30E7AEE0 | Moved: 14.87m | Pos: (3278.28, 1565.48, 30.33)
[18:25:28] [PLAYER MATCH] Addr: 0x30E7B1C0 | Moved: 14.87m | Pos: (3278.28, 1565.48, 30.33)
[18:25:28] [PLAYER MATCH] Addr: 0x30E7B4A0 | Moved: 14.87m | Pos: (3278.28, 1565.48, 30.33)
[18:25:28] [PLAYER MATCH] Addr: 0x30E7B780 | Moved: 14.87m | Pos: (3278.28, 1565.48, 30.33)
[18:25:28] [PLAYER MATCH] Addr: 0x30E7BA60 | Moved: 14.87m | Pos: (3278.28, 1565.48, 30.33)
[18:25:28] [PLAYER MATCH] Addr: 0x30E7C020 | Moved: 14.87m | Pos: (3278.28, 1565.48, 30.33)
[18:25:28] [PLAYER MATCH] Addr: 0x30E7C300 | Moved: 14.87m | Pos: (3278.28, 1565.48, 30.33)
[18:25:28] [PLAYER MATCH] Addr: 0x30E7C5E0 | Moved: 14.87m | Pos: (3278.28, 1565.48, 30.33)
[18:25:28] [PLAYER MATCH] Addr: 0x30E7C8C0 | Moved: 14.87m | Pos: (3278.28, 1565.48, 30.33)
[18:25:28] [PLAYER MATCH] Addr: 0x30E7CBA0 | Moved: 14.87m | Pos: (3278.28, 1565.48, 30.33)
[18:25:28] [PLAYER MATCH] Addr: 0x30E7CE80 | Moved: 14.87m | Pos: (3278.28, 1565.48, 30.33)
[18:25:28] [PLAYER MATCH] Addr: 0x30E7D160 | Moved: 14.87m | Pos: (3278.28, 1565.48, 30.33)
[18:25:28] [PLAYER MATCH] Addr: 0x30E7D440 | Moved: 14.87m | Pos: (3278.28, 1565.48, 30.33)
[18:25:28] [PLAYER MATCH] Addr: 0x30E7D720 | Moved: 14.87m | Pos: (3278.28, 1565.48, 30.33)
[18:25:28] [PLAYER MATCH] Addr: 0x30E7DA00 | Moved: 14.87m | Pos: (3278.28, 1565.48, 30.33)
[18:25:28] [PLAYER MATCH] Addr: 0x30E7DCE0 | Moved: 14.87m | Pos: (3278.28, 1565.48, 30.33)
[18:25:28] [PLAYER MATCH] Addr: 0x30E7DFC0 | Moved: 14.87m | Pos: (3278.28, 1565.48, 30.33)
[18:25:28] [PLAYER MATCH] Addr: 0x30E7E2A0 | Moved: 14.87m | Pos: (3278.28, 1565.48, 30.33)
[18:25:28] [PLAYER MATCH] Addr: 0x30E7E580 | Moved: 14.87m | Pos: (3278.28, 1565.48, 30.33)
[18:25:28] [PLAYER MATCH] Addr: 0x30E7E860 | Moved: 14.87m | Pos: (3278.28, 1565.48, 30.33)
[18:25:28] [PLAYER MATCH] Addr: 0x30E7EB40 | Moved: 14.87m | Pos: (3278.28, 1565.48, 30.33)
[18:25:28] [PLAYER MATCH] Addr: 0x30E7EE20 | Moved: 14.87m | Pos: (3278.28, 1565.48, 30.33)
[18:25:28] [PLAYER MATCH] Addr: 0x30E7F100 | Moved: 14.87m | Pos: (3278.28, 1565.48, 30.33)
[18:25:28] [PLAYER MATCH] Addr: 0x30E7F3E0 | Moved: 14.87m | Pos: (3278.28, 1565.48, 30.33)
[18:25:28] [PLAYER MATCH] Addr: 0x312E8C0C | Moved: 14.87m | Pos: (3278.28, 1565.48, 30.33)
[18:25:28] [PLAYER MATCH] Addr: 0x314D632C | Moved: 14.87m | Pos: (3278.28, 1565.48, 30.33)
[18:25:28] [PLAYER MATCH] Addr: 0x318A9050 | Moved: 14.88m | Pos: (3278.21, 1565.36, 28.66)
[18:25:28] [PLAYER MATCH] Addr: 0x3195F50C | Moved: 14.87m | Pos: (3278.28, 1565.48, 30.33)
[18:25:28] [PLAYER MATCH] Addr: 0x3573F48C | Moved: 14.87m | Pos: (3278.28, 1565.48, 30.33)
[18:25:28] [PLAYER MATCH] Addr: 0x3578F940 | Moved: 14.87m | Pos: (3278.28, 1565.48, 30.33)
[18:25:28] [PLAYER MATCH] Addr: 0x3578FAB0 | Moved: 14.87m | Pos: (3278.28, 1565.48, 30.33)
[18:25:28] [PLAYER MATCH] Addr: 0x3578FC20 | Moved: 14.87m | Pos: (3278.28, 1565.48, 30.33)
[18:25:28] [PLAYER MATCH] Addr: 0x3578FD90 | Moved: 14.87m | Pos: (3278.28, 1565.48, 30.33)
[18:25:28] [PLAYER MATCH] Addr: 0x35790070 | Moved: 14.87m | Pos: (3278.28, 1565.48, 30.33)
[18:25:28] [PLAYER MATCH] Addr: 0x35790350 | Moved: 14.87m | Pos: (3278.28, 1565.48, 30.33)
[18:25:28] [PLAYER MATCH] Addr: 0x35790910 | Moved: 14.87m | Pos: (3278.28, 1565.48, 30.33)
[18:25:28] [PLAYER MATCH] Addr: 0x35790A80 | Moved: 14.87m | Pos: (3278.28, 1565.48, 30.33)
[18:25:28] [PLAYER MATCH] Addr: 0x35790BF0 | Moved: 14.87m | Pos: (3278.28, 1565.48, 30.33)
[18:25:28] [PLAYER MATCH] Addr: 0x35790ED0 | Moved: 14.87m | Pos: (3278.28, 1565.48, 30.33)
[18:25:28] [PLAYER MATCH] Addr: 0x35791040 | Moved: 14.87m | Pos: (3278.28, 1565.48, 30.33)
[18:25:28] [PLAYER MATCH] Addr: 0x357911B0 | Moved: 14.87m | Pos: (3278.28, 1565.48, 30.33)
[18:25:28] [PLAYER MATCH] Addr: 0x36155E10 | Moved: 11.44m | Pos: (3274.46, 1552.99, 28.08)
[18:25:28] [PLAYER MATCH] Addr: 0x36155E30 | Moved: 11.44m | Pos: (3274.46, 1552.99, 28.08)
[18:25:28] [SCAN-F2] Found 364 matching player candidate(s)!
[18:25:28] [LOCKED] Tracking real player at: 0x03F79C6C
[18:25:29] [PLAYER] X = 3278.281 | Y = 1565.478 | Z = 30.334
[18:25:29] [PLAYER] X = 3278.271 | Y = 1565.476 | Z = 30.341
[18:25:30] [PLAYER] X = 3278.271 | Y = 1565.476 | Z = 30.341
[18:25:30] [PLAYER] X = 3278.271 | Y = 1565.476 | Z = 30.341
[18:25:31] [PLAYER] X = 3278.271 | Y = 1565.476 | Z = 30.341
[18:25:31] [PLAYER] X = 3278.271 | Y = 1565.476 | Z = 30.341
[18:25:32] [PLAYER] X = 3278.271 | Y = 1565.476 | Z = 30.341
[18:25:32] [SHUTDOWN] Detaching.
[18:30:50] [INIT] binkw32 proxy attached (PID: 360)
[18:30:52] =========================================
[18:30:52] Far Cry 2 Co-op Mod - Milestone 2: UDP Network Active
[18:30:52] Target: UDP 127.0.0.1:42069 & Broadcast
[18:30:52] Controls: [F1] = Rescan Point A | [F2] = Filter | [F3] = Toggle Stream
[18:30:52] =========================================
[18:30:52] [NET] UDP Socket initialized! Broadcasting on port 42069.
[18:30:52] [SUCCESS] Dunia.dll at 0x10000000
[18:31:12] [UDP TX #91] Pos: (3317.36, 1518.68, 19.68) -> Sent to UDP :42069
[18:31:17] [UDP TX #191] Pos: (3317.36, 1518.67, 19.68) -> Sent to UDP :42069
[18:31:22] [UDP TX #291] Pos: (3316.55, 1518.03, 19.67) -> Sent to UDP :42069
[18:31:27] [UDP TX #391] Pos: (3294.97, 1526.84, 21.87) -> Sent to UDP :42069
[18:31:32] [UDP TX #491] Pos: (3296.55, 1533.62, 21.82) -> Sent to UDP :42069
[18:31:37] [UDP TX #591] Pos: (3296.55, 1533.62, 21.82) -> Sent to UDP :42069
[18:31:42] [UDP TX #691] Pos: (3296.55, 1533.62, 21.82) -> Sent to UDP :42069
[18:31:47] [UDP TX #791] Pos: (3296.55, 1533.62, 21.82) -> Sent to UDP :42069
[18:31:52] [UDP TX #891] Pos: (3296.55, 1533.62, 21.82) -> Sent to UDP :42069
[18:31:57] [UDP TX #991] Pos: (3296.55, 1533.62, 21.82) -> Sent to UDP :42069
[18:32:02] [UDP TX #1091] Pos: (3296.55, 1533.62, 21.82) -> Sent to UDP :42069
[18:32:07] [UDP TX #1191] Pos: (3296.55, 1533.62, 21.82) -> Sent to UDP :42069
[18:32:12] [UDP TX #1291] Pos: (3296.55, 1533.62, 21.82) -> Sent to UDP :42069
[18:32:17] [UDP TX #1391] Pos: (3296.55, 1533.62, 21.82) -> Sent to UDP :42069
[18:32:22] [UDP TX #1491] Pos: (3296.55, 1533.62, 21.82) -> Sent to UDP :42069
[18:32:27] [UDP TX #1591] Pos: (3296.55, 1533.62, 21.82) -> Sent to UDP :42069
[18:32:32] [UDP TX #1691] Pos: (3296.55, 1533.62, 21.82) -> Sent to UDP :42069
[18:32:37] [UDP TX #1791] Pos: (3296.55, 1533.62, 21.82) -> Sent to UDP :42069
[18:32:42] [UDP TX #1891] Pos: (3296.55, 1533.62, 21.82) -> Sent to UDP :42069
[18:32:47] [UDP TX #1991] Pos: (3296.55, 1533.62, 21.82) -> Sent to UDP :42069
[18:32:52] [UDP TX #2091] Pos: (3296.55, 1533.62, 21.82) -> Sent to UDP :42069
[18:32:57] [UDP TX #2191] Pos: (3296.55, 1533.62, 21.82) -> Sent to UDP :42069
[18:33:02] [UDP TX #2291] Pos: (3296.55, 1533.62, 21.82) -> Sent to UDP :42069
[18:33:07] [UDP TX #2391] Pos: (3296.55, 1533.62, 21.82) -> Sent to UDP :42069
[18:33:13] [UDP TX #2491] Pos: (3296.55, 1533.62, 21.82) -> Sent to UDP :42069
[18:33:18] [UDP TX #2591] Pos: (3296.55, 1533.62, 21.82) -> Sent to UDP :42069
[18:33:23] [UDP TX #2691] Pos: (3296.55, 1533.62, 21.82) -> Sent to UDP :42069
[18:33:28] [UDP TX #2791] Pos: (3296.55, 1533.62, 21.82) -> Sent to UDP :42069
[18:33:33] [UDP TX #2891] Pos: (3296.55, 1533.62, 21.82) -> Sent to UDP :42069
[18:33:38] [UDP TX #2991] Pos: (3296.55, 1533.62, 21.82) -> Sent to UDP :42069
[18:33:43] [UDP TX #3091] Pos: (3296.55, 1533.62, 21.82) -> Sent to UDP :42069
[18:33:48] [UDP TX #3191] Pos: (3296.55, 1533.62, 21.82) -> Sent to UDP :42069
[18:33:53] [UDP TX #3291] Pos: (3296.55, 1533.62, 21.82) -> Sent to UDP :42069
[18:33:58] [UDP TX #3391] Pos: (3296.55, 1533.62, 21.82) -> Sent to UDP :42069
[18:34:03] [UDP TX #3491] Pos: (3296.55, 1533.62, 21.82) -> Sent to UDP :42069
[18:34:08] [UDP TX #3591] Pos: (3296.55, 1533.62, 21.82) -> Sent to UDP :42069
[18:34:13] [UDP TX #3691] Pos: (3296.55, 1533.62, 21.82) -> Sent to UDP :42069
[18:34:18] [UDP TX #3791] Pos: (3296.55, 1533.62, 21.82) -> Sent to UDP :42069
[18:34:23] [UDP TX #3891] Pos: (3296.55, 1533.62, 21.82) -> Sent to UDP :42069
[18:34:28] [UDP TX #3991] Pos: (3296.55, 1533.62, 21.82) -> Sent to UDP :42069
[18:34:33] [UDP TX #4091] Pos: (3296.55, 1533.62, 21.82) -> Sent to UDP :42069
[18:34:38] [UDP TX #4191] Pos: (3296.55, 1533.62, 21.82) -> Sent to UDP :42069
[18:34:43] [UDP TX #4291] Pos: (3296.55, 1533.62, 21.82) -> Sent to UDP :42069
[18:34:48] [UDP TX #4391] Pos: (3296.55, 1533.62, 21.82) -> Sent to UDP :42069
[18:34:53] [UDP TX #4491] Pos: (3296.55, 1533.62, 21.82) -> Sent to UDP :42069
[18:34:58] [UDP TX #4591] Pos: (3296.55, 1533.62, 21.82) -> Sent to UDP :42069
[18:35:03] [UDP TX #4691] Pos: (3296.55, 1533.62, 21.82) -> Sent to UDP :42069
[18:35:08] [UDP TX #4791] Pos: (3296.55, 1533.62, 21.82) -> Sent to UDP :42069
[18:35:13] [UDP TX #4891] Pos: (3296.55, 1533.62, 21.82) -> Sent to UDP :42069
[18:35:18] [UDP TX #4991] Pos: (3296.55, 1533.62, 21.82) -> Sent to UDP :42069
[18:35:23] [UDP TX #5091] Pos: (3296.55, 1533.62, 21.82) -> Sent to UDP :42069
[18:35:28] [UDP TX #5191] Pos: (3296.55, 1533.62, 21.82) -> Sent to UDP :42069
[18:35:33] [UDP TX #5291] Pos: (3296.55, 1533.62, 21.82) -> Sent to UDP :42069
[18:35:38] [UDP TX #5391] Pos: (3296.55, 1533.62, 21.82) -> Sent to UDP :42069
[18:35:43] [UDP TX #5491] Pos: (3296.55, 1533.62, 21.82) -> Sent to UDP :42069
[18:35:48] [UDP TX #5591] Pos: (3296.55, 1533.62, 21.82) -> Sent to UDP :42069
[18:35:53] [UDP TX #5691] Pos: (3296.55, 1533.62, 21.82) -> Sent to UDP :42069
[18:35:58] [UDP TX #5791] Pos: (3296.55, 1533.62, 21.82) -> Sent to UDP :42069
[18:36:03] [UDP TX #5891] Pos: (3296.55, 1533.62, 21.82) -> Sent to UDP :42069
[18:36:08] [UDP TX #5991] Pos: (3296.55, 1533.62, 21.82) -> Sent to UDP :42069
[18:36:13] [UDP TX #6091] Pos: (3296.55, 1533.62, 21.82) -> Sent to UDP :42069
[18:36:18] [UDP TX #6191] Pos: (3296.55, 1533.62, 21.82) -> Sent to UDP :42069
[18:36:23] [UDP TX #6291] Pos: (3296.55, 1533.62, 21.82) -> Sent to UDP :42069
[18:36:29] [UDP TX #6391] Pos: (3296.55, 1533.62, 21.82) -> Sent to UDP :42069
[18:36:34] [UDP TX #6491] Pos: (3296.55, 1533.62, 21.82) -> Sent to UDP :42069
[18:36:39] [UDP TX #6591] Pos: (3296.55, 1533.62, 21.82) -> Sent to UDP :42069
[18:36:44] [UDP TX #6691] Pos: (3296.55, 1533.62, 21.82) -> Sent to UDP :42069
[18:36:49] [UDP TX #6791] Pos: (3296.55, 1533.62, 21.82) -> Sent to UDP :42069
[18:36:54] [UDP TX #6891] Pos: (3296.55, 1533.62, 21.82) -> Sent to UDP :42069
[18:36:59] [UDP TX #6991] Pos: (3296.55, 1533.62, 21.82) -> Sent to UDP :42069
[18:37:04] [UDP TX #7091] Pos: (3296.55, 1533.62, 21.82) -> Sent to UDP :42069
[18:37:09] [UDP TX #7191] Pos: (3296.55, 1533.62, 21.82) -> Sent to UDP :42069
[18:37:14] [UDP TX #7291] Pos: (3296.55, 1533.62, 21.82) -> Sent to UDP :42069
[18:37:19] [UDP TX #7391] Pos: (3296.55, 1533.62, 21.82) -> Sent to UDP :42069
[18:37:24] [UDP TX #7491] Pos: (3296.55, 1533.62, 21.82) -> Sent to UDP :42069
[18:37:29] [UDP TX #7591] Pos: (3296.55, 1533.62, 21.82) -> Sent to UDP :42069
[18:37:34] [UDP TX #7691] Pos: (3296.55, 1533.62, 21.82) -> Sent to UDP :42069
[18:37:39] [UDP TX #7791] Pos: (3296.55, 1533.62, 21.82) -> Sent to UDP :42069
[18:37:44] [UDP TX #7891] Pos: (3296.55, 1533.62, 21.82) -> Sent to UDP :42069
[18:37:49] [UDP TX #7991] Pos: (3296.55, 1533.62, 21.82) -> Sent to UDP :42069
[18:37:54] [UDP TX #8091] Pos: (3296.55, 1533.62, 21.82) -> Sent to UDP :42069
[18:37:59] [UDP TX #8191] Pos: (3296.55, 1533.62, 21.82) -> Sent to UDP :42069
[18:38:04] [UDP TX #8291] Pos: (3296.55, 1533.62, 21.82) -> Sent to UDP :42069
[18:38:09] [UDP TX #8391] Pos: (3296.55, 1533.62, 21.82) -> Sent to UDP :42069
[18:38:14] [UDP TX #8491] Pos: (3296.55, 1533.62, 21.82) -> Sent to UDP :42069
[18:38:19] [UDP TX #8591] Pos: (3296.55, 1533.62, 21.82) -> Sent to UDP :42069
[18:38:24] [UDP TX #8691] Pos: (3296.55, 1533.62, 21.82) -> Sent to UDP :42069
[18:38:29] [UDP TX #8791] Pos: (3296.55, 1533.62, 21.82) -> Sent to UDP :42069
[18:38:34] [UDP TX #8891] Pos: (3296.55, 1533.62, 21.82) -> Sent to UDP :42069
[18:38:39] [UDP TX #8991] Pos: (3296.55, 1533.62, 21.82) -> Sent to UDP :42069
[18:38:44] [UDP TX #9091] Pos: (3296.55, 1533.62, 21.82) -> Sent to UDP :42069
[18:38:49] [UDP TX #9191] Pos: (3296.55, 1533.62, 21.82) -> Sent to UDP :42069
[18:38:54] [UDP TX #9291] Pos: (3296.55, 1533.62, 21.82) -> Sent to UDP :42069
[18:38:59] [UDP TX #9391] Pos: (3296.55, 1533.62, 21.82) -> Sent to UDP :42069
[18:39:04] [UDP TX #9491] Pos: (3296.55, 1533.62, 21.82) -> Sent to UDP :42069
[18:39:09] [UDP TX #9591] Pos: (3296.55, 1533.62, 21.82) -> Sent to UDP :42069
[18:39:14] [UDP TX #9691] Pos: (3296.55, 1533.62, 21.82) -> Sent to UDP :42069
[18:39:19] [UDP TX #9791] Pos: (3296.55, 1533.62, 21.82) -> Sent to UDP :42069
[18:39:24] [UDP TX #9891] Pos: (3296.55, 1533.62, 21.82) -> Sent to UDP :42069
[18:39:29] [UDP TX #9991] Pos: (3296.55, 1533.62, 21.82) -> Sent to UDP :42069
[18:39:34] [UDP TX #10091] Pos: (3296.55, 1533.62, 21.82) -> Sent to UDP :42069
[18:39:39] [UDP TX #10191] Pos: (3296.55, 1533.62, 21.82) -> Sent to UDP :42069
[18:39:45] [UDP TX #10291] Pos: (3296.55, 1533.62, 21.82) -> Sent to UDP :42069
[18:39:50] [UDP TX #10391] Pos: (3296.55, 1533.62, 21.82) -> Sent to UDP :42069
[18:39:55] [UDP TX #10491] Pos: (3296.55, 1533.62, 21.82) -> Sent to UDP :42069
[18:40:00] [UDP TX #10591] Pos: (3296.55, 1533.62, 21.82) -> Sent to UDP :42069
[18:40:05] [UDP TX #10691] Pos: (3296.55, 1533.62, 21.82) -> Sent to UDP :42069
[18:40:10] [UDP TX #10791] Pos: (3296.55, 1533.62, 21.82) -> Sent to UDP :42069
[18:40:15] [UDP TX #10891] Pos: (3296.55, 1533.62, 21.82) -> Sent to UDP :42069
[18:40:20] [UDP TX #10991] Pos: (3296.55, 1533.62, 21.82) -> Sent to UDP :42069
[18:40:25] [UDP TX #11091] Pos: (3296.55, 1533.62, 21.82) -> Sent to UDP :42069
[18:40:30] [UDP TX #11191] Pos: (3296.55, 1533.62, 21.82) -> Sent to UDP :42069
[18:40:35] [UDP TX #11291] Pos: (3296.55, 1533.62, 21.82) -> Sent to UDP :42069
[18:40:40] [UDP TX #11391] Pos: (3296.55, 1533.62, 21.82) -> Sent to UDP :42069
[18:40:45] [UDP TX #11491] Pos: (3296.55, 1533.62, 21.82) -> Sent to UDP :42069
[18:40:50] [UDP TX #11591] Pos: (3296.55, 1533.62, 21.82) -> Sent to UDP :42069
[18:40:55] [UDP TX #11691] Pos: (3296.55, 1533.62, 21.82) -> Sent to UDP :42069
[18:41:00] [UDP TX #11791] Pos: (3296.55, 1533.62, 21.82) -> Sent to UDP :42069
[18:41:05] [UDP TX #11891] Pos: (3296.55, 1533.62, 21.82) -> Sent to UDP :42069
[18:41:10] [UDP TX #11991] Pos: (3296.55, 1533.62, 21.82) -> Sent to UDP :42069
[18:41:15] [UDP TX #12091] Pos: (3296.55, 1533.62, 21.82) -> Sent to UDP :42069
[18:41:20] [UDP TX #12191] Pos: (3296.55, 1533.62, 21.82) -> Sent to UDP :42069
[18:41:25] [UDP TX #12291] Pos: (3296.55, 1533.62, 21.82) -> Sent to UDP :42069
[18:41:30] [UDP TX #12391] Pos: (3296.55, 1533.62, 21.82) -> Sent to UDP :42069
[18:41:35] [UDP TX #12491] Pos: (3296.55, 1533.62, 21.82) -> Sent to UDP :42069
[18:41:40] [UDP TX #12591] Pos: (3296.55, 1533.62, 21.82) -> Sent to UDP :42069
[18:41:45] [UDP TX #12691] Pos: (3296.55, 1533.62, 21.82) -> Sent to UDP :42069
[18:41:50] [UDP TX #12791] Pos: (3296.55, 1533.62, 21.82) -> Sent to UDP :42069
[18:41:55] [UDP TX #12891] Pos: (3296.55, 1533.62, 21.82) -> Sent to UDP :42069
[18:42:00] [UDP TX #12991] Pos: (3296.55, 1533.62, 21.82) -> Sent to UDP :42069
[18:42:05] [UDP TX #13091] Pos: (3296.55, 1533.62, 21.82) -> Sent to UDP :42069
[18:42:10] [UDP TX #13191] Pos: (3296.55, 1533.62, 21.82) -> Sent to UDP :42069
[18:42:15] [UDP TX #13291] Pos: (3296.55, 1533.62, 21.82) -> Sent to UDP :42069
[18:42:20] [UDP TX #13391] Pos: (3296.55, 1533.62, 21.82) -> Sent to UDP :42069
[18:42:25] [UDP TX #13491] Pos: (3296.55, 1533.62, 21.82) -> Sent to UDP :42069
[18:42:30] [UDP TX #13591] Pos: (3296.55, 1533.62, 21.82) -> Sent to UDP :42069
[18:42:35] [UDP TX #13691] Pos: (3296.55, 1533.62, 21.82) -> Sent to UDP :42069
[18:42:40] [UDP TX #13791] Pos: (3296.55, 1533.62, 21.82) -> Sent to UDP :42069
[18:42:45] [UDP TX #13891] Pos: (3296.55, 1533.62, 21.82) -> Sent to UDP :42069
[18:42:51] [UDP TX #13991] Pos: (3296.55, 1533.62, 21.82) -> Sent to UDP :42069
[18:42:56] [UDP TX #14091] Pos: (3296.55, 1533.62, 21.82) -> Sent to UDP :42069
[18:43:01] [UDP TX #14191] Pos: (3296.55, 1533.62, 21.82) -> Sent to UDP :42069
[18:43:06] [UDP TX #14291] Pos: (3296.55, 1533.62, 21.82) -> Sent to UDP :42069
[18:43:11] [UDP TX #14391] Pos: (3296.55, 1533.62, 21.82) -> Sent to UDP :42069
[18:43:16] [UDP TX #14491] Pos: (3296.55, 1533.62, 21.82) -> Sent to UDP :42069
[18:43:21] [UDP TX #14591] Pos: (3296.55, 1533.62, 21.82) -> Sent to UDP :42069
[18:43:26] [UDP TX #14691] Pos: (3296.55, 1533.62, 21.82) -> Sent to UDP :42069
[18:43:31] [UDP TX #14791] Pos: (3296.55, 1533.62, 21.82) -> Sent to UDP :42069
[18:43:36] [UDP TX #14891] Pos: (3296.55, 1533.62, 21.82) -> Sent to UDP :42069
[18:43:41] [UDP TX #14991] Pos: (3296.55, 1533.62, 21.82) -> Sent to UDP :42069
[18:43:46] [UDP TX #15091] Pos: (3296.55, 1533.62, 21.82) -> Sent to UDP :42069
[18:43:51] [UDP TX #15191] Pos: (3296.55, 1533.62, 21.82) -> Sent to UDP :42069
[18:43:56] [UDP TX #15291] Pos: (3296.55, 1533.62, 21.82) -> Sent to UDP :42069
[18:44:01] [UDP TX #15391] Pos: (3296.55, 1533.62, 21.82) -> Sent to UDP :42069
[18:44:06] [UDP TX #15491] Pos: (3296.55, 1533.62, 21.82) -> Sent to UDP :42069
[18:44:11] [UDP TX #15591] Pos: (3296.55, 1533.62, 21.82) -> Sent to UDP :42069
[18:44:16] [UDP TX #15691] Pos: (3296.55, 1533.62, 21.82) -> Sent to UDP :42069
[18:44:21] [UDP TX #15791] Pos: (3296.55, 1533.62, 21.82) -> Sent to UDP :42069
[18:44:26] [UDP TX #15891] Pos: (3296.55, 1533.62, 21.82) -> Sent to UDP :42069
[18:44:31] [UDP TX #15991] Pos: (3296.55, 1533.62, 21.82) -> Sent to UDP :42069
[18:44:36] [UDP TX #16091] Pos: (3296.55, 1533.62, 21.82) -> Sent to UDP :42069
[18:44:41] [UDP TX #16191] Pos: (3296.55, 1533.62, 21.82) -> Sent to UDP :42069
[18:44:46] [UDP TX #16291] Pos: (3296.55, 1533.62, 21.82) -> Sent to UDP :42069
[18:44:51] [UDP TX #16391] Pos: (3296.55, 1533.62, 21.82) -> Sent to UDP :42069
[18:44:56] [UDP TX #16491] Pos: (3296.55, 1533.62, 21.82) -> Sent to UDP :42069
[18:45:01] [UDP TX #16591] Pos: (3296.55, 1533.62, 21.82) -> Sent to UDP :42069
[18:45:06] [UDP TX #16691] Pos: (3296.55, 1533.62, 21.82) -> Sent to UDP :42069
[18:45:11] [UDP TX #16791] Pos: (3296.55, 1533.62, 21.82) -> Sent to UDP :42069
[18:45:16] [UDP TX #16891] Pos: (3296.55, 1533.62, 21.82) -> Sent to UDP :42069
[18:45:21] [UDP TX #16991] Pos: (3296.55, 1533.62, 21.82) -> Sent to UDP :42069
[18:45:26] [UDP TX #17091] Pos: (3296.55, 1533.62, 21.82) -> Sent to UDP :42069
[18:45:31] [UDP TX #17191] Pos: (3296.55, 1533.62, 21.82) -> Sent to UDP :42069
[18:45:36] [UDP TX #17291] Pos: (3296.55, 1533.62, 21.82) -> Sent to UDP :42069
[18:45:41] [UDP TX #17391] Pos: (3296.55, 1533.62, 21.82) -> Sent to UDP :42069
[18:45:46] [UDP TX #17491] Pos: (3296.55, 1533.62, 21.82) -> Sent to UDP :42069
[18:45:51] [UDP TX #17591] Pos: (3296.55, 1533.62, 21.82) -> Sent to UDP :42069
[18:45:57] [UDP TX #17691] Pos: (3296.55, 1533.62, 21.82) -> Sent to UDP :42069
[18:46:02] [UDP TX #17791] Pos: (3296.55, 1533.62, 21.82) -> Sent to UDP :42069
[18:46:07] [UDP TX #17891] Pos: (3296.55, 1533.62, 21.82) -> Sent to UDP :42069
[18:46:12] [UDP TX #17991] Pos: (3296.55, 1533.62, 21.82) -> Sent to UDP :42069
[18:46:17] [UDP TX #18091] Pos: (3296.55, 1533.62, 21.82) -> Sent to UDP :42069
[18:46:22] [UDP TX #18191] Pos: (3296.55, 1533.62, 21.82) -> Sent to UDP :42069
[18:46:27] [UDP TX #18291] Pos: (3296.55, 1533.62, 21.82) -> Sent to UDP :42069
[18:46:32] [UDP TX #18391] Pos: (3296.55, 1533.62, 21.82) -> Sent to UDP :42069
[18:46:37] [UDP TX #18491] Pos: (3296.55, 1533.62, 21.82) -> Sent to UDP :42069
[18:46:42] [UDP TX #18591] Pos: (3296.55, 1533.62, 21.82) -> Sent to UDP :42069
[18:46:47] [UDP TX #18691] Pos: (3296.55, 1533.62, 21.82) -> Sent to UDP :42069
[18:46:52] [UDP TX #18791] Pos: (3296.55, 1533.62, 21.82) -> Sent to UDP :42069
[18:46:57] [UDP TX #18891] Pos: (3296.55, 1533.62, 21.82) -> Sent to UDP :42069
[18:47:02] [UDP TX #18991] Pos: (3296.55, 1533.62, 21.82) -> Sent to UDP :42069
[18:47:07] [UDP TX #19091] Pos: (3296.55, 1533.62, 21.82) -> Sent to UDP :42069
[18:47:12] [UDP TX #19191] Pos: (3296.55, 1533.62, 21.82) -> Sent to UDP :42069
[18:47:17] [UDP TX #19291] Pos: (3296.55, 1533.62, 21.82) -> Sent to UDP :42069
[18:47:22] [UDP TX #19391] Pos: (3296.55, 1533.62, 21.82) -> Sent to UDP :42069
[18:47:27] [UDP TX #19491] Pos: (3296.55, 1533.62, 21.82) -> Sent to UDP :42069
[18:47:32] [UDP TX #19591] Pos: (3296.55, 1533.62, 21.82) -> Sent to UDP :42069
[18:47:37] [UDP TX #19691] Pos: (3296.55, 1533.62, 21.82) -> Sent to UDP :42069
[18:47:42] [UDP TX #19791] Pos: (3296.55, 1533.62, 21.82) -> Sent to UDP :42069
[18:47:47] [UDP TX #19891] Pos: (3296.55, 1533.62, 21.82) -> Sent to UDP :42069
[18:47:52] [UDP TX #19991] Pos: (3296.55, 1533.62, 21.82) -> Sent to UDP :42069
[18:47:57] [UDP TX #20091] Pos: (3296.55, 1533.62, 21.82) -> Sent to UDP :42069
[18:48:02] [UDP TX #20191] Pos: (3296.55, 1533.62, 21.82) -> Sent to UDP :42069
[18:48:07] [UDP TX #20291] Pos: (3296.55, 1533.62, 21.82) -> Sent to UDP :42069
[18:48:12] [UDP TX #20391] Pos: (3296.55, 1533.62, 21.82) -> Sent to UDP :42069
[18:48:17] [UDP TX #20491] Pos: (3296.55, 1533.62, 21.82) -> Sent to UDP :42069
[18:48:22] [UDP TX #20591] Pos: (3296.55, 1533.62, 21.82) -> Sent to UDP :42069
[18:48:27] [UDP TX #20691] Pos: (3296.55, 1533.62, 21.82) -> Sent to UDP :42069
[18:48:32] [UDP TX #20791] Pos: (3296.55, 1533.62, 21.82) -> Sent to UDP :42069
[18:48:37] [UDP TX #20891] Pos: (3296.55, 1533.62, 21.82) -> Sent to UDP :42069
[18:48:42] [UDP TX #20991] Pos: (3296.55, 1533.62, 21.82) -> Sent to UDP :42069
[18:48:47] [UDP TX #21091] Pos: (3296.55, 1533.62, 21.82) -> Sent to UDP :42069
[18:48:52] [UDP TX #21191] Pos: (3296.55, 1533.62, 21.82) -> Sent to UDP :42069
[18:48:57] [UDP TX #21291] Pos: (3296.55, 1533.62, 21.82) -> Sent to UDP :42069
[18:49:02] [UDP TX #21391] Pos: (3296.55, 1533.62, 21.82) -> Sent to UDP :42069
[18:49:08] [UDP TX #21491] Pos: (3296.55, 1533.62, 21.82) -> Sent to UDP :42069
[18:49:13] [UDP TX #21591] Pos: (3296.55, 1533.62, 21.82) -> Sent to UDP :42069
[18:49:18] [UDP TX #21691] Pos: (3296.55, 1533.62, 21.82) -> Sent to UDP :42069
[18:49:23] [UDP TX #21791] Pos: (3296.55, 1533.62, 21.82) -> Sent to UDP :42069
[18:49:28] [UDP TX #21891] Pos: (3296.55, 1533.62, 21.82) -> Sent to UDP :42069
[18:49:33] [UDP TX #21991] Pos: (3296.55, 1533.62, 21.82) -> Sent to UDP :42069
[18:49:38] [UDP TX #22091] Pos: (3296.55, 1533.62, 21.82) -> Sent to UDP :42069
[18:49:43] [UDP TX #22191] Pos: (3296.55, 1533.62, 21.82) -> Sent to UDP :42069
[18:49:48] [UDP TX #22291] Pos: (3296.55, 1533.62, 21.82) -> Sent to UDP :42069
[18:49:53] [UDP TX #22391] Pos: (3296.55, 1533.62, 21.82) -> Sent to UDP :42069
[18:49:58] [UDP TX #22491] Pos: (3296.55, 1533.62, 21.82) -> Sent to UDP :42069
[18:50:03] [UDP TX #22591] Pos: (3296.55, 1533.62, 21.82) -> Sent to UDP :42069
[18:50:08] [UDP TX #22691] Pos: (3296.55, 1533.62, 21.82) -> Sent to UDP :42069
[18:50:13] [UDP TX #22791] Pos: (3296.55, 1533.62, 21.82) -> Sent to UDP :42069
[18:50:18] [UDP TX #22891] Pos: (3296.55, 1533.62, 21.82) -> Sent to UDP :42069
[18:50:23] [UDP TX #22991] Pos: (3296.55, 1533.62, 21.82) -> Sent to UDP :42069
[18:50:28] [UDP TX #23091] Pos: (3296.55, 1533.62, 21.82) -> Sent to UDP :42069
[18:50:33] [UDP TX #23191] Pos: (3296.55, 1533.62, 21.82) -> Sent to UDP :42069
[18:50:38] [UDP TX #23291] Pos: (3296.55, 1533.62, 21.82) -> Sent to UDP :42069
[18:50:43] [UDP TX #23391] Pos: (3296.55, 1533.62, 21.82) -> Sent to UDP :42069
[18:50:48] [UDP TX #23491] Pos: (3296.55, 1533.62, 21.82) -> Sent to UDP :42069
[18:50:53] [UDP TX #23591] Pos: (3296.55, 1533.62, 21.82) -> Sent to UDP :42069
[18:50:58] [UDP TX #23691] Pos: (3296.55, 1533.62, 21.82) -> Sent to UDP :42069
[18:51:03] [UDP TX #23791] Pos: (3296.55, 1533.62, 21.82) -> Sent to UDP :42069
[18:51:08] [UDP TX #23891] Pos: (3296.55, 1533.62, 21.82) -> Sent to UDP :42069
[18:51:13] [UDP TX #23991] Pos: (3296.55, 1533.62, 21.82) -> Sent to UDP :42069
[18:51:18] [UDP TX #24091] Pos: (3296.55, 1533.62, 21.82) -> Sent to UDP :42069
[18:51:23] [UDP TX #24191] Pos: (3296.55, 1533.62, 21.82) -> Sent to UDP :42069
[18:51:28] [UDP TX #24291] Pos: (3296.55, 1533.62, 21.82) -> Sent to UDP :42069
[18:51:33] [UDP TX #24391] Pos: (3296.55, 1533.62, 21.82) -> Sent to UDP :42069
[18:51:38] [UDP TX #24491] Pos: (3296.55, 1533.62, 21.82) -> Sent to UDP :42069
[18:51:43] [UDP TX #24591] Pos: (3296.55, 1533.62, 21.82) -> Sent to UDP :42069
[18:51:48] [UDP TX #24691] Pos: (3296.55, 1533.62, 21.82) -> Sent to UDP :42069
[18:51:53] [UDP TX #24791] Pos: (3296.55, 1533.62, 21.82) -> Sent to UDP :42069
[18:51:58] [UDP TX #24891] Pos: (3296.55, 1533.62, 21.82) -> Sent to UDP :42069
[18:52:03] [UDP TX #24991] Pos: (3296.55, 1533.62, 21.82) -> Sent to UDP :42069
[18:52:08] [UDP TX #25091] Pos: (3296.55, 1533.62, 21.82) -> Sent to UDP :42069
[18:52:13] [UDP TX #25191] Pos: (3296.55, 1533.62, 21.82) -> Sent to UDP :42069
[18:52:18] [UDP TX #25291] Pos: (3296.55, 1533.62, 21.82) -> Sent to UDP :42069
[18:52:23] [UDP TX #25391] Pos: (3296.55, 1533.62, 21.82) -> Sent to UDP :42069
[18:52:29] [UDP TX #25491] Pos: (3296.55, 1533.62, 21.82) -> Sent to UDP :42069
[18:52:34] [UDP TX #25591] Pos: (3296.55, 1533.62, 21.82) -> Sent to UDP :42069
[18:52:39] [UDP TX #25691] Pos: (3296.55, 1533.62, 21.82) -> Sent to UDP :42069
[18:52:44] [UDP TX #25791] Pos: (3296.55, 1533.62, 21.82) -> Sent to UDP :42069
[18:52:49] [UDP TX #25891] Pos: (3296.55, 1533.62, 21.82) -> Sent to UDP :42069
[18:52:54] [UDP TX #25991] Pos: (3296.55, 1533.62, 21.82) -> Sent to UDP :42069
[18:52:59] [UDP TX #26091] Pos: (3296.55, 1533.62, 21.82) -> Sent to UDP :42069
[18:53:04] [UDP TX #26191] Pos: (3296.55, 1533.62, 21.82) -> Sent to UDP :42069
[18:53:09] [UDP TX #26291] Pos: (3296.55, 1533.62, 21.82) -> Sent to UDP :42069
[18:53:14] [UDP TX #26391] Pos: (3296.55, 1533.62, 21.82) -> Sent to UDP :42069
[18:53:19] [UDP TX #26491] Pos: (3296.55, 1533.62, 21.82) -> Sent to UDP :42069
[18:53:24] [UDP TX #26591] Pos: (3296.55, 1533.62, 21.82) -> Sent to UDP :42069
[18:53:29] [UDP TX #26691] Pos: (3296.55, 1533.62, 21.82) -> Sent to UDP :42069
[18:53:34] [UDP TX #26791] Pos: (3296.55, 1533.62, 21.82) -> Sent to UDP :42069
[18:53:39] [UDP TX #26891] Pos: (3296.55, 1533.62, 21.82) -> Sent to UDP :42069
[18:53:44] [UDP TX #26991] Pos: (3296.55, 1533.62, 21.82) -> Sent to UDP :42069
[18:53:49] [UDP TX #27091] Pos: (3296.55, 1533.62, 21.82) -> Sent to UDP :42069
[18:53:54] [UDP TX #27191] Pos: (3296.55, 1533.62, 21.82) -> Sent to UDP :42069
[18:53:59] [UDP TX #27291] Pos: (3296.55, 1533.62, 21.82) -> Sent to UDP :42069
[18:54:04] [UDP TX #27391] Pos: (3296.55, 1533.62, 21.82) -> Sent to UDP :42069
[18:54:09] [UDP TX #27491] Pos: (3296.55, 1533.62, 21.82) -> Sent to UDP :42069
[18:54:14] [UDP TX #27591] Pos: (3296.55, 1533.62, 21.82) -> Sent to UDP :42069
[18:54:19] [UDP TX #27691] Pos: (3296.55, 1533.62, 21.82) -> Sent to UDP :42069
[18:54:24] [UDP TX #27791] Pos: (3296.55, 1533.62, 21.82) -> Sent to UDP :42069
[18:54:29] [UDP TX #27891] Pos: (3296.55, 1533.62, 21.82) -> Sent to UDP :42069
[18:54:34] [UDP TX #27991] Pos: (3296.55, 1533.62, 21.82) -> Sent to UDP :42069
[18:54:39] [UDP TX #28091] Pos: (3296.55, 1533.62, 21.82) -> Sent to UDP :42069
[18:54:44] [UDP TX #28191] Pos: (3296.55, 1533.62, 21.82) -> Sent to UDP :42069
[18:54:49] [UDP TX #28291] Pos: (3296.55, 1533.62, 21.82) -> Sent to UDP :42069
[18:54:54] [UDP TX #28391] Pos: (3296.55, 1533.62, 21.82) -> Sent to UDP :42069
[18:54:59] [UDP TX #28491] Pos: (3296.55, 1533.62, 21.82) -> Sent to UDP :42069
[18:55:04] [UDP TX #28591] Pos: (3296.55, 1533.62, 21.82) -> Sent to UDP :42069
[18:55:09] [UDP TX #28691] Pos: (3296.55, 1533.62, 21.82) -> Sent to UDP :42069
[18:55:14] [UDP TX #28791] Pos: (3296.55, 1533.62, 21.82) -> Sent to UDP :42069
[18:55:19] [UDP TX #28891] Pos: (3296.55, 1533.62, 21.82) -> Sent to UDP :42069
[18:55:24] [UDP TX #28991] Pos: (3296.55, 1533.62, 21.82) -> Sent to UDP :42069
[18:55:29] [UDP TX #29091] Pos: (3296.55, 1533.62, 21.82) -> Sent to UDP :42069
[18:55:34] [UDP TX #29191] Pos: (3296.55, 1533.62, 21.82) -> Sent to UDP :42069
[18:55:39] [UDP TX #29291] Pos: (3296.55, 1533.62, 21.82) -> Sent to UDP :42069
[18:55:44] [UDP TX #29391] Pos: (3296.55, 1533.62, 21.82) -> Sent to UDP :42069
[18:55:49] [UDP TX #29491] Pos: (3296.55, 1533.62, 21.82) -> Sent to UDP :42069
[18:55:54] [UDP TX #29591] Pos: (3296.55, 1533.62, 21.82) -> Sent to UDP :42069
[18:56:00] [UDP TX #29691] Pos: (3296.55, 1533.62, 21.82) -> Sent to UDP :42069
[18:56:05] [UDP TX #29791] Pos: (3296.55, 1533.62, 21.82) -> Sent to UDP :42069
[18:56:10] [UDP TX #29891] Pos: (3296.55, 1533.62, 21.82) -> Sent to UDP :42069
[18:56:15] [UDP TX #29991] Pos: (3296.55, 1533.62, 21.82) -> Sent to UDP :42069
[18:56:20] [UDP TX #30091] Pos: (3296.55, 1533.62, 21.82) -> Sent to UDP :42069
[18:56:25] [UDP TX #30191] Pos: (3296.55, 1533.62, 21.82) -> Sent to UDP :42069
[18:56:30] [UDP TX #30291] Pos: (3296.55, 1533.62, 21.82) -> Sent to UDP :42069
[18:56:35] [UDP TX #30391] Pos: (3296.55, 1533.62, 21.82) -> Sent to UDP :42069
[18:56:40] [UDP TX #30491] Pos: (3296.55, 1533.62, 21.82) -> Sent to UDP :42069
[18:56:45] [UDP TX #30591] Pos: (3296.55, 1533.62, 21.82) -> Sent to UDP :42069
[18:56:50] [UDP TX #30691] Pos: (3296.55, 1533.62, 21.82) -> Sent to UDP :42069
[18:56:55] [UDP TX #30791] Pos: (3296.55, 1533.62, 21.82) -> Sent to UDP :42069
[18:57:00] [UDP TX #30891] Pos: (3296.55, 1533.62, 21.82) -> Sent to UDP :42069
[18:57:05] [UDP TX #30991] Pos: (3296.55, 1533.62, 21.82) -> Sent to UDP :42069
[18:57:10] [UDP TX #31091] Pos: (3296.55, 1533.62, 21.82) -> Sent to UDP :42069
[18:57:15] [UDP TX #31191] Pos: (3296.55, 1533.62, 21.82) -> Sent to UDP :42069
[18:57:20] [UDP TX #31291] Pos: (3296.55, 1533.62, 21.82) -> Sent to UDP :42069
[18:57:25] [UDP TX #31391] Pos: (3296.55, 1533.62, 21.82) -> Sent to UDP :42069
[18:57:30] [UDP TX #31491] Pos: (3296.55, 1533.62, 21.82) -> Sent to UDP :42069
[18:57:35] [UDP TX #31591] Pos: (3296.55, 1533.62, 21.82) -> Sent to UDP :42069
[18:57:40] [UDP TX #31691] Pos: (3296.55, 1533.62, 21.82) -> Sent to UDP :42069
[18:57:45] [UDP TX #31791] Pos: (3296.55, 1533.62, 21.82) -> Sent to UDP :42069
[18:57:50] [UDP TX #31891] Pos: (3296.55, 1533.62, 21.82) -> Sent to UDP :42069
[18:57:55] [UDP TX #31991] Pos: (3296.55, 1533.62, 21.82) -> Sent to UDP :42069
[18:58:00] [UDP TX #32091] Pos: (3296.55, 1533.62, 21.82) -> Sent to UDP :42069
[18:58:05] [UDP TX #32191] Pos: (3296.55, 1533.62, 21.82) -> Sent to UDP :42069
[18:58:10] [UDP TX #32291] Pos: (3296.55, 1533.62, 21.82) -> Sent to UDP :42069
[18:58:15] [UDP TX #32391] Pos: (3296.55, 1533.62, 21.82) -> Sent to UDP :42069
[18:58:20] [UDP TX #32491] Pos: (3296.55, 1533.62, 21.82) -> Sent to UDP :42069
[18:58:25] [UDP TX #32591] Pos: (3296.55, 1533.62, 21.82) -> Sent to UDP :42069
[18:58:30] [UDP TX #32691] Pos: (3296.55, 1533.62, 21.82) -> Sent to UDP :42069
[18:58:35] [UDP TX #32791] Pos: (3296.55, 1533.62, 21.82) -> Sent to UDP :42069
[18:58:40] [UDP TX #32891] Pos: (3296.55, 1533.62, 21.82) -> Sent to UDP :42069
[18:58:45] [UDP TX #32991] Pos: (3296.55, 1533.62, 21.82) -> Sent to UDP :42069
[18:58:50] [UDP TX #33091] Pos: (3296.55, 1533.62, 21.82) -> Sent to UDP :42069
[18:58:55] [UDP TX #33191] Pos: (3296.55, 1533.62, 21.82) -> Sent to UDP :42069
[18:59:00] [UDP TX #33291] Pos: (3296.55, 1533.62, 21.82) -> Sent to UDP :42069
[18:59:05] [UDP TX #33391] Pos: (3296.55, 1533.62, 21.82) -> Sent to UDP :42069
[18:59:10] [UDP TX #33491] Pos: (3296.55, 1533.62, 21.82) -> Sent to UDP :42069
[18:59:15] [UDP TX #33591] Pos: (3296.55, 1533.62, 21.82) -> Sent to UDP :42069
[18:59:20] [UDP TX #33691] Pos: (3296.55, 1533.62, 21.82) -> Sent to UDP :42069
[18:59:25] [UDP TX #33791] Pos: (3296.55, 1533.62, 21.82) -> Sent to UDP :42069
[18:59:30] [SHUTDOWN] Detaching.
[18:59:39] [INIT] binkw32 proxy attached (PID: 356)
[18:59:41] =================================================
[18:59:41] Far Cry 2 Co-op Mod - Milestone 3: 3D Marker Overlay
[18:59:41] Keys: [F1] Scan A | [F2] Scan B | [F3] Toggle TX | [F4] Re-anchor Test Marker
[18:59:41] =================================================
[18:59:41] [NET-TX] Broadcast sender ready on UDP :42069
[18:59:41] [SUCCESS] Dunia.dll located at 0x10000000
[18:59:41] [NET-RX] Listening for remote partner packets on UDP :42070
[18:59:45] [D3D9] Setting up Direct3D9 vtable hook...
[18:59:45] [D3D9] Original EndScene: 0x79A4DD70 | Present: 0x79A4D9B0
[18:59:45] [MARKER] Initialized test marker 15m ahead at (0.0, 0.0, 1.0)
[18:59:45] [D3D9] EndScene + Present hooked successfully! 3D Waypoint overlay active.
[19:00:36] [F4] Re-anchored 3D Test Marker 15m ahead at (0.0, 0.0, 1.0)
[19:00:37] [F4] Re-anchored 3D Test Marker 15m ahead at (0.0, 0.0, 1.0)
[19:00:38] [F4] Re-anchored 3D Test Marker 15m ahead at (0.0, 0.0, 1.0)
[19:00:38] [F4] Re-anchored 3D Test Marker 15m ahead at (0.0, 0.0, 1.0)
[19:00:39] [F4] Re-anchored 3D Test Marker 15m ahead at (0.0, 0.0, 1.0)
[19:00:39] [F4] Re-anchored 3D Test Marker 15m ahead at (0.0, 0.0, 1.0)
[19:00:40] [F4] Re-anchored 3D Test Marker 15m ahead at (0.0, 0.0, 1.0)
[19:00:41] [F4] Re-anchored 3D Test Marker 15m ahead at (0.0, 0.0, 1.0)
[19:00:41] [F4] Re-anchored 3D Test Marker 15m ahead at (0.0, 0.0, 1.0)
[19:00:41] [F4] Re-anchored 3D Test Marker 15m ahead at (0.0, 0.0, 1.0)
[19:00:42] [F4] Re-anchored 3D Test Marker 15m ahead at (0.0, 0.0, 1.0)
[19:00:43] [F4] Re-anchored 3D Test Marker 15m ahead at (0.0, 0.0, 1.0)
[19:00:45] [F4] Re-anchored 3D Test Marker 15m ahead at (0.0, 0.0, 1.0)
[19:00:46] [F4] Re-anchored 3D Test Marker 15m ahead at (0.0, 0.0, 1.0)
[19:01:33] [F4] Re-anchored 3D Test Marker 15m ahead at (0.0, 0.0, 1.0)
[19:01:33] [F4] Re-anchored 3D Test Marker 15m ahead at (0.0, 0.0, 1.0)
[19:01:33] [F4] Re-anchored 3D Test Marker 15m ahead at (0.0, 0.0, 1.0)
[19:01:34] [F4] Re-anchored 3D Test Marker 15m ahead at (0.0, 0.0, 1.0)
[19:01:34] [F4] Re-anchored 3D Test Marker 15m ahead at (0.0, 0.0, 1.0)
[19:01:35] [F4] Re-anchored 3D Test Marker 15m ahead at (0.0, 0.0, 1.0)
[19:01:36] [F4] Re-anchored 3D Test Marker 15m ahead at (0.0, 0.0, 1.0)
[19:01:36] [F4] Re-anchored 3D Test Marker 15m ahead at (0.0, 0.0, 1.0)
[19:01:37] [F4] Re-anchored 3D Test Marker 15m ahead at (0.0, 0.0, 1.0)
[19:01:38] [F4] Re-anchored 3D Test Marker 15m ahead at (0.0, 0.0, 1.0)
[19:01:38] [F4] Re-anchored 3D Test Marker 15m ahead at (0.0, 0.0, 1.0)
[19:01:39] [F4] Re-anchored 3D Test Marker 15m ahead at (0.0, 0.0, 1.0)
[19:01:39] [F4] Re-anchored 3D Test Marker 15m ahead at (0.0, 0.0, 1.0)
[19:01:41] [F4] Re-anchored 3D Test Marker 15m ahead at (0.0, 0.0, 1.0)
[19:02:15] [F4] Re-anchored 3D Test Marker 15m ahead at (0.0, 0.0, 1.0)
[19:02:15] [F4] Re-anchored 3D Test Marker 15m ahead at (0.0, 0.0, 1.0)
[19:02:25] [F4] Re-anchored 3D Test Marker 15m ahead at (0.0, 0.0, 1.0)
[19:02:25] [F4] Re-anchored 3D Test Marker 15m ahead at (0.0, 0.0, 1.0)
[19:02:25] [F4] Re-anchored 3D Test Marker 15m ahead at (0.0, 0.0, 1.0)
[19:02:26] [F4] Re-anchored 3D Test Marker 15m ahead at (0.0, 0.0, 1.0)
[19:02:26] [F4] Re-anchored 3D Test Marker 15m ahead at (0.0, 0.0, 1.0)
[19:02:27] [F4] Re-anchored 3D Test Marker 15m ahead at (0.0, 0.0, 1.0)
[19:02:27] [F4] Re-anchored 3D Test Marker 15m ahead at (0.0, 0.0, 1.0)
[19:02:27] [F4] Re-anchored 3D Test Marker 15m ahead at (0.0, 0.0, 1.0)
[19:02:28] [F4] Re-anchored 3D Test Marker 15m ahead at (0.0, 0.0, 1.0)
[19:02:29] [F4] Re-anchored 3D Test Marker 15m ahead at (0.0, 0.0, 1.0)
[19:02:29] [F4] Re-anchored 3D Test Marker 15m ahead at (0.0, 0.0, 1.0)
[19:02:30] [F4] Re-anchored 3D Test Marker 15m ahead at (0.0, 0.0, 1.0)
[19:02:30] [F4] Re-anchored 3D Test Marker 15m ahead at (0.0, 0.0, 1.0)
[19:02:31] [F4] Re-anchored 3D Test Marker 15m ahead at (0.0, 0.0, 1.0)
[19:02:46] [F4] Re-anchored 3D Test Marker 15m ahead at (0.0, 0.0, 1.0)
[19:02:46] [F4] Re-anchored 3D Test Marker 15m ahead at (0.0, 0.0, 1.0)
[19:02:46] [F4] Re-anchored 3D Test Marker 15m ahead at (0.0, 0.0, 1.0)
[19:02:47] [F4] Re-anchored 3D Test Marker 15m ahead at (0.0, 0.0, 1.0)
[19:02:47] [F4] Re-anchored 3D Test Marker 15m ahead at (0.0, 0.0, 1.0)
[19:02:47] [F4] Re-anchored 3D Test Marker 15m ahead at (0.0, 0.0, 1.0)
[19:02:48] [F4] Re-anchored 3D Test Marker 15m ahead at (0.0, 0.0, 1.0)
[19:02:49] [F4] Re-anchored 3D Test Marker 15m ahead at (0.0, 0.0, 1.0)
[19:03:11] [F4] Re-anchored 3D Test Marker 15m ahead at (0.0, 0.0, 1.0)
[19:03:12] [F4] Re-anchored 3D Test Marker 15m ahead at (0.0, 0.0, 1.0)
[19:03:12] [F4] Re-anchored 3D Test Marker 15m ahead at (0.0, 0.0, 1.0)
[19:03:12] [F4] Re-anchored 3D Test Marker 15m ahead at (0.0, 0.0, 1.0)
[19:03:16] [F4] Re-anchored 3D Test Marker 15m ahead at (0.0, 0.0, 1.0)
[19:03:16] [F4] Re-anchored 3D Test Marker 15m ahead at (0.0, 0.0, 1.0)
[19:03:17] [F4] Re-anchored 3D Test Marker 15m ahead at (0.0, 0.0, 1.0)
[19:03:17] [F4] Re-anchored 3D Test Marker 15m ahead at (0.0, 0.0, 1.0)
[19:03:33] [F4] Re-anchored 3D Test Marker 15m ahead at (0.0, 0.0, 1.0)
[19:03:33] [F4] Re-anchored 3D Test Marker 15m ahead at (0.0, 0.0, 1.0)
[19:03:33] [F4] Re-anchored 3D Test Marker 15m ahead at (0.0, 0.0, 1.0)
[19:03:34] [F4] Re-anchored 3D Test Marker 15m ahead at (0.0, 0.0, 1.0)
[19:03:35] [F4] Re-anchored 3D Test Marker 15m ahead at (0.0, 0.0, 1.0)
[19:03:36] [F4] Re-anchored 3D Test Marker 15m ahead at (0.0, 0.0, 1.0)
[19:03:41] [F4] Re-anchored 3D Test Marker 15m ahead at (0.0, 0.0, 1.0)
[19:03:41] [F4] Re-anchored 3D Test Marker 15m ahead at (0.0, 0.0, 1.0)
[19:03:41] [F4] Re-anchored 3D Test Marker 15m ahead at (0.0, 0.0, 1.0)
[19:03:52] [F4] Re-anchored 3D Test Marker 15m ahead at (0.0, 0.0, 1.0)
[19:11:59] [SHUTDOWN] Proxy detaching.
[19:12:12] [INIT] binkw32 proxy attached (PID: 356)
[19:12:14] =================================================
[19:12:14] Far Cry 2 Co-op Mod - Milestone 3: 3D Marker Overlay (v2)
[19:12:14] Keys: [F4] Re-anchor Test Marker | [F3] Toggle TX
[19:12:14] =================================================
[19:12:14] [NET-TX] Broadcast sender ready on UDP :42069
[19:12:14] [SUCCESS] Dunia.dll located at 0x10000000
[19:12:14] [NET-RX] Listening for remote partner packets on UDP :42070
[19:12:18] [D3D9] Setting up Direct3D9 vtable hook...
[19:12:18] [D3D9] Original EndScene: 0x79A4DD70 | Present: 0x79A4D9B0
[19:12:18] [D3D9] Present hook active! Post-processing blur eliminated.
[19:12:26] [CAMERA-LOCK] Active camera found at 0x04279C6C: Pos (3317.3, 1518.6, 12.4) Screen 1024x1024
[19:12:26] [CAMERA-LOCK] Active camera found at 0x04279C6C: Pos (3317.3, 1518.6, 19.6) Screen 1920x1080
[19:12:28] [UDP TX #48] Pos: (3317.3, 1518.6, 19.6) -> Sent to UDP :42069
[19:12:30] [CAMERA-LOCK] Active camera found at 0x04279C6C: Pos (3317.3, 1518.6, 19.7) Screen 1920x1080
[19:12:32] [F4] Successfully anchored 3D marker 15m ahead at (3300.0, 1519.2, 19.2) from player (3314.8, 1517.5, 19.7)!
[19:12:32] [CAMERA-LOCK] Active camera found at 0x04279C6C: Pos (3314.8, 1517.5, 19.7) Screen 1920x1080
[19:12:33] [UDP TX #147] Pos: (3313.2, 1516.4, 19.7) -> Sent to UDP :42069
[19:12:34] [CAMERA-LOCK] Active camera found at 0x04279C6C: Pos (3309.8, 1516.9, 19.8) Screen 1920x1080
[19:12:36] [CAMERA-LOCK] Active camera found at 0x04279C6C: Pos (3301.6, 1518.3, 20.2) Screen 1920x1080
[19:12:39] [CAMERA-LOCK] Active camera found at 0x04279C6C: Pos (3299.4, 1517.5, 20.3) Screen 1920x1080
[19:12:39] [UDP TX #247] Pos: (3299.4, 1517.5, 20.3) -> Sent to UDP :42069
[19:12:41] [CAMERA-LOCK] Active camera found at 0x04279C6C: Pos (3298.8, 1520.9, 20.5) Screen 1920x1080
[19:12:43] [CAMERA-LOCK] Active camera found at 0x04279C6C: Pos (3304.4, 1519.8, 20.0) Screen 1920x1080
[19:12:44] [UDP TX #347] Pos: (3304.4, 1518.3, 20.0) -> Sent to UDP :42069
[19:12:45] [CAMERA-LOCK] Active camera found at 0x04279C6C: Pos (3304.4, 1518.3, 20.0) Screen 1920x1080
[19:12:47] [CAMERA-LOCK] Active camera found at 0x04279C6C: Pos (3304.5, 1518.4, 19.9) Screen 1920x1080
[19:12:49] [CAMERA-LOCK] Active camera found at 0x04279C6C: Pos (3304.4, 1518.3, 19.9) Screen 1920x1080
[19:12:49] [UDP TX #447] Pos: (3304.4, 1518.3, 19.9) -> Sent to UDP :42069
[19:12:51] [CAMERA-LOCK] Active camera found at 0x04279C6C: Pos (3304.6, 1517.2, 20.0) Screen 1920x1080
[19:12:53] [CAMERA-LOCK] Active camera found at 0x04279C6C: Pos (3304.7, 1516.2, 20.0) Screen 1920x1080
[19:12:54] [UDP TX #547] Pos: (3304.7, 1516.2, 20.0) -> Sent to UDP :42069
[19:12:55] [CAMERA-LOCK] Active camera found at 0x04279C6C: Pos (3304.7, 1516.2, 20.0) Screen 1920x1080
[19:12:57] [CAMERA-LOCK] Active camera found at 0x04279C6C: Pos (3304.7, 1516.2, 20.0) Screen 1920x1080
[19:12:59] [CAMERA-LOCK] Active camera found at 0x04279C6C: Pos (3304.7, 1516.2, 20.0) Screen 1920x1080
[19:12:59] [UDP TX #647] Pos: (3304.7, 1516.2, 20.0) -> Sent to UDP :42069
[19:13:01] [CAMERA-LOCK] Active camera found at 0x04279C6C: Pos (3304.7, 1516.2, 20.0) Screen 1920x1080
[19:13:03] [CAMERA-LOCK] Active camera found at 0x04279C6C: Pos (3304.7, 1516.2, 20.0) Screen 1920x1080
[19:13:04] [UDP TX #747] Pos: (3304.7, 1516.2, 20.0) -> Sent to UDP :42069
[19:13:05] [CAMERA-LOCK] Active camera found at 0x04279C6C: Pos (3304.7, 1516.2, 20.0) Screen 1920x1080
[19:13:07] [CAMERA-LOCK] Active camera found at 0x04279C6C: Pos (3304.7, 1516.2, 20.0) Screen 1920x1080
[19:13:09] [CAMERA-LOCK] Active camera found at 0x04279C6C: Pos (3304.7, 1516.2, 20.0) Screen 1920x1080
[19:13:09] [UDP TX #847] Pos: (3304.7, 1516.2, 20.0) -> Sent to UDP :42069
[19:13:11] [CAMERA-LOCK] Active camera found at 0x04279C6C: Pos (3303.9, 1516.2, 20.0) Screen 1920x1080
[19:13:13] [CAMERA-LOCK] Active camera found at 0x04279C6C: Pos (3298.5, 1519.6, 20.5) Screen 1920x1080
[19:13:14] [UDP TX #947] Pos: (3300.3, 1521.5, 20.3) -> Sent to UDP :42069
[19:13:15] [CAMERA-LOCK] Active camera found at 0x04279C6C: Pos (3303.3, 1520.2, 20.0) Screen 1920x1080
[19:13:17] [CAMERA-LOCK] Active camera found at 0x04279C6C: Pos (3303.2, 1516.2, 20.1) Screen 1920x1080
[19:13:19] [CAMERA-LOCK] Active camera found at 0x04279C6C: Pos (3303.2, 1516.1, 20.1) Screen 1920x1080
[19:13:19] [UDP TX #1047] Pos: (3303.2, 1516.1, 20.1) -> Sent to UDP :42069
[19:13:21] [CAMERA-LOCK] Active camera found at 0x04279C6C: Pos (3303.5, 1516.1, 20.1) Screen 1920x1080
[19:13:23] [CAMERA-LOCK] Active camera found at 0x04279C6C: Pos (3303.4, 1516.1, 20.2) Screen 1920x1080
[19:13:24] [UDP TX #1147] Pos: (3303.5, 1516.1, 20.2) -> Sent to UDP :42069
[19:13:25] [CAMERA-LOCK] Active camera found at 0x04279C6C: Pos (3303.5, 1516.1, 20.1) Screen 1920x1080
[19:13:27] [CAMERA-LOCK] Active camera found at 0x04279C6C: Pos (3303.6, 1516.3, 20.1) Screen 1920x1080
[19:13:29] [CAMERA-LOCK] Active camera found at 0x04279C6C: Pos (3303.3, 1516.8, 20.1) Screen 1920x1080
[19:13:29] [UDP TX #1247] Pos: (3303.3, 1516.8, 20.1) -> Sent to UDP :42069
[19:13:31] [CAMERA-LOCK] Active camera found at 0x04279C6C: Pos (3304.6, 1519.4, 12.0) Screen 1024x1024
[19:13:33] [CAMERA-LOCK] Active camera found at 0x04279C6C: Pos (3304.6, 1519.5, 20.0) Screen 1920x1080
[19:13:34] [UDP TX #1347] Pos: (3304.7, 1519.6, 20.0) -> Sent to UDP :42069
[19:13:35] [CAMERA-LOCK] Active camera found at 0x04279C6C: Pos (3304.6, 1519.5, 20.0) Screen 1920x1080
[19:13:37] [CAMERA-LOCK] Active camera found at 0x04279C6C: Pos (3305.0, 1518.0, 19.9) Screen 1920x1080
[19:13:39] [CAMERA-LOCK] Active camera found at 0x04279C6C: Pos (3300.3, 1517.4, 20.3) Screen 1920x1080
[19:13:39] [UDP TX #1447] Pos: (3300.3, 1517.4, 20.3) -> Sent to UDP :42069
[19:13:41] [CAMERA-LOCK] Active camera found at 0x04279C6C: Pos (3300.0, 1518.5, 19.6) Screen 1920x1080
[19:13:43] [CAMERA-LOCK] Active camera found at 0x04279C6C: Pos (3300.0, 1518.7, 19.5) Screen 1920x1080
[19:13:44] [UDP TX #1547] Pos: (3300.0, 1518.7, 19.5) -> Sent to UDP :42069
[19:13:45] [CAMERA-LOCK] Active camera found at 0x04279C6C: Pos (3300.2, 1517.9, 19.6) Screen 1920x1080
[19:13:47] [CAMERA-LOCK] Active camera found at 0x04279C6C: Pos (3299.2, 1520.1, 19.8) Screen 1920x1080
[19:13:49] [CAMERA-LOCK] Active camera found at 0x04279C6C: Pos (3298.5, 1516.5, 19.7) Screen 1920x1080
[19:13:49] [UDP TX #1647] Pos: (3298.5, 1516.5, 19.7) -> Sent to UDP :42069
[19:13:51] [CAMERA-LOCK] Active camera found at 0x04279C6C: Pos (3300.1, 1517.2, 19.6) Screen 1920x1080
[19:13:53] [CAMERA-LOCK] Active camera found at 0x04279C6C: Pos (3302.1, 1518.3, 19.6) Screen 1920x1080
[19:13:54] [UDP TX #1747] Pos: (3302.1, 1518.4, 19.6) -> Sent to UDP :42069
[19:13:55] [CAMERA-LOCK] Active camera found at 0x04279C6C: Pos (3302.2, 1518.4, 19.6) Screen 1920x1080
[19:13:57] [CAMERA-LOCK] Active camera found at 0x04279C6C: Pos (3302.1, 1518.1, 19.6) Screen 1920x1080
[19:13:59] [CAMERA-LOCK] Active camera found at 0x04279C6C: Pos (3301.5, 1518.7, 19.7) Screen 1920x1080
[19:13:59] [UDP TX #1847] Pos: (3301.5, 1518.7, 19.7) -> Sent to UDP :42069
[19:14:01] [CAMERA-LOCK] Active camera found at 0x04279C6C: Pos (3300.6, 1518.7, 19.5) Screen 1920x1080
[19:14:03] [CAMERA-LOCK] Active camera found at 0x04279C6C: Pos (3300.3, 1518.8, 19.5) Screen 1920x1080
[19:14:04] [UDP TX #1947] Pos: (3300.3, 1518.9, 19.5) -> Sent to UDP :42069
[19:14:05] [CAMERA-LOCK] Active camera found at 0x04279C6C: Pos (3300.3, 1518.9, 19.5) Screen 1920x1080
[19:14:07] [CAMERA-LOCK] Active camera found at 0x04279C6C: Pos (3300.3, 1518.9, 19.5) Screen 1920x1080
[19:14:09] [CAMERA-LOCK] Active camera found at 0x04279C6C: Pos (3300.6, 1518.7, 19.5) Screen 1920x1080
[19:14:09] [UDP TX #2047] Pos: (3300.6, 1518.7, 19.5) -> Sent to UDP :42069
[19:14:11] [CAMERA-LOCK] Active camera found at 0x04279C6C: Pos (3300.4, 1518.8, 19.5) Screen 1920x1080
[19:14:13] [CAMERA-LOCK] Active camera found at 0x04279C6C: Pos (3303.4, 1516.6, 19.5) Screen 1920x1080
[19:14:14] [UDP TX #2147] Pos: (3305.4, 1515.1, 19.3) -> Sent to UDP :42069
[19:14:15] [CAMERA-LOCK] Active camera found at 0x04279C6C: Pos (3307.4, 1513.6, 19.2) Screen 1920x1080
[19:14:17] [CAMERA-LOCK] Active camera found at 0x04279C6C: Pos (3305.3, 1515.1, 19.3) Screen 1920x1080
[19:14:19] [CAMERA-LOCK] Active camera found at 0x04279C6C: Pos (3301.2, 1518.1, 19.6) Screen 1920x1080
[19:14:19] [UDP TX #2247] Pos: (3301.2, 1518.1, 19.6) -> Sent to UDP :42069
[19:14:21] [CAMERA-LOCK] Active camera found at 0x04279C6C: Pos (3300.1, 1519.0, 19.5) Screen 1920x1080
[19:14:23] [CAMERA-LOCK] Active camera found at 0x04279C6C: Pos (3301.0, 1518.3, 19.6) Screen 1920x1080
[19:14:24] [UDP TX #2347] Pos: (3302.0, 1517.4, 19.6) -> Sent to UDP :42069
[19:14:25] [CAMERA-LOCK] Active camera found at 0x04279C6C: Pos (3304.0, 1515.9, 19.4) Screen 1920x1080
[19:14:27] [CAMERA-LOCK] Active camera found at 0x04279C6C: Pos (3305.0, 1515.2, 19.4) Screen 1920x1080
[19:14:29] [CAMERA-LOCK] Active camera found at 0x04279C6C: Pos (3305.0, 1515.2, 19.4) Screen 1920x1080
[19:14:29] [UDP TX #2447] Pos: (3305.0, 1515.2, 19.4) -> Sent to UDP :42069
[19:14:31] [CAMERA-LOCK] Active camera found at 0x04279C6C: Pos (3305.0, 1515.2, 19.4) Screen 1920x1080
[19:14:33] [CAMERA-LOCK] Active camera found at 0x04279C6C: Pos (3305.0, 1515.2, 19.4) Screen 1920x1080
[19:14:34] [UDP TX #2547] Pos: (3305.0, 1515.2, 19.4) -> Sent to UDP :42069
[19:14:35] [CAMERA-LOCK] Active camera found at 0x04279C6C: Pos (3305.0, 1515.2, 19.4) Screen 1920x1080
[19:14:37] [CAMERA-LOCK] Active camera found at 0x04279C6C: Pos (3305.0, 1515.2, 19.4) Screen 1920x1080
[19:14:39] [CAMERA-LOCK] Active camera found at 0x04279C6C: Pos (3305.0, 1515.2, 19.4) Screen 1920x1080
[19:14:39] [UDP TX #2647] Pos: (3305.0, 1515.2, 19.4) -> Sent to UDP :42069
[19:14:41] [CAMERA-LOCK] Active camera found at 0x04279C6C: Pos (3305.0, 1515.2, 19.4) Screen 1920x1080
[19:14:43] [CAMERA-LOCK] Active camera found at 0x04279C6C: Pos (3305.0, 1515.2, 19.4) Screen 1920x1080
[19:14:44] [UDP TX #2747] Pos: (3305.0, 1515.2, 19.4) -> Sent to UDP :42069
[19:14:45] [CAMERA-LOCK] Active camera found at 0x04279C6C: Pos (3305.0, 1515.2, 19.4) Screen 1920x1080
[19:14:47] [CAMERA-LOCK] Active camera found at 0x04279C6C: Pos (3305.0, 1515.2, 19.4) Screen 1920x1080
[19:14:49] [CAMERA-LOCK] Active camera found at 0x04279C6C: Pos (3305.0, 1515.2, 19.4) Screen 1920x1080
[19:14:49] [UDP TX #2847] Pos: (3305.0, 1515.2, 19.4) -> Sent to UDP :42069
[19:14:51] [CAMERA-LOCK] Active camera found at 0x04279C6C: Pos (3305.0, 1515.2, 19.4) Screen 1920x1080
[19:14:53] [CAMERA-LOCK] Active camera found at 0x04279C6C: Pos (3305.0, 1515.2, 19.4) Screen 1920x1080
[19:14:54] [UDP TX #2947] Pos: (3305.0, 1515.2, 19.4) -> Sent to UDP :42069
[19:14:55] [CAMERA-LOCK] Active camera found at 0x04279C6C: Pos (3305.0, 1515.2, 19.4) Screen 1920x1080
[19:14:57] [CAMERA-LOCK] Active camera found at 0x04279C6C: Pos (3305.0, 1515.2, 19.4) Screen 1920x1080
[19:14:59] [CAMERA-LOCK] Active camera found at 0x04279C6C: Pos (3305.0, 1515.2, 19.4) Screen 1920x1080
[19:14:59] [UDP TX #3047] Pos: (3305.0, 1515.2, 19.4) -> Sent to UDP :42069
[19:15:01] [CAMERA-LOCK] Active camera found at 0x04279C6C: Pos (3305.0, 1515.2, 19.4) Screen 1920x1080
[19:15:03] [CAMERA-LOCK] Active camera found at 0x04279C6C: Pos (3305.0, 1515.2, 19.4) Screen 1920x1080
[19:15:04] [UDP TX #3147] Pos: (3305.0, 1515.2, 19.4) -> Sent to UDP :42069
[19:15:05] [CAMERA-LOCK] Active camera found at 0x04279C6C: Pos (3305.0, 1515.2, 19.4) Screen 1920x1080
[19:15:07] [CAMERA-LOCK] Active camera found at 0x04279C6C: Pos (3305.0, 1515.2, 19.4) Screen 1920x1080
[19:15:09] [CAMERA-LOCK] Active camera found at 0x04279C6C: Pos (3305.0, 1515.2, 19.4) Screen 1920x1080
[19:15:09] [UDP TX #3247] Pos: (3305.0, 1515.2, 19.4) -> Sent to UDP :42069
[19:15:11] [CAMERA-LOCK] Active camera found at 0x04279C6C: Pos (3305.0, 1515.2, 19.4) Screen 1920x1080
[19:15:13] [CAMERA-LOCK] Active camera found at 0x04279C6C: Pos (3305.0, 1515.2, 19.4) Screen 1920x1080
[19:15:14] [UDP TX #3347] Pos: (3305.0, 1515.2, 19.4) -> Sent to UDP :42069
[19:15:15] [CAMERA-LOCK] Active camera found at 0x04279C6C: Pos (3305.0, 1515.2, 19.4) Screen 1920x1080
[19:15:17] [CAMERA-LOCK] Active camera found at 0x04279C6C: Pos (3305.0, 1515.2, 19.4) Screen 1920x1080
[19:15:19] [CAMERA-LOCK] Active camera found at 0x04279C6C: Pos (3305.0, 1515.2, 19.4) Screen 1920x1080
[19:15:19] [UDP TX #3447] Pos: (3305.0, 1515.2, 19.4) -> Sent to UDP :42069
[19:15:21] [CAMERA-LOCK] Active camera found at 0x04279C6C: Pos (3305.0, 1515.2, 19.4) Screen 1920x1080
[19:15:23] [CAMERA-LOCK] Active camera found at 0x04279C6C: Pos (3305.0, 1515.2, 19.4) Screen 1920x1080
[19:15:24] [UDP TX #3547] Pos: (3305.0, 1515.2, 19.4) -> Sent to UDP :42069
[19:15:25] [CAMERA-LOCK] Active camera found at 0x04279C6C: Pos (3305.0, 1515.2, 19.4) Screen 1920x1080
[19:15:27] [CAMERA-LOCK] Active camera found at 0x04279C6C: Pos (3305.0, 1515.2, 19.4) Screen 1920x1080
[19:15:29] [CAMERA-LOCK] Active camera found at 0x04279C6C: Pos (3305.0, 1515.2, 19.4) Screen 1920x1080
[19:15:29] [UDP TX #3647] Pos: (3305.0, 1515.2, 19.4) -> Sent to UDP :42069
[19:15:31] [CAMERA-LOCK] Active camera found at 0x04279C6C: Pos (3305.0, 1515.2, 19.4) Screen 1920x1080
[19:15:33] [CAMERA-LOCK] Active camera found at 0x04279C6C: Pos (3305.0, 1515.2, 19.4) Screen 1920x1080
[19:15:34] [UDP TX #3747] Pos: (3305.0, 1515.2, 19.4) -> Sent to UDP :42069
[19:15:35] [CAMERA-LOCK] Active camera found at 0x04279C6C: Pos (3305.0, 1515.2, 19.4) Screen 1920x1080
[19:15:37] [CAMERA-LOCK] Active camera found at 0x04279C6C: Pos (3305.0, 1515.2, 19.4) Screen 1920x1080
[19:15:39] [CAMERA-LOCK] Active camera found at 0x04279C6C: Pos (3305.0, 1515.2, 19.4) Screen 1920x1080
[19:15:39] [UDP TX #3847] Pos: (3305.0, 1515.2, 19.4) -> Sent to UDP :42069
[19:15:41] [CAMERA-LOCK] Active camera found at 0x04279C6C: Pos (3305.0, 1515.2, 19.4) Screen 1920x1080
[19:15:43] [CAMERA-LOCK] Active camera found at 0x04279C6C: Pos (3305.0, 1515.2, 19.4) Screen 1920x1080
[19:15:44] [UDP TX #3947] Pos: (3305.0, 1515.2, 19.4) -> Sent to UDP :42069
[19:15:45] [CAMERA-LOCK] Active camera found at 0x04279C6C: Pos (3305.0, 1515.2, 19.4) Screen 1920x1080
[19:15:47] [CAMERA-LOCK] Active camera found at 0x04279C6C: Pos (3305.0, 1515.2, 19.4) Screen 1920x1080
[19:15:49] [CAMERA-LOCK] Active camera found at 0x04279C6C: Pos (3305.0, 1515.2, 19.4) Screen 1920x1080
[19:15:49] [UDP TX #4047] Pos: (3305.0, 1515.2, 19.4) -> Sent to UDP :42069
[19:15:51] [CAMERA-LOCK] Active camera found at 0x04279C6C: Pos (3305.0, 1515.2, 19.4) Screen 1920x1080
[19:15:53] [CAMERA-LOCK] Active camera found at 0x04279C6C: Pos (3305.0, 1515.2, 19.4) Screen 1920x1080
[19:15:54] [UDP TX #4147] Pos: (3305.0, 1516.8, 19.4) -> Sent to UDP :42069
[19:15:55] [CAMERA-LOCK] Active camera found at 0x04279C6C: Pos (3304.9, 1517.2, 19.4) Screen 1920x1080
[19:15:57] [CAMERA-LOCK] Active camera found at 0x04279C6C: Pos (3304.9, 1517.2, 19.4) Screen 1920x1080
[19:15:59] [CAMERA-LOCK] Active camera found at 0x04279C6C: Pos (3305.0, 1517.3, 19.4) Screen 1920x1080
[19:15:59] [UDP TX #4247] Pos: (3305.0, 1517.3, 19.4) -> Sent to UDP :42069
[19:16:02] [CAMERA-LOCK] Active camera found at 0x04279C6C: Pos (3305.0, 1517.3, 19.4) Screen 1920x1080
[19:16:04] [CAMERA-LOCK] Active camera found at 0x04279C6C: Pos (3305.0, 1517.3, 19.4) Screen 1920x1080
[19:16:05] [UDP TX #4347] Pos: (3305.0, 1517.3, 19.4) -> Sent to UDP :42069
[19:16:06] [CAMERA-LOCK] Active camera found at 0x04279C6C: Pos (3305.0, 1517.3, 19.4) Screen 1920x1080
[19:16:08] [CAMERA-LOCK] Active camera found at 0x04279C6C: Pos (3305.0, 1517.3, 19.4) Screen 1920x1080
[19:16:10] [CAMERA-LOCK] Active camera found at 0x04279C6C: Pos (3305.0, 1517.3, 19.4) Screen 1920x1080
[19:16:10] [UDP TX #4447] Pos: (3305.0, 1517.3, 19.4) -> Sent to UDP :42069
[19:16:12] [CAMERA-LOCK] Active camera found at 0x04279C6C: Pos (3305.0, 1517.3, 19.4) Screen 1920x1080
[19:16:14] [CAMERA-LOCK] Active camera found at 0x04279C6C: Pos (3305.0, 1517.3, 19.4) Screen 1920x1080
[19:16:15] [UDP TX #4547] Pos: (3305.0, 1517.3, 19.4) -> Sent to UDP :42069
[19:16:16] [CAMERA-LOCK] Active camera found at 0x04279C6C: Pos (3305.0, 1517.3, 19.4) Screen 1920x1080
[19:16:18] [CAMERA-LOCK] Active camera found at 0x04279C6C: Pos (3305.0, 1517.3, 19.4) Screen 1920x1080
[19:16:20] [CAMERA-LOCK] Active camera found at 0x04279C6C: Pos (3305.0, 1517.3, 19.4) Screen 1920x1080
[19:16:20] [UDP TX #4647] Pos: (3305.0, 1517.3, 19.4) -> Sent to UDP :42069
[19:16:22] [CAMERA-LOCK] Active camera found at 0x04279C6C: Pos (3305.0, 1517.3, 19.4) Screen 1920x1080
[19:16:24] [CAMERA-LOCK] Active camera found at 0x04279C6C: Pos (3305.0, 1517.3, 19.4) Screen 1920x1080
[19:16:25] [UDP TX #4747] Pos: (3304.9, 1517.2, 19.4) -> Sent to UDP :42069
[19:16:26] [CAMERA-LOCK] Active camera found at 0x04279C6C: Pos (3304.9, 1517.2, 19.4) Screen 1920x1080
[19:16:28] [CAMERA-LOCK] Active camera found at 0x04279C6C: Pos (3304.9, 1517.2, 19.4) Screen 1920x1080
[19:16:30] [CAMERA-LOCK] Active camera found at 0x04279C6C: Pos (3304.9, 1517.2, 19.4) Screen 1920x1080
[19:16:30] [UDP TX #4847] Pos: (3304.9, 1517.2, 19.4) -> Sent to UDP :42069
[19:16:32] [CAMERA-LOCK] Active camera found at 0x04279C6C: Pos (3304.9, 1517.2, 19.4) Screen 1920x1080
[19:16:34] [CAMERA-LOCK] Active camera found at 0x04279C6C: Pos (3304.9, 1517.2, 19.4) Screen 1920x1080
[19:16:35] [UDP TX #4947] Pos: (3304.9, 1517.2, 19.4) -> Sent to UDP :42069
[19:16:36] [CAMERA-LOCK] Active camera found at 0x04279C6C: Pos (3304.9, 1517.2, 19.4) Screen 1920x1080
[19:16:38] [CAMERA-LOCK] Active camera found at 0x04279C6C: Pos (3304.9, 1517.2, 19.4) Screen 1920x1080
[19:16:40] [CAMERA-LOCK] Active camera found at 0x04279C6C: Pos (3304.9, 1517.2, 19.4) Screen 1920x1080
[19:16:40] [UDP TX #5047] Pos: (3304.9, 1517.2, 19.4) -> Sent to UDP :42069
[19:16:42] [CAMERA-LOCK] Active camera found at 0x04279C6C: Pos (3304.9, 1517.2, 19.4) Screen 1920x1080
[19:16:44] [CAMERA-LOCK] Active camera found at 0x04279C6C: Pos (3304.9, 1517.2, 19.4) Screen 1920x1080
[19:16:45] [UDP TX #5147] Pos: (3304.9, 1517.2, 19.4) -> Sent to UDP :42069
[19:16:46] [CAMERA-LOCK] Active camera found at 0x04279C6C: Pos (3304.9, 1517.2, 19.4) Screen 1920x1080
[19:16:48] [CAMERA-LOCK] Active camera found at 0x04279C6C: Pos (3304.9, 1517.2, 19.4) Screen 1920x1080
[19:16:50] [CAMERA-LOCK] Active camera found at 0x04279C6C: Pos (3304.9, 1517.2, 19.4) Screen 1920x1080
[19:16:50] [UDP TX #5247] Pos: (3304.9, 1517.2, 19.4) -> Sent to UDP :42069
[19:16:52] [CAMERA-LOCK] Active camera found at 0x04279C6C: Pos (3304.9, 1517.2, 19.4) Screen 1920x1080
[19:16:54] [CAMERA-LOCK] Active camera found at 0x04279C6C: Pos (3304.9, 1517.2, 19.4) Screen 1920x1080
[19:16:55] [UDP TX #5347] Pos: (3304.9, 1517.2, 19.4) -> Sent to UDP :42069
[19:16:56] [CAMERA-LOCK] Active camera found at 0x04279C6C: Pos (3304.9, 1517.2, 19.4) Screen 1920x1080
[19:16:58] [CAMERA-LOCK] Active camera found at 0x04279C6C: Pos (3304.9, 1517.2, 19.4) Screen 1920x1080
[19:17:00] [CAMERA-LOCK] Active camera found at 0x04279C6C: Pos (3305.0, 1517.2, 19.4) Screen 1920x1080
[19:17:00] [UDP TX #5447] Pos: (3305.0, 1517.2, 19.4) -> Sent to UDP :42069
[19:17:02] [CAMERA-LOCK] Active camera found at 0x04279C6C: Pos (3305.1, 1517.1, 19.4) Screen 1920x1080
[19:17:04] [CAMERA-LOCK] Active camera found at 0x04279C6C: Pos (3305.2, 1517.1, 19.4) Screen 1920x1080
[19:17:05] [UDP TX #5547] Pos: (3305.2, 1517.1, 19.4) -> Sent to UDP :42069
[19:17:06] [CAMERA-LOCK] Active camera found at 0x04279C6C: Pos (3305.2, 1517.1, 19.4) Screen 1920x1080
[19:17:08] [CAMERA-LOCK] Active camera found at 0x04279C6C: Pos (3305.2, 1517.2, 19.4) Screen 1920x1080
[19:17:10] [CAMERA-LOCK] Active camera found at 0x04279C6C: Pos (3305.0, 1517.3, 19.3) Screen 1920x1080
[19:17:10] [UDP TX #5647] Pos: (3305.0, 1517.3, 12.7) -> Sent to UDP :42069
[19:17:12] [CAMERA-LOCK] Active camera found at 0x04279C6C: Pos (3305.2, 1517.3, 19.4) Screen 1920x1080
[19:17:14] [CAMERA-LOCK] Active camera found at 0x04279C6C: Pos (3305.1, 1517.1, 19.4) Screen 1920x1080
[19:17:15] [UDP TX #5747] Pos: (3305.1, 1517.1, 19.2) -> Sent to UDP :42069
[19:17:16] [CAMERA-LOCK] Active camera found at 0x04279C6C: Pos (3305.0, 1517.1, 19.4) Screen 1920x1080
[19:17:18] [CAMERA-LOCK] Active camera found at 0x04279C6C: Pos (3305.1, 1517.1, 19.4) Screen 1920x1080
[19:17:20] [CAMERA-LOCK] Active camera found at 0x04279C6C: Pos (3305.2, 1517.1, 19.4) Screen 1920x1080
[19:17:20] [UDP TX #5847] Pos: (3305.2, 1517.1, 19.4) -> Sent to UDP :42069
[19:17:22] [CAMERA-LOCK] Active camera found at 0x04279C6C: Pos (3305.1, 1517.1, 19.4) Screen 1920x1080
[19:17:24] [CAMERA-LOCK] Active camera found at 0x04279C6C: Pos (3305.2, 1517.1, 12.6) Screen 1024x1024
[19:17:25] [UDP TX #5947] Pos: (3305.2, 1517.1, 19.4) -> Sent to UDP :42069
[19:17:26] [CAMERA-LOCK] Active camera found at 0x04279C6C: Pos (3305.2, 1517.1, 19.4) Screen 1920x1080
[19:17:28] [CAMERA-LOCK] Active camera found at 0x04279C6C: Pos (3305.1, 1517.3, 19.4) Screen 1920x1080
[19:17:30] [CAMERA-LOCK] Active camera found at 0x04279C6C: Pos (3301.3, 1518.4, 20.3) Screen 1920x1080
[19:17:30] [UDP TX #6047] Pos: (3301.3, 1518.4, 20.3) -> Sent to UDP :42069
[19:17:32] [CAMERA-LOCK] Active camera found at 0x04279C6C: Pos (3303.6, 1517.1, 20.1) Screen 1920x1080
[19:17:34] [CAMERA-LOCK] Active camera found at 0x04279C6C: Pos (3303.6, 1517.1, 20.1) Screen 1920x1080
[19:17:35] [UDP TX #6147] Pos: (3303.6, 1517.1, 20.1) -> Sent to UDP :42069
[19:17:36] [CAMERA-LOCK] Active camera found at 0x04279C6C: Pos (3303.6, 1517.1, 20.1) Screen 1920x1080
[19:17:38] [CAMERA-LOCK] Active camera found at 0x04279C6C: Pos (3303.6, 1517.1, 20.1) Screen 1920x1080
[19:17:40] [CAMERA-LOCK] Active camera found at 0x04279C6C: Pos (3303.6, 1517.1, 20.1) Screen 1920x1080
[19:17:40] [UDP TX #6247] Pos: (3303.6, 1517.1, 20.1) -> Sent to UDP :42069
[19:17:42] [CAMERA-LOCK] Active camera found at 0x04279C6C: Pos (3303.6, 1517.1, 20.1) Screen 1920x1080
[19:17:44] [CAMERA-LOCK] Active camera found at 0x04279C6C: Pos (3303.6, 1517.1, 20.1) Screen 1920x1080
[19:17:45] [UDP TX #6347] Pos: (3303.6, 1517.1, 20.1) -> Sent to UDP :42069
[19:17:46] [CAMERA-LOCK] Active camera found at 0x04279C6C: Pos (3303.6, 1517.1, 20.1) Screen 1920x1080
[19:17:48] [CAMERA-LOCK] Active camera found at 0x04279C6C: Pos (3303.6, 1517.1, 11.9) Screen 1024x1024
[19:17:50] [CAMERA-LOCK] Active camera found at 0x04279C6C: Pos (3303.6, 1517.1, 20.1) Screen 1920x1080
[19:17:50] [UDP TX #6447] Pos: (3303.6, 1517.1, 20.1) -> Sent to UDP :42069
[19:17:52] [CAMERA-LOCK] Active camera found at 0x04279C6C: Pos (3303.6, 1517.1, 20.1) Screen 1920x1080
[19:17:54] [CAMERA-LOCK] Active camera found at 0x04279C6C: Pos (3303.6, 1517.1, 20.1) Screen 1920x1080
[19:17:55] [UDP TX #6547] Pos: (3303.6, 1517.1, 20.1) -> Sent to UDP :42069
[19:17:56] [CAMERA-LOCK] Active camera found at 0x04279C6C: Pos (3303.6, 1517.1, 20.1) Screen 1920x1080
[19:17:58] [CAMERA-LOCK] Active camera found at 0x04279C6C: Pos (3303.6, 1517.1, 20.1) Screen 1920x1080
[19:18:00] [CAMERA-LOCK] Active camera found at 0x04279C6C: Pos (3303.6, 1517.1, 20.1) Screen 1920x1080
[19:18:00] [UDP TX #6647] Pos: (3303.6, 1517.1, 20.1) -> Sent to UDP :42069
[19:18:02] [CAMERA-LOCK] Active camera found at 0x04279C6C: Pos (3303.6, 1517.1, 20.1) Screen 1920x1080
[19:18:04] [CAMERA-LOCK] Active camera found at 0x04279C6C: Pos (3303.6, 1517.1, 20.1) Screen 1920x1080
[19:18:05] [UDP TX #6747] Pos: (3303.6, 1517.1, 20.1) -> Sent to UDP :42069
[19:18:06] [CAMERA-LOCK] Active camera found at 0x04279C6C: Pos (3303.6, 1517.1, 20.1) Screen 1920x1080
[19:18:08] [CAMERA-LOCK] Active camera found at 0x04279C6C: Pos (3303.6, 1517.1, 20.1) Screen 1920x1080
[19:18:10] [CAMERA-LOCK] Active camera found at 0x04279C6C: Pos (3303.6, 1517.1, 20.1) Screen 1920x1080
[19:18:10] [UDP TX #6847] Pos: (3303.6, 1517.1, 20.1) -> Sent to UDP :42069
[19:18:12] [CAMERA-LOCK] Active camera found at 0x04279C6C: Pos (3303.6, 1517.1, 20.1) Screen 1920x1080
[19:18:14] [CAMERA-LOCK] Active camera found at 0x04279C6C: Pos (3303.6, 1517.1, 20.1) Screen 1920x1080
[19:18:15] [UDP TX #6947] Pos: (3303.6, 1517.1, 11.9) -> Sent to UDP :42069
[19:18:16] [CAMERA-LOCK] Active camera found at 0x04279C6C: Pos (3303.6, 1517.1, 20.1) Screen 1920x1080
[19:18:18] [CAMERA-LOCK] Active camera found at 0x04279C6C: Pos (3303.6, 1517.1, 20.1) Screen 1920x1080
[19:18:20] [CAMERA-LOCK] Active camera found at 0x04279C6C: Pos (3303.6, 1517.1, 20.1) Screen 1920x1080
[19:18:20] [UDP TX #7047] Pos: (3303.6, 1517.1, 20.1) -> Sent to UDP :42069
[19:18:22] [CAMERA-LOCK] Active camera found at 0x04279C6C: Pos (3303.6, 1517.1, 20.1) Screen 1920x1080
[19:18:24] [CAMERA-LOCK] Active camera found at 0x04279C6C: Pos (3303.6, 1517.1, 20.1) Screen 1920x1080
[19:18:25] [UDP TX #7147] Pos: (3303.6, 1517.1, 20.1) -> Sent to UDP :42069
[19:18:26] [CAMERA-LOCK] Active camera found at 0x04279C6C: Pos (3303.6, 1517.1, 20.1) Screen 1920x1080
[19:18:28] [CAMERA-LOCK] Active camera found at 0x04279C6C: Pos (3303.6, 1517.1, 20.1) Screen 1920x1080
[19:18:30] [CAMERA-LOCK] Active camera found at 0x04279C6C: Pos (3303.6, 1517.1, 20.1) Screen 1920x1080
[19:18:30] [UDP TX #7247] Pos: (3303.6, 1517.1, 20.1) -> Sent to UDP :42069
[19:18:32] [CAMERA-LOCK] Active camera found at 0x04279C6C: Pos (3303.6, 1517.1, 20.1) Screen 1920x1080
[19:18:34] [CAMERA-LOCK] Active camera found at 0x04279C6C: Pos (3303.6, 1517.1, 20.1) Screen 1920x1080
[19:18:35] [UDP TX #7347] Pos: (3303.6, 1517.1, 20.1) -> Sent to UDP :42069
[19:18:36] [CAMERA-LOCK] Active camera found at 0x04279C6C: Pos (3303.6, 1517.1, 20.1) Screen 1920x1080
[19:18:38] [CAMERA-LOCK] Active camera found at 0x04279C6C: Pos (3303.6, 1517.1, 20.1) Screen 1920x1080
[19:18:40] [CAMERA-LOCK] Active camera found at 0x04279C6C: Pos (3303.6, 1517.1, 20.1) Screen 1920x1080
[19:18:40] [UDP TX #7447] Pos: (3303.6, 1517.1, 20.1) -> Sent to UDP :42069
[19:18:42] [CAMERA-LOCK] Active camera found at 0x04279C6C: Pos (3303.6, 1517.1, 20.1) Screen 1920x1080
[19:18:44] [CAMERA-LOCK] Active camera found at 0x04279C6C: Pos (3303.6, 1517.1, 20.1) Screen 1920x1080
[19:18:45] [UDP TX #7547] Pos: (3303.6, 1517.1, 20.1) -> Sent to UDP :42069
[19:18:46] [CAMERA-LOCK] Active camera found at 0x04279C6C: Pos (3303.6, 1517.0, 20.2) Screen 1920x1080
[19:18:48] [CAMERA-LOCK] Active camera found at 0x04279C6C: Pos (3303.6, 1516.8, 20.1) Screen 1920x1080
[19:18:50] [CAMERA-LOCK] Active camera found at 0x04279C6C: Pos (3303.6, 1516.8, 20.1) Screen 1920x1080
[19:18:50] [UDP TX #7647] Pos: (3303.6, 1516.8, 20.1) -> Sent to UDP :42069
[19:18:52] [CAMERA-LOCK] Active camera found at 0x04279C6C: Pos (3303.6, 1516.8, 20.1) Screen 1920x1080
[19:18:54] [CAMERA-LOCK] Active camera found at 0x04279C6C: Pos (3303.6, 1516.8, 20.1) Screen 1920x1080
[19:18:55] [UDP TX #7747] Pos: (3303.6, 1516.8, 20.1) -> Sent to UDP :42069
[19:18:56] [CAMERA-LOCK] Active camera found at 0x04279C6C: Pos (3303.6, 1516.8, 20.1) Screen 1920x1080
[19:18:58] [CAMERA-LOCK] Active camera found at 0x04279C6C: Pos (3303.6, 1516.8, 20.1) Screen 1920x1080
[19:19:00] [CAMERA-LOCK] Active camera found at 0x04279C6C: Pos (3303.6, 1516.8, 20.1) Screen 1920x1080
[19:19:00] [UDP TX #7847] Pos: (3303.6, 1516.8, 20.1) -> Sent to UDP :42069
[19:19:02] [CAMERA-LOCK] Active camera found at 0x04279C6C: Pos (3303.6, 1516.8, 20.1) Screen 1920x1080
[19:19:04] [CAMERA-LOCK] Active camera found at 0x04279C6C: Pos (3303.6, 1516.8, 20.1) Screen 1920x1080
[19:19:05] [UDP TX #7947] Pos: (3303.6, 1516.8, 20.1) -> Sent to UDP :42069
[19:19:06] [CAMERA-LOCK] Active camera found at 0x04279C6C: Pos (3303.6, 1516.8, 20.1) Screen 1920x1080
[19:19:08] [CAMERA-LOCK] Active camera found at 0x04279C6C: Pos (3303.6, 1516.8, 20.1) Screen 1920x1080
[19:19:10] [CAMERA-LOCK] Active camera found at 0x04279C6C: Pos (3303.6, 1516.8, 20.1) Screen 1920x1080
[19:19:10] [UDP TX #8047] Pos: (3303.6, 1516.8, 20.1) -> Sent to UDP :42069
[19:19:12] [CAMERA-LOCK] Active camera found at 0x04279C6C: Pos (3303.6, 1516.8, 20.1) Screen 1920x1080
[19:19:14] [CAMERA-LOCK] Active camera found at 0x04279C6C: Pos (3303.6, 1516.8, 20.1) Screen 1920x1080
[19:19:15] [UDP TX #8147] Pos: (3303.6, 1516.8, 20.1) -> Sent to UDP :42069
[19:19:16] [CAMERA-LOCK] Active camera found at 0x04279C6C: Pos (3303.6, 1516.8, 20.1) Screen 1920x1080
[19:19:18] [CAMERA-LOCK] Active camera found at 0x04279C6C: Pos (3303.6, 1516.8, 20.1) Screen 1920x1080
[19:19:20] [CAMERA-LOCK] Active camera found at 0x04279C6C: Pos (3303.6, 1516.8, 20.1) Screen 1920x1080
[19:19:20] [UDP TX #8247] Pos: (3303.6, 1516.8, 20.1) -> Sent to UDP :42069
[19:19:22] [CAMERA-LOCK] Active camera found at 0x04279C6C: Pos (3303.6, 1516.8, 20.1) Screen 1920x1080
[19:19:24] [CAMERA-LOCK] Active camera found at 0x04279C6C: Pos (3303.6, 1516.8, 20.1) Screen 1920x1080
[19:19:25] [UDP TX #8347] Pos: (3303.6, 1516.8, 20.1) -> Sent to UDP :42069
[19:19:26] [CAMERA-LOCK] Active camera found at 0x04279C6C: Pos (3303.6, 1516.8, 20.1) Screen 1920x1080
[19:19:28] [CAMERA-LOCK] Active camera found at 0x04279C6C: Pos (3303.6, 1516.8, 20.1) Screen 1920x1080
[19:19:30] [CAMERA-LOCK] Active camera found at 0x04279C6C: Pos (3303.6, 1516.8, 20.1) Screen 1920x1080
[19:19:30] [UDP TX #8447] Pos: (3303.6, 1516.8, 20.1) -> Sent to UDP :42069
[19:19:33] [CAMERA-LOCK] Active camera found at 0x04279C6C: Pos (3303.6, 1516.8, 20.1) Screen 1920x1080
[19:19:35] [CAMERA-LOCK] Active camera found at 0x04279C6C: Pos (3303.6, 1516.8, 20.1) Screen 1920x1080
[19:19:36] [UDP TX #8547] Pos: (3303.6, 1516.8, 20.1) -> Sent to UDP :42069
[19:19:37] [CAMERA-LOCK] Active camera found at 0x04279C6C: Pos (3303.6, 1516.8, 20.1) Screen 1920x1080
[19:19:39] [CAMERA-LOCK] Active camera found at 0x04279C6C: Pos (3303.6, 1516.8, 20.1) Screen 1920x1080
[19:19:41] [CAMERA-LOCK] Active camera found at 0x04279C6C: Pos (3303.6, 1516.8, 20.1) Screen 1920x1080
[19:19:41] [UDP TX #8647] Pos: (3303.6, 1516.8, 20.1) -> Sent to UDP :42069
[19:19:43] [CAMERA-LOCK] Active camera found at 0x04279C6C: Pos (3303.6, 1516.8, 20.1) Screen 1920x1080
[19:19:45] [CAMERA-LOCK] Active camera found at 0x04279C6C: Pos (3303.6, 1516.8, 20.1) Screen 1920x1080
[19:19:46] [UDP TX #8747] Pos: (3303.6, 1516.8, 20.1) -> Sent to UDP :42069
[19:19:47] [CAMERA-LOCK] Active camera found at 0x04279C6C: Pos (3303.6, 1516.8, 20.1) Screen 1920x1080
[19:19:49] [CAMERA-LOCK] Active camera found at 0x04279C6C: Pos (3303.6, 1516.8, 20.1) Screen 1920x1080
[19:19:51] [CAMERA-LOCK] Active camera found at 0x04279C6C: Pos (3303.6, 1516.8, 20.1) Screen 1920x1080
[19:19:51] [UDP TX #8847] Pos: (3303.6, 1516.8, 20.1) -> Sent to UDP :42069
[19:19:53] [CAMERA-LOCK] Active camera found at 0x04279C6C: Pos (3303.6, 1516.8, 20.1) Screen 1920x1080
[19:19:55] [CAMERA-LOCK] Active camera found at 0x04279C6C: Pos (3303.6, 1516.8, 20.1) Screen 1920x1080
[19:19:56] [UDP TX #8947] Pos: (3303.6, 1516.8, 20.1) -> Sent to UDP :42069
[19:19:57] [CAMERA-LOCK] Active camera found at 0x04279C6C: Pos (3303.6, 1516.8, 20.1) Screen 1920x1080
[19:19:59] [CAMERA-LOCK] Active camera found at 0x04279C6C: Pos (3303.6, 1516.8, 20.1) Screen 1920x1080
[19:20:01] [CAMERA-LOCK] Active camera found at 0x04279C6C: Pos (3303.6, 1516.8, 20.1) Screen 1920x1080
[19:20:01] [UDP TX #9047] Pos: (3303.6, 1516.8, 20.1) -> Sent to UDP :42069
[19:20:03] [CAMERA-LOCK] Active camera found at 0x04279C6C: Pos (3303.6, 1516.8, 20.1) Screen 1920x1080
[19:20:05] [CAMERA-LOCK] Active camera found at 0x04279C6C: Pos (3303.6, 1516.8, 20.1) Screen 1920x1080
[19:20:06] [UDP TX #9147] Pos: (3303.6, 1516.8, 20.1) -> Sent to UDP :42069
[19:20:07] [CAMERA-LOCK] Active camera found at 0x04279C6C: Pos (3303.6, 1516.8, 20.1) Screen 1920x1080
[19:20:09] [CAMERA-LOCK] Active camera found at 0x04279C6C: Pos (3303.6, 1516.8, 20.1) Screen 1920x1080
[19:20:11] [CAMERA-LOCK] Active camera found at 0x04279C6C: Pos (3303.6, 1516.8, 20.1) Screen 1920x1080
[19:20:11] [UDP TX #9247] Pos: (3303.6, 1516.8, 20.1) -> Sent to UDP :42069
[19:20:13] [CAMERA-LOCK] Active camera found at 0x04279C6C: Pos (3303.6, 1516.8, 20.1) Screen 1920x1080
[19:20:15] [CAMERA-LOCK] Active camera found at 0x04279C6C: Pos (3303.6, 1516.8, 20.1) Screen 1920x1080
[19:20:16] [UDP TX #9347] Pos: (3303.6, 1516.8, 20.1) -> Sent to UDP :42069
[19:20:17] [CAMERA-LOCK] Active camera found at 0x04279C6C: Pos (3303.6, 1516.8, 20.1) Screen 1920x1080
[19:20:19] [CAMERA-LOCK] Active camera found at 0x04279C6C: Pos (3303.6, 1516.8, 20.1) Screen 1920x1080
[19:20:21] [CAMERA-LOCK] Active camera found at 0x04279C6C: Pos (3303.6, 1516.8, 20.1) Screen 1920x1080
[19:20:21] [UDP TX #9447] Pos: (3303.6, 1516.8, 20.1) -> Sent to UDP :42069
[19:20:23] [CAMERA-LOCK] Active camera found at 0x04279C6C: Pos (3303.6, 1516.8, 20.1) Screen 1920x1080
[19:20:25] [CAMERA-LOCK] Active camera found at 0x04279C6C: Pos (3303.6, 1516.8, 20.1) Screen 1920x1080
[19:20:26] [UDP TX #9547] Pos: (3303.6, 1516.8, 20.1) -> Sent to UDP :42069
[19:20:27] [CAMERA-LOCK] Active camera found at 0x04279C6C: Pos (3303.6, 1516.8, 20.1) Screen 1920x1080
[19:20:29] [CAMERA-LOCK] Active camera found at 0x04279C6C: Pos (3303.6, 1516.8, 20.1) Screen 1920x1080
[19:20:31] [CAMERA-LOCK] Active camera found at 0x04279C6C: Pos (3303.6, 1516.8, 20.1) Screen 1920x1080
[19:20:31] [UDP TX #9647] Pos: (3303.6, 1516.8, 20.1) -> Sent to UDP :42069
[19:20:33] [CAMERA-LOCK] Active camera found at 0x04279C6C: Pos (3303.6, 1516.8, 20.1) Screen 1920x1080
[19:20:35] [CAMERA-LOCK] Active camera found at 0x04279C6C: Pos (3303.6, 1516.8, 20.1) Screen 1920x1080
[19:20:36] [UDP TX #9747] Pos: (3303.6, 1516.8, 20.1) -> Sent to UDP :42069
[19:20:37] [CAMERA-LOCK] Active camera found at 0x04279C6C: Pos (3303.6, 1516.8, 20.1) Screen 1920x1080
[19:20:39] [CAMERA-LOCK] Active camera found at 0x04279C6C: Pos (3303.6, 1516.8, 20.1) Screen 1920x1080
[19:20:41] [CAMERA-LOCK] Active camera found at 0x04279C6C: Pos (3303.6, 1516.8, 20.1) Screen 1920x1080
[19:20:41] [UDP TX #9847] Pos: (3303.6, 1516.8, 20.1) -> Sent to UDP :42069
[19:20:43] [CAMERA-LOCK] Active camera found at 0x04279C6C: Pos (3303.6, 1516.8, 20.1) Screen 1920x1080
[19:20:45] [CAMERA-LOCK] Active camera found at 0x04279C6C: Pos (3303.6, 1516.8, 20.1) Screen 1920x1080
[19:20:46] [UDP TX #9947] Pos: (3303.6, 1516.8, 20.1) -> Sent to UDP :42069
[19:20:47] [CAMERA-LOCK] Active camera found at 0x04279C6C: Pos (3303.6, 1516.8, 20.1) Screen 1920x1080
[19:20:49] [CAMERA-LOCK] Active camera found at 0x04279C6C: Pos (3303.6, 1516.8, 20.1) Screen 1920x1080
[19:20:51] [CAMERA-LOCK] Active camera found at 0x04279C6C: Pos (3303.6, 1516.8, 20.1) Screen 1920x1080
[19:20:51] [UDP TX #10047] Pos: (3303.6, 1516.8, 20.1) -> Sent to UDP :42069
[19:20:53] [CAMERA-LOCK] Active camera found at 0x04279C6C: Pos (3303.6, 1516.8, 20.1) Screen 1920x1080
[19:20:55] [CAMERA-LOCK] Active camera found at 0x04279C6C: Pos (3303.6, 1516.8, 20.1) Screen 1920x1080
[19:20:56] [UDP TX #10147] Pos: (3303.6, 1516.8, 20.1) -> Sent to UDP :42069
[19:20:57] [CAMERA-LOCK] Active camera found at 0x04279C6C: Pos (3303.6, 1516.8, 20.1) Screen 1920x1080
[19:20:59] [CAMERA-LOCK] Active camera found at 0x04279C6C: Pos (3303.6, 1516.8, 20.1) Screen 1920x1080
[19:21:01] [CAMERA-LOCK] Active camera found at 0x04279C6C: Pos (3303.6, 1516.8, 20.1) Screen 1920x1080
[19:21:01] [UDP TX #10247] Pos: (3303.6, 1516.8, 20.1) -> Sent to UDP :42069
[19:21:03] [CAMERA-LOCK] Active camera found at 0x04279C6C: Pos (3303.6, 1516.8, 20.1) Screen 1920x1080
[19:21:05] [CAMERA-LOCK] Active camera found at 0x04279C6C: Pos (3303.6, 1516.8, 20.1) Screen 1920x1080
[19:21:06] [UDP TX #10347] Pos: (3303.6, 1516.8, 20.1) -> Sent to UDP :42069
[19:21:07] [CAMERA-LOCK] Active camera found at 0x04279C6C: Pos (3303.6, 1516.8, 20.1) Screen 1920x1080
[19:21:09] [CAMERA-LOCK] Active camera found at 0x04279C6C: Pos (3303.6, 1516.8, 20.1) Screen 1920x1080
[19:21:11] [CAMERA-LOCK] Active camera found at 0x04279C6C: Pos (3303.6, 1516.8, 20.1) Screen 1920x1080
[19:21:11] [UDP TX #10447] Pos: (3303.6, 1516.8, 20.1) -> Sent to UDP :42069
[19:21:13] [CAMERA-LOCK] Active camera found at 0x04279C6C: Pos (3303.6, 1516.8, 20.1) Screen 1920x1080
[19:21:15] [CAMERA-LOCK] Active camera found at 0x04279C6C: Pos (3303.6, 1516.8, 20.1) Screen 1920x1080
[19:21:16] [UDP TX #10547] Pos: (3303.6, 1516.8, 20.1) -> Sent to UDP :42069
[19:21:17] [CAMERA-LOCK] Active camera found at 0x04279C6C: Pos (3303.6, 1516.8, 20.1) Screen 1920x1080
[19:21:19] [CAMERA-LOCK] Active camera found at 0x04279C6C: Pos (3303.6, 1516.8, 20.1) Screen 1920x1080
[19:21:21] [CAMERA-LOCK] Active camera found at 0x04279C6C: Pos (3303.6, 1516.8, 20.1) Screen 1920x1080
[19:21:21] [UDP TX #10647] Pos: (3303.6, 1516.8, 20.1) -> Sent to UDP :42069
[19:21:23] [CAMERA-LOCK] Active camera found at 0x04279C6C: Pos (3303.6, 1516.8, 20.1) Screen 1920x1080
[19:21:25] [CAMERA-LOCK] Active camera found at 0x04279C6C: Pos (3303.6, 1516.8, 20.1) Screen 1920x1080
[19:21:26] [UDP TX #10747] Pos: (3303.6, 1516.8, 20.1) -> Sent to UDP :42069
[19:21:27] [CAMERA-LOCK] Active camera found at 0x04279C6C: Pos (3303.6, 1516.8, 20.1) Screen 1920x1080
[19:21:29] [CAMERA-LOCK] Active camera found at 0x04279C6C: Pos (3303.6, 1516.8, 20.1) Screen 1920x1080
[19:21:31] [CAMERA-LOCK] Active camera found at 0x04279C6C: Pos (3303.6, 1516.8, 20.1) Screen 1920x1080
[19:21:31] [UDP TX #10847] Pos: (3303.6, 1516.8, 20.1) -> Sent to UDP :42069
[19:21:33] [CAMERA-LOCK] Active camera found at 0x04279C6C: Pos (3303.6, 1516.8, 20.1) Screen 1920x1080
[19:21:35] [CAMERA-LOCK] Active camera found at 0x04279C6C: Pos (3303.6, 1516.8, 20.1) Screen 1920x1080
[19:21:36] [UDP TX #10947] Pos: (3303.6, 1516.8, 20.1) -> Sent to UDP :42069
[19:21:37] [CAMERA-LOCK] Active camera found at 0x04279C6C: Pos (3303.6, 1516.8, 20.1) Screen 1920x1080
[19:21:39] [CAMERA-LOCK] Active camera found at 0x04279C6C: Pos (3303.6, 1516.8, 20.1) Screen 1920x1080
[19:21:41] [CAMERA-LOCK] Active camera found at 0x04279C6C: Pos (3303.6, 1516.8, 20.1) Screen 1920x1080
[19:21:41] [UDP TX #11047] Pos: (3303.6, 1516.8, 20.1) -> Sent to UDP :42069
[19:21:43] [CAMERA-LOCK] Active camera found at 0x04279C6C: Pos (3303.6, 1516.8, 20.1) Screen 1920x1080
[19:21:45] [CAMERA-LOCK] Active camera found at 0x04279C6C: Pos (3303.6, 1516.8, 20.1) Screen 1920x1080
[19:21:46] [UDP TX #11147] Pos: (3303.6, 1516.8, 20.1) -> Sent to UDP :42069
[19:21:47] [CAMERA-LOCK] Active camera found at 0x04279C6C: Pos (3303.6, 1516.8, 20.1) Screen 1920x1080
[19:21:49] [CAMERA-LOCK] Active camera found at 0x04279C6C: Pos (3303.6, 1516.8, 20.1) Screen 1920x1080
[19:21:51] [CAMERA-LOCK] Active camera found at 0x04279C6C: Pos (3303.6, 1516.8, 20.1) Screen 1920x1080
[19:21:51] [UDP TX #11247] Pos: (3303.6, 1516.8, 20.1) -> Sent to UDP :42069
[19:21:53] [CAMERA-LOCK] Active camera found at 0x04279C6C: Pos (3303.6, 1516.8, 20.1) Screen 1920x1080
[19:21:55] [CAMERA-LOCK] Active camera found at 0x04279C6C: Pos (3303.6, 1516.8, 20.1) Screen 1920x1080
[19:21:56] [UDP TX #11347] Pos: (3303.6, 1516.8, 20.1) -> Sent to UDP :42069
[19:21:57] [CAMERA-LOCK] Active camera found at 0x04279C6C: Pos (3303.6, 1516.8, 20.1) Screen 1920x1080
[19:21:59] [CAMERA-LOCK] Active camera found at 0x04279C6C: Pos (3303.6, 1516.8, 20.1) Screen 1920x1080
[19:22:01] [CAMERA-LOCK] Active camera found at 0x04279C6C: Pos (3303.6, 1516.8, 20.1) Screen 1920x1080
[19:22:01] [UDP TX #11447] Pos: (3303.6, 1516.8, 20.1) -> Sent to UDP :42069
[19:22:03] [CAMERA-LOCK] Active camera found at 0x04279C6C: Pos (3303.6, 1516.8, 20.1) Screen 1920x1080
[19:22:05] [CAMERA-LOCK] Active camera found at 0x04279C6C: Pos (3303.6, 1516.8, 20.1) Screen 1920x1080
[19:22:06] [UDP TX #11547] Pos: (3303.6, 1516.8, 20.1) -> Sent to UDP :42069
[19:22:07] [CAMERA-LOCK] Active camera found at 0x04279C6C: Pos (3303.6, 1516.8, 20.1) Screen 1920x1080
[19:22:09] [CAMERA-LOCK] Active camera found at 0x04279C6C: Pos (3303.6, 1516.8, 20.1) Screen 1920x1080
[19:22:11] [CAMERA-LOCK] Active camera found at 0x04279C6C: Pos (3303.6, 1516.8, 20.1) Screen 1920x1080
[19:22:11] [UDP TX #11647] Pos: (3303.6, 1516.8, 20.1) -> Sent to UDP :42069
[19:22:13] [CAMERA-LOCK] Active camera found at 0x04279C6C: Pos (3303.6, 1516.8, 20.1) Screen 1920x1080
[19:22:15] [CAMERA-LOCK] Active camera found at 0x04279C6C: Pos (3303.6, 1516.8, 20.1) Screen 1920x1080
[19:22:16] [UDP TX #11747] Pos: (3303.6, 1516.8, 20.1) -> Sent to UDP :42069
[19:22:17] [CAMERA-LOCK] Active camera found at 0x04279C6C: Pos (3303.6, 1516.8, 20.1) Screen 1920x1080
[19:22:19] [CAMERA-LOCK] Active camera found at 0x04279C6C: Pos (3303.6, 1516.8, 20.1) Screen 1920x1080
[19:22:21] [CAMERA-LOCK] Active camera found at 0x04279C6C: Pos (3303.6, 1516.8, 20.1) Screen 1920x1080
[19:22:21] [UDP TX #11847] Pos: (3303.6, 1516.8, 20.1) -> Sent to UDP :42069
[19:22:23] [CAMERA-LOCK] Active camera found at 0x04279C6C: Pos (3303.6, 1516.8, 20.1) Screen 1920x1080
[19:22:25] [CAMERA-LOCK] Active camera found at 0x04279C6C: Pos (3303.6, 1516.8, 20.1) Screen 1920x1080
[19:22:26] [UDP TX #11947] Pos: (3303.6, 1516.8, 20.1) -> Sent to UDP :42069
[19:22:27] [CAMERA-LOCK] Active camera found at 0x04279C6C: Pos (3303.6, 1516.8, 20.1) Screen 1920x1080
[19:22:29] [CAMERA-LOCK] Active camera found at 0x04279C6C: Pos (3303.6, 1516.8, 20.1) Screen 1920x1080
[19:22:31] [CAMERA-LOCK] Active camera found at 0x04279C6C: Pos (3303.6, 1516.8, 20.1) Screen 1920x1080
[19:22:31] [UDP TX #12047] Pos: (3303.6, 1516.8, 20.1) -> Sent to UDP :42069
[19:22:33] [CAMERA-LOCK] Active camera found at 0x04279C6C: Pos (3303.6, 1516.8, 20.1) Screen 1920x1080
[19:22:35] [CAMERA-LOCK] Active camera found at 0x04279C6C: Pos (3303.6, 1516.8, 20.1) Screen 1920x1080
[19:22:36] [UDP TX #12147] Pos: (3303.6, 1516.8, 20.1) -> Sent to UDP :42069
[19:22:37] [CAMERA-LOCK] Active camera found at 0x04279C6C: Pos (3303.6, 1516.8, 20.1) Screen 1920x1080
[19:22:39] [CAMERA-LOCK] Active camera found at 0x04279C6C: Pos (3303.6, 1516.8, 20.1) Screen 1920x1080
[19:22:41] [CAMERA-LOCK] Active camera found at 0x04279C6C: Pos (3303.6, 1516.8, 20.1) Screen 1920x1080
[19:22:41] [UDP TX #12247] Pos: (3303.6, 1516.8, 20.1) -> Sent to UDP :42069
[19:22:43] [CAMERA-LOCK] Active camera found at 0x04279C6C: Pos (3303.6, 1516.8, 20.1) Screen 1920x1080
[19:22:45] [CAMERA-LOCK] Active camera found at 0x04279C6C: Pos (3303.6, 1516.8, 20.1) Screen 1920x1080
[19:22:46] [UDP TX #12347] Pos: (3303.6, 1516.8, 20.1) -> Sent to UDP :42069
[19:22:47] [CAMERA-LOCK] Active camera found at 0x04279C6C: Pos (3303.6, 1516.8, 20.1) Screen 1920x1080
[19:22:49] [CAMERA-LOCK] Active camera found at 0x04279C6C: Pos (3303.6, 1516.8, 20.1) Screen 1920x1080
[19:22:51] [CAMERA-LOCK] Active camera found at 0x04279C6C: Pos (3303.6, 1516.8, 20.1) Screen 1920x1080
[19:22:51] [UDP TX #12447] Pos: (3303.6, 1516.8, 20.1) -> Sent to UDP :42069
[19:22:53] [CAMERA-LOCK] Active camera found at 0x04279C6C: Pos (3303.6, 1516.8, 20.1) Screen 1920x1080
[19:22:55] [CAMERA-LOCK] Active camera found at 0x04279C6C: Pos (3303.6, 1516.8, 20.1) Screen 1920x1080
[19:22:56] [UDP TX #12547] Pos: (3303.6, 1516.8, 20.1) -> Sent to UDP :42069
[19:22:57] [CAMERA-LOCK] Active camera found at 0x04279C6C: Pos (3303.6, 1516.8, 20.1) Screen 1920x1080
[19:22:59] [CAMERA-LOCK] Active camera found at 0x04279C6C: Pos (3303.6, 1516.8, 20.1) Screen 1920x1080
[19:23:01] [CAMERA-LOCK] Active camera found at 0x04279C6C: Pos (3303.6, 1516.8, 20.1) Screen 1920x1080
[19:23:01] [UDP TX #12647] Pos: (3303.6, 1516.8, 20.1) -> Sent to UDP :42069
[19:23:03] [CAMERA-LOCK] Active camera found at 0x04279C6C: Pos (3303.6, 1516.8, 20.1) Screen 1920x1080
[19:23:05] [CAMERA-LOCK] Active camera found at 0x04279C6C: Pos (3303.6, 1516.8, 20.1) Screen 1920x1080
[19:23:06] [UDP TX #12747] Pos: (3303.6, 1516.8, 20.1) -> Sent to UDP :42069
[19:23:07] [CAMERA-LOCK] Active camera found at 0x04279C6C: Pos (3303.6, 1516.8, 20.1) Screen 1920x1080
[19:23:09] [CAMERA-LOCK] Active camera found at 0x04279C6C: Pos (3303.6, 1516.8, 20.1) Screen 1920x1080
[19:23:11] [CAMERA-LOCK] Active camera found at 0x04279C6C: Pos (3303.6, 1516.8, 20.1) Screen 1920x1080
[19:23:11] [UDP TX #12847] Pos: (3303.6, 1516.8, 20.1) -> Sent to UDP :42069
[19:23:13] [CAMERA-LOCK] Active camera found at 0x04279C6C: Pos (3303.6, 1516.8, 20.1) Screen 1920x1080
[19:23:15] [CAMERA-LOCK] Active camera found at 0x04279C6C: Pos (3303.6, 1516.8, 20.1) Screen 1920x1080
[19:23:17] [UDP TX #12947] Pos: (3303.6, 1516.8, 20.1) -> Sent to UDP :42069
[19:23:18] [CAMERA-LOCK] Active camera found at 0x04279C6C: Pos (3303.6, 1516.8, 20.1) Screen 1920x1080
[19:23:20] [CAMERA-LOCK] Active camera found at 0x04279C6C: Pos (3303.6, 1516.8, 20.1) Screen 1920x1080
[19:23:22] [CAMERA-LOCK] Active camera found at 0x04279C6C: Pos (3303.6, 1516.8, 20.1) Screen 1920x1080
[19:23:22] [UDP TX #13047] Pos: (3303.6, 1516.8, 20.1) -> Sent to UDP :42069
[19:23:24] [CAMERA-LOCK] Active camera found at 0x04279C6C: Pos (3303.6, 1516.8, 20.1) Screen 1920x1080
[19:23:26] [CAMERA-LOCK] Active camera found at 0x04279C6C: Pos (3303.6, 1516.8, 20.1) Screen 1920x1080
[19:23:27] [UDP TX #13147] Pos: (3303.6, 1516.8, 20.1) -> Sent to UDP :42069
[19:23:28] [CAMERA-LOCK] Active camera found at 0x04279C6C: Pos (3303.6, 1516.8, 20.1) Screen 1920x1080
[19:23:30] [CAMERA-LOCK] Active camera found at 0x04279C6C: Pos (3303.6, 1516.8, 20.1) Screen 1920x1080
[19:23:32] [CAMERA-LOCK] Active camera found at 0x04279C6C: Pos (3303.6, 1516.8, 20.1) Screen 1920x1080
[19:23:32] [UDP TX #13247] Pos: (3303.6, 1516.8, 20.1) -> Sent to UDP :42069
[19:23:34] [CAMERA-LOCK] Active camera found at 0x04279C6C: Pos (3303.6, 1516.8, 20.1) Screen 1920x1080
[19:23:36] [CAMERA-LOCK] Active camera found at 0x04279C6C: Pos (3303.6, 1516.8, 20.1) Screen 1920x1080
[19:23:37] [UDP TX #13347] Pos: (3303.6, 1516.8, 20.1) -> Sent to UDP :42069
[19:23:38] [CAMERA-LOCK] Active camera found at 0x04279C6C: Pos (3303.6, 1516.8, 20.1) Screen 1920x1080
[19:23:40] [CAMERA-LOCK] Active camera found at 0x04279C6C: Pos (3303.6, 1516.8, 20.1) Screen 1920x1080
[19:23:42] [CAMERA-LOCK] Active camera found at 0x04279C6C: Pos (3303.6, 1516.8, 20.1) Screen 1920x1080
[19:23:42] [UDP TX #13447] Pos: (3303.6, 1516.8, 20.1) -> Sent to UDP :42069
[19:23:44] [CAMERA-LOCK] Active camera found at 0x04279C6C: Pos (3303.6, 1516.8, 20.1) Screen 1920x1080
[19:23:46] [CAMERA-LOCK] Active camera found at 0x04279C6C: Pos (3303.6, 1516.8, 20.1) Screen 1920x1080
[19:23:47] [UDP TX #13547] Pos: (3303.6, 1516.8, 20.1) -> Sent to UDP :42069
[19:23:48] [CAMERA-LOCK] Active camera found at 0x04279C6C: Pos (3303.6, 1516.8, 20.1) Screen 1920x1080
[19:23:50] [CAMERA-LOCK] Active camera found at 0x04279C6C: Pos (3303.6, 1516.9, 20.2) Screen 1920x1080
[19:23:52] [CAMERA-LOCK] Active camera found at 0x04279C6C: Pos (3303.6, 1516.9, 20.2) Screen 1920x1080
[19:23:52] [UDP TX #13647] Pos: (3303.6, 1516.9, 20.2) -> Sent to UDP :42069
[19:23:53] [SHUTDOWN] Proxy detaching.
[19:25:10] [INIT] binkw32 proxy attached (PID: 356)
[19:25:12] =================================================
[19:25:12] Far Cry 2 Co-op Mod - Milestone 3: 3D Marker Overlay (v3)
[19:25:12] Keys: [F4] Re-anchor Test Marker | [F3] Toggle TX
[19:25:12] =================================================
[19:25:12] [NET-TX] Broadcast sender ready on UDP :42069
[19:25:12] [SUCCESS] Dunia.dll located at 0x10000000
[19:25:12] [NET-RX] Listening for remote partner packets on UDP :42070
[19:25:16] [D3D9] Setting up Direct3D9 vtable hook...
[19:25:17] [D3D9] Original EndScene: 0x79A4DD70 | Present: 0x79A4D9B0
[19:25:17] [D3D9] Present hook active! Post-processing blur eliminated.
[19:25:22] [CAMERA-LOCK] Active camera found at 0x04279C6C: Pos (3317.3, 1518.6, 19.6) Screen 1920x1080
[19:25:23] [CAMERA-LOCK] Active camera found at 0x04279C6C: Pos (3317.3, 1518.6, 19.6) Screen 1920x1080
[19:25:25] [CAMERA-LOCK] Active camera found at 0x04279C6C: Pos (3317.3, 1518.6, 19.6) Screen 1920x1080
[19:25:27] [CAMERA-LOCK] Active camera found at 0x04279C6C: Pos (3317.3, 1518.6, 19.6) Screen 1920x1080
[19:25:27] [UDP TX #78] Pos: (3317.3, 1518.6, 19.6) -> Sent to UDP :42069
[19:25:28] [F4] Anchored 3D marker 15m ahead at (3331.2, 1518.3, 22.2) [Player: 3316.5, 1517.2, 19.7]
[19:25:29] [CAMERA-LOCK] Active camera found at 0x04279C6C: Pos (3316.5, 1517.2, 19.7) Screen 1920x1080
[19:25:31] [CAMERA-LOCK] Active camera found at 0x04279C6C: Pos (3315.2, 1516.7, 19.7) Screen 1920x1080
[19:25:32] [UDP TX #178] Pos: (3314.1, 1516.3, 19.7) -> Sent to UDP :42069
[19:25:33] [CAMERA-LOCK] Active camera found at 0x04279C6C: Pos (3314.2, 1516.5, 19.6) Screen 1920x1080
[19:25:35] [CAMERA-LOCK] Active camera found at 0x04279C6C: Pos (3311.5, 1516.5, 12.2) Screen 1024x1024
[19:25:37] [CAMERA-LOCK] Active camera found at 0x04279C6C: Pos (3313.8, 1518.7, 19.7) Screen 1920x1080
[19:25:37] [UDP TX #278] Pos: (3313.8, 1518.7, 19.7) -> Sent to UDP :42069
[19:25:39] [CAMERA-LOCK] Active camera found at 0x04279C6C: Pos (3306.6, 1518.1, 19.8) Screen 1920x1080
[19:25:41] [CAMERA-LOCK] Active camera found at 0x04279C6C: Pos (3301.4, 1517.4, 20.3) Screen 1920x1080
[19:25:42] [UDP TX #378] Pos: (3301.3, 1517.4, 20.4) -> Sent to UDP :42069
[19:25:43] [CAMERA-LOCK] Active camera found at 0x04279C6C: Pos (3301.6, 1517.4, 20.3) Screen 1920x1080
[19:25:45] [CAMERA-LOCK] Active camera found at 0x04279C6C: Pos (3310.5, 1517.9, 19.8) Screen 1920x1080
[19:25:47] [CAMERA-LOCK] Active camera found at 0x04279C6C: Pos (3310.4, 1518.1, 19.7) Screen 1920x1080
[19:25:47] [UDP TX #478] Pos: (3310.4, 1518.1, 19.7) -> Sent to UDP :42069
[19:25:49] [CAMERA-LOCK] Active camera found at 0x04279C6C: Pos (3311.6, 1518.9, 19.7) Screen 1920x1080
[19:25:51] [CAMERA-LOCK] Active camera found at 0x04279C6C: Pos (3317.6, 1522.7, 19.7) Screen 1920x1080
[19:25:52] [UDP TX #578] Pos: (3317.8, 1523.0, 19.7) -> Sent to UDP :42069
[19:25:53] [CAMERA-LOCK] Active camera found at 0x04279C6C: Pos (3317.6, 1522.9, 19.6) Screen 1920x1080
[19:25:54] [F4] Anchored 3D marker 15m ahead at (3326.9, 1526.8, 25.2) [Player: 3314.2, 1521.2, 19.6]
[19:25:55] [CAMERA-LOCK] Active camera found at 0x04279C6C: Pos (3312.9, 1520.7, 19.6) Screen 1920x1080
[19:25:57] [CAMERA-LOCK] Active camera found at 0x04279C6C: Pos (3311.0, 1518.7, 19.7) Screen 1920x1080
[19:25:57] [UDP TX #678] Pos: (3311.0, 1518.7, 19.7) -> Sent to UDP :42069
[19:25:59] [CAMERA-LOCK] Active camera found at 0x04279C6C: Pos (3311.1, 1518.7, 19.8) Screen 1920x1080
[19:26:01] [CAMERA-LOCK] Active camera found at 0x04279C6C: Pos (3311.1, 1518.6, 19.3) Screen 1920x1080
[19:26:02] [UDP TX #778] Pos: (3311.1, 1518.7, 19.8) -> Sent to UDP :42069
[19:26:03] [CAMERA-LOCK] Active camera found at 0x04279C6C: Pos (3311.0, 1518.7, 19.7) Screen 1920x1080
[19:26:05] [CAMERA-LOCK] Active camera found at 0x04279C6C: Pos (3311.4, 1518.8, 19.7) Screen 1920x1080
[19:26:07] [CAMERA-LOCK] Active camera found at 0x04279C6C: Pos (3311.3, 1518.8, 19.3) Screen 1920x1080
[19:26:07] [UDP TX #878] Pos: (3311.3, 1518.8, 19.3) -> Sent to UDP :42069
[19:26:09] [CAMERA-LOCK] Active camera found at 0x04279C6C: Pos (3311.3, 1518.7, 19.8) Screen 1920x1080
[19:26:11] [CAMERA-LOCK] Active camera found at 0x04279C6C: Pos (3305.0, 1519.8, 20.0) Screen 1920x1080
[19:26:12] [UDP TX #978] Pos: (3302.1, 1520.5, 20.2) -> Sent to UDP :42069
[19:26:13] [CAMERA-LOCK] Active camera found at 0x04279C6C: Pos (3302.2, 1520.4, 20.2) Screen 1920x1080
[19:26:15] [CAMERA-LOCK] Active camera found at 0x04279C6C: Pos (3300.1, 1519.8, 20.4) Screen 1920x1080
[19:26:17] [CAMERA-LOCK] Active camera found at 0x04279C6C: Pos (3294.5, 1520.0, 21.2) Screen 1920x1080
[19:26:17] [UDP TX #1078] Pos: (3294.5, 1520.0, 21.2) -> Sent to UDP :42069
[19:26:19] [CAMERA-LOCK] Active camera found at 0x04279C6C: Pos (3290.8, 1521.9, 21.8) Screen 1920x1080
[19:26:21] [CAMERA-LOCK] Active camera found at 0x04279C6C: Pos (3289.2, 1524.8, 22.3) Screen 1920x1080
[19:26:22] [UDP TX #1178] Pos: (3289.6, 1526.5, 22.4) -> Sent to UDP :42069
[19:26:23] [CAMERA-LOCK] Active camera found at 0x04279C6C: Pos (3287.3, 1527.2, 22.8) Screen 1920x1080
[19:26:25] [CAMERA-LOCK] Active camera found at 0x04279C6C: Pos (3280.1, 1531.0, 24.0) Screen 1920x1080
[19:26:27] [CAMERA-LOCK] Active camera found at 0x04279C6C: Pos (3280.0, 1534.3, 24.5) Screen 1920x1080
[19:26:27] [UDP TX #1278] Pos: (3280.0, 1534.3, 24.5) -> Sent to UDP :42069
[19:26:29] [CAMERA-LOCK] Active camera found at 0x04279C6C: Pos (3280.1, 1534.4, 24.5) Screen 1920x1080
[19:26:31] [CAMERA-LOCK] Active camera found at 0x04279C6C: Pos (3280.0, 1534.3, 24.4) Screen 1920x1080
[19:26:32] [UDP TX #1378] Pos: (3280.0, 1534.3, 24.5) -> Sent to UDP :42069
[19:26:33] [CAMERA-LOCK] Active camera found at 0x04279C6C: Pos (3280.0, 1534.3, 24.5) Screen 1920x1080
[19:26:35] [CAMERA-LOCK] Active camera found at 0x04279C6C: Pos (3280.0, 1534.3, 24.5) Screen 1920x1080
[19:26:37] [CAMERA-LOCK] Active camera found at 0x04279C6C: Pos (3280.1, 1534.3, 24.5) Screen 1920x1080
[19:26:37] [UDP TX #1478] Pos: (3280.1, 1534.3, 24.5) -> Sent to UDP :42069
[19:26:39] [CAMERA-LOCK] Active camera found at 0x04279C6C: Pos (3280.0, 1534.4, 24.4) Screen 1920x1080
[19:26:41] [CAMERA-LOCK] Active camera found at 0x04279C6C: Pos (3280.0, 1534.4, 24.4) Screen 1920x1080
[19:26:42] [UDP TX #1578] Pos: (3280.0, 1534.2, 24.4) -> Sent to UDP :42069
[19:26:43] [CAMERA-LOCK] Active camera found at 0x04279C6C: Pos (3280.0, 1534.2, 24.5) Screen 1920x1080
[19:26:45] [CAMERA-LOCK] Active camera found at 0x04279C6C: Pos (3280.1, 1534.4, 24.4) Screen 1920x1080
[19:26:47] [CAMERA-LOCK] Active camera found at 0x04279C6C: Pos (3280.0, 1534.3, 24.4) Screen 1920x1080
[19:26:47] [UDP TX #1678] Pos: (3280.0, 1534.3, 24.4) -> Sent to UDP :42069
[19:26:49] [CAMERA-LOCK] Active camera found at 0x04279C6C: Pos (3280.0, 1534.4, 24.5) Screen 1920x1080
[19:26:51] [CAMERA-LOCK] Active camera found at 0x04279C6C: Pos (3280.0, 1534.3, 24.4) Screen 1920x1080
[19:26:52] [UDP TX #1778] Pos: (3280.0, 1534.4, 24.4) -> Sent to UDP :42069
[19:26:53] [CAMERA-LOCK] Active camera found at 0x04279C6C: Pos (3280.0, 1534.4, 24.4) Screen 1920x1080
[19:26:55] [CAMERA-LOCK] Active camera found at 0x04279C6C: Pos (3280.0, 1534.4, 24.4) Screen 1920x1080
[19:26:57] [CAMERA-LOCK] Active camera found at 0x04279C6C: Pos (3280.0, 1534.4, 24.4) Screen 1920x1080
[19:26:57] [UDP TX #1878] Pos: (3280.0, 1534.4, 24.4) -> Sent to UDP :42069
[19:26:59] [CAMERA-LOCK] Active camera found at 0x04279C6C: Pos (3280.0, 1534.4, 24.4) Screen 1920x1080
[19:27:01] [CAMERA-LOCK] Active camera found at 0x04279C6C: Pos (3280.0, 1534.4, 24.4) Screen 1920x1080
[19:27:02] [UDP TX #1978] Pos: (3280.0, 1534.4, 24.4) -> Sent to UDP :42069
[19:27:03] [CAMERA-LOCK] Active camera found at 0x04279C6C: Pos (3280.0, 1534.4, 24.4) Screen 1920x1080
[19:27:05] [CAMERA-LOCK] Active camera found at 0x04279C6C: Pos (3280.0, 1534.4, 24.4) Screen 1920x1080
[19:27:07] [CAMERA-LOCK] Active camera found at 0x04279C6C: Pos (3280.0, 1534.4, 24.4) Screen 1920x1080
[19:27:07] [UDP TX #2078] Pos: (3280.0, 1534.4, 24.4) -> Sent to UDP :42069
[19:27:09] [CAMERA-LOCK] Active camera found at 0x04279C6C: Pos (3280.0, 1534.4, 24.4) Screen 1920x1080
[19:27:11] [CAMERA-LOCK] Active camera found at 0x04279C6C: Pos (3280.0, 1534.4, 24.4) Screen 1920x1080
[19:27:12] [UDP TX #2178] Pos: (3280.0, 1534.4, 24.4) -> Sent to UDP :42069
[19:27:13] [CAMERA-LOCK] Active camera found at 0x04279C6C: Pos (3280.0, 1534.4, 24.4) Screen 1920x1080
[19:27:15] [CAMERA-LOCK] Active camera found at 0x04279C6C: Pos (3280.0, 1534.4, 24.4) Screen 1920x1080
[19:27:17] [CAMERA-LOCK] Active camera found at 0x04279C6C: Pos (3280.0, 1534.4, 24.4) Screen 1920x1080
[19:27:17] [UDP TX #2278] Pos: (3280.0, 1534.4, 24.4) -> Sent to UDP :42069
[19:27:19] [CAMERA-LOCK] Active camera found at 0x04279C6C: Pos (3280.0, 1534.4, 24.4) Screen 1920x1080
[19:27:21] [CAMERA-LOCK] Active camera found at 0x04279C6C: Pos (3280.0, 1534.4, 24.4) Screen 1920x1080
[19:27:22] [UDP TX #2378] Pos: (3280.0, 1534.4, 24.4) -> Sent to UDP :42069
[19:27:23] [CAMERA-LOCK] Active camera found at 0x04279C6C: Pos (3280.0, 1534.4, 24.4) Screen 1920x1080
[19:27:25] [CAMERA-LOCK] Active camera found at 0x04279C6C: Pos (3280.0, 1534.4, 24.4) Screen 1920x1080
[19:27:27] [CAMERA-LOCK] Active camera found at 0x04279C6C: Pos (3280.0, 1534.4, 24.4) Screen 1920x1080
[19:27:27] [UDP TX #2478] Pos: (3280.0, 1534.4, 24.4) -> Sent to UDP :42069
[19:27:29] [CAMERA-LOCK] Active camera found at 0x04279C6C: Pos (3280.0, 1534.4, 24.4) Screen 1920x1080
[19:27:31] [CAMERA-LOCK] Active camera found at 0x04279C6C: Pos (3280.0, 1534.4, 24.4) Screen 1920x1080
[19:27:32] [UDP TX #2578] Pos: (3280.0, 1534.4, 24.4) -> Sent to UDP :42069
[19:27:33] [CAMERA-LOCK] Active camera found at 0x04279C6C: Pos (3280.0, 1534.4, 24.4) Screen 1920x1080
[19:27:35] [CAMERA-LOCK] Active camera found at 0x04279C6C: Pos (3280.0, 1534.4, 24.4) Screen 1920x1080
[19:27:37] [CAMERA-LOCK] Active camera found at 0x04279C6C: Pos (3280.0, 1534.4, 24.4) Screen 1920x1080
[19:27:37] [UDP TX #2678] Pos: (3280.0, 1534.4, 24.4) -> Sent to UDP :42069
[19:27:39] [CAMERA-LOCK] Active camera found at 0x04279C6C: Pos (3280.0, 1534.4, 24.4) Screen 1920x1080
[19:27:41] [CAMERA-LOCK] Active camera found at 0x04279C6C: Pos (3280.0, 1534.4, 24.4) Screen 1920x1080
[19:27:42] [UDP TX #2778] Pos: (3280.0, 1534.4, 24.4) -> Sent to UDP :42069
[19:27:43] [CAMERA-LOCK] Active camera found at 0x04279C6C: Pos (3280.0, 1534.4, 24.4) Screen 1920x1080
[19:27:45] [CAMERA-LOCK] Active camera found at 0x04279C6C: Pos (3280.0, 1534.4, 24.4) Screen 1920x1080
[19:27:47] [CAMERA-LOCK] Active camera found at 0x04279C6C: Pos (3280.0, 1534.4, 24.4) Screen 1920x1080
[19:27:47] [UDP TX #2878] Pos: (3280.0, 1534.4, 24.4) -> Sent to UDP :42069
[19:27:50] [CAMERA-LOCK] Active camera found at 0x04279C6C: Pos (3280.0, 1534.4, 24.4) Screen 1920x1080
[19:27:52] [CAMERA-LOCK] Active camera found at 0x04279C6C: Pos (3280.0, 1534.4, 24.5) Screen 1920x1080
[19:27:53] [UDP TX #2978] Pos: (3280.0, 1534.4, 24.5) -> Sent to UDP :42069
[19:27:54] [CAMERA-LOCK] Active camera found at 0x04279C6C: Pos (3280.0, 1534.4, 24.5) Screen 1920x1080
[19:27:55] [SHUTDOWN] Proxy detaching.
[19:28:03] [INIT] binkw32 proxy attached (PID: 356)
[19:28:05] =================================================
[19:28:05] Far Cry 2 Co-op Mod - Milestone 3: 3D Marker Overlay (v3)
[19:28:05] Keys: [F4] Re-anchor Test Marker | [F3] Toggle TX
[19:28:05] =================================================
[19:28:05] [NET-TX] Broadcast sender ready on UDP :42069
[19:28:05] [SUCCESS] Dunia.dll located at 0x10000000
[19:28:05] [NET-RX] Listening for remote partner packets on UDP :42070
[19:28:09] [D3D9] Setting up Direct3D9 vtable hook...
[19:28:09] [D3D9] Original EndScene: 0x79A4DD70 | Present: 0x79A4D9B0
[19:28:09] [INPUT] Subclassed game window (0x000200A4) - system cursor suppressed!
[19:28:09] [D3D9] Present hook active! Post-processing blur eliminated.
[19:28:17] [CAMERA-LOCK] Active camera found at 0x04279C6C: Pos (3317.3, 1518.6, 12.4) Screen 1024x1024
[19:28:17] [CAMERA-LOCK] Active camera found at 0x04279C6C: Pos (3317.3, 1518.6, 19.6) Screen 1920x1080
[19:28:19] [CAMERA-LOCK] Active camera found at 0x04279C6C: Pos (3317.3, 1518.6, 19.6) Screen 1920x1080
[19:28:19] [UDP TX #46] Pos: (3317.3, 1518.6, 19.6) -> Sent to UDP :42069
[19:28:21] [CAMERA-LOCK] Active camera found at 0x04279C6C: Pos (3316.1, 1517.3, 19.6) Screen 1920x1080
[19:28:21] [F4] Anchored 3D marker 15m ahead at (3330.6, 1518.7, 23.3) [Player: 3316.1, 1517.3, 19.6]
[19:28:23] [CAMERA-LOCK] Active camera found at 0x04279C6C: Pos (3316.2, 1517.4, 19.7) Screen 1920x1080
[19:28:24] [UDP TX #146] Pos: (3316.1, 1517.4, 19.6) -> Sent to UDP :42069
[19:28:25] [CAMERA-LOCK] Active camera found at 0x04279C6C: Pos (3316.1, 1517.3, 19.7) Screen 1920x1080
[19:28:27] [F4] Anchored 3D marker 15m ahead at (3330.6, 1519.2, 23.0) [Player: 3316.1, 1517.3, 19.6]
[19:28:27] [F4] Anchored 3D marker 15m ahead at (3330.1, 1519.4, 24.7) [Player: 3316.1, 1517.3, 19.6]
[19:28:27] [CAMERA-LOCK] Active camera found at 0x04279C6C: Pos (3316.1, 1517.3, 19.6) Screen 1920x1080
[19:28:29] [TX] Transmission PAUSED
[19:28:29] [F4] Anchored 3D marker 15m ahead at (3329.8, 1520.1, 25.1) [Player: 3316.1, 1517.3, 19.6]
[19:28:29] [CAMERA-LOCK] Active camera found at 0x04279C6C: Pos (3316.1, 1517.3, 19.6) Screen 1920x1080
[19:28:30] [F4] Anchored 3D marker 15m ahead at (3329.8, 1522.0, 23.5) [Player: 3316.1, 1517.3, 19.6]
[19:28:30] [F4] Anchored 3D marker 15m ahead at (3330.6, 1518.9, 23.1) [Player: 3316.1, 1517.3, 19.6]
[19:28:30] [F4] Anchored 3D marker 15m ahead at (3330.6, 1518.9, 23.1) [Player: 3316.1, 1517.3, 19.6]
[19:28:31] [F4] Anchored 3D marker 15m ahead at (3330.9, 1516.5, 22.0) [Player: 3316.1, 1517.4, 19.7]
[19:28:31] [F4] Anchored 3D marker 15m ahead at (3329.8, 1511.5, 21.6) [Player: 3316.2, 1517.4, 19.7]
[19:28:31] [CAMERA-LOCK] Active camera found at 0x04279C6C: Pos (3316.2, 1517.4, 19.7) Screen 1920x1080
[19:28:32] [F4] Anchored 3D marker 15m ahead at (3329.8, 1511.5, 21.6) [Player: 3316.2, 1517.4, 19.7]
[19:28:33] [F4] Anchored 3D marker 15m ahead at (3326.3, 1507.2, 23.7) [Player: 3316.2, 1517.5, 19.6]
[19:28:33] [CAMERA-LOCK] Active camera found at 0x04279C6C: Pos (3316.2, 1517.5, 19.6) Screen 1920x1080
[19:28:35] [CAMERA-LOCK] Active camera found at 0x04279C6C: Pos (3316.2, 1517.4, 19.7) Screen 1920x1080
[19:28:37] [CAMERA-LOCK] Active camera found at 0x04279C6C: Pos (3316.2, 1517.4, 19.7) Screen 1920x1080
[19:28:39] [CAMERA-LOCK] Active camera found at 0x04279C6C: Pos (3316.2, 1517.4, 19.7) Screen 1920x1080
[19:28:41] [CAMERA-LOCK] Active camera found at 0x04279C6C: Pos (3316.2, 1517.4, 19.7) Screen 1920x1080
[19:28:43] [CAMERA-LOCK] Active camera found at 0x04279C6C: Pos (3316.2, 1517.4, 19.7) Screen 1920x1080
[19:28:45] [CAMERA-LOCK] Active camera found at 0x04279C6C: Pos (3316.2, 1517.4, 19.7) Screen 1920x1080
[19:28:47] [CAMERA-LOCK] Active camera found at 0x04279C6C: Pos (3316.2, 1517.4, 19.7) Screen 1920x1080
[19:28:49] [CAMERA-LOCK] Active camera found at 0x04279C6C: Pos (3316.2, 1517.4, 19.7) Screen 1920x1080
[19:28:51] [CAMERA-LOCK] Active camera found at 0x04279C6C: Pos (3316.2, 1517.4, 19.7) Screen 1920x1080
[19:28:53] [CAMERA-LOCK] Active camera found at 0x04279C6C: Pos (3316.2, 1517.4, 19.7) Screen 1920x1080
[19:28:55] [CAMERA-LOCK] Active camera found at 0x04279C6C: Pos (3316.2, 1517.4, 19.7) Screen 1920x1080
[19:28:58] [CAMERA-LOCK] Active camera found at 0x04279C6C: Pos (3316.2, 1517.4, 19.7) Screen 1920x1080
[19:29:00] [CAMERA-LOCK] Active camera found at 0x04279C6C: Pos (3316.2, 1517.4, 19.7) Screen 1920x1080
[19:29:02] [CAMERA-LOCK] Active camera found at 0x04279C6C: Pos (3316.2, 1517.4, 19.7) Screen 1920x1080
[19:29:04] [CAMERA-LOCK] Active camera found at 0x04279C6C: Pos (3316.2, 1517.4, 19.7) Screen 1920x1080
[19:29:06] [CAMERA-LOCK] Active camera found at 0x04279C6C: Pos (3316.2, 1517.4, 19.7) Screen 1920x1080
[19:29:08] [CAMERA-LOCK] Active camera found at 0x04279C6C: Pos (3316.2, 1517.4, 19.7) Screen 1920x1080
[19:29:10] [CAMERA-LOCK] Active camera found at 0x04279C6C: Pos (3316.2, 1517.4, 19.7) Screen 1920x1080
[19:29:12] [CAMERA-LOCK] Active camera found at 0x04279C6C: Pos (3316.2, 1517.4, 19.7) Screen 1920x1080
[19:29:14] [CAMERA-LOCK] Active camera found at 0x04279C6C: Pos (3316.2, 1517.4, 19.7) Screen 1920x1080
[19:29:16] [CAMERA-LOCK] Active camera found at 0x04279C6C: Pos (3316.2, 1517.4, 19.7) Screen 1920x1080
[19:29:18] [CAMERA-LOCK] Active camera found at 0x04279C6C: Pos (3316.2, 1517.4, 19.7) Screen 1920x1080
[19:29:20] [CAMERA-LOCK] Active camera found at 0x04279C6C: Pos (3316.2, 1517.4, 19.7) Screen 1920x1080
[19:29:22] [CAMERA-LOCK] Active camera found at 0x04279C6C: Pos (3316.2, 1517.4, 19.7) Screen 1920x1080
[19:29:24] [CAMERA-LOCK] Active camera found at 0x04279C6C: Pos (3316.2, 1517.4, 19.7) Screen 1920x1080
[19:29:26] [CAMERA-LOCK] Active camera found at 0x04279C6C: Pos (3316.2, 1517.4, 19.7) Screen 1920x1080
[19:29:28] [CAMERA-LOCK] Active camera found at 0x04279C6C: Pos (3316.2, 1517.5, 19.7) Screen 1920x1080
[19:29:30] [CAMERA-LOCK] Active camera found at 0x04279C6C: Pos (3316.2, 1517.4, 19.7) Screen 1920x1080
[19:29:32] [CAMERA-LOCK] Active camera found at 0x04279C6C: Pos (3316.2, 1517.4, 19.7) Screen 1920x1080
[19:29:34] [CAMERA-LOCK] Active camera found at 0x04279C6C: Pos (3316.2, 1517.4, 19.7) Screen 1920x1080
[19:29:36] [CAMERA-LOCK] Active camera found at 0x04279C6C: Pos (3316.2, 1517.4, 19.7) Screen 1920x1080
[19:29:38] [CAMERA-LOCK] Active camera found at 0x04279C6C: Pos (3316.2, 1517.4, 19.7) Screen 1920x1080
[19:29:40] [CAMERA-LOCK] Active camera found at 0x04279C6C: Pos (3316.2, 1517.4, 19.7) Screen 1920x1080
[19:29:42] [CAMERA-LOCK] Active camera found at 0x04279C6C: Pos (3316.2, 1517.4, 19.7) Screen 1920x1080
[19:29:44] [CAMERA-LOCK] Active camera found at 0x04279C6C: Pos (3316.2, 1517.4, 19.7) Screen 1920x1080
[19:29:46] [CAMERA-LOCK] Active camera found at 0x04279C6C: Pos (3316.2, 1517.4, 19.7) Screen 1920x1080
[19:29:48] [CAMERA-LOCK] Active camera found at 0x04279C6C: Pos (3316.2, 1517.4, 19.7) Screen 1920x1080
[19:29:50] [CAMERA-LOCK] Active camera found at 0x04279C6C: Pos (3316.2, 1517.4, 19.7) Screen 1920x1080
[19:29:52] [CAMERA-LOCK] Active camera found at 0x04279C6C: Pos (3316.2, 1517.4, 19.7) Screen 1920x1080
[19:29:54] [CAMERA-LOCK] Active camera found at 0x04279C6C: Pos (3316.2, 1517.4, 19.7) Screen 1920x1080
[19:29:56] [CAMERA-LOCK] Active camera found at 0x04279C6C: Pos (3316.2, 1517.4, 19.7) Screen 1920x1080
[19:29:58] [CAMERA-LOCK] Active camera found at 0x04279C6C: Pos (3316.2, 1517.4, 19.7) Screen 1920x1080
[19:30:00] [CAMERA-LOCK] Active camera found at 0x04279C6C: Pos (3316.2, 1517.4, 19.7) Screen 1920x1080
[19:30:02] [CAMERA-LOCK] Active camera found at 0x04279C6C: Pos (3316.2, 1517.4, 19.7) Screen 1920x1080
[19:30:04] [CAMERA-LOCK] Active camera found at 0x04279C6C: Pos (3316.2, 1517.4, 19.7) Screen 1920x1080
[19:30:06] [CAMERA-LOCK] Active camera found at 0x04279C6C: Pos (3316.2, 1517.4, 19.7) Screen 1920x1080
[19:30:08] [CAMERA-LOCK] Active camera found at 0x04279C6C: Pos (3316.2, 1517.4, 19.7) Screen 1920x1080
[19:30:10] [CAMERA-LOCK] Active camera found at 0x04279C6C: Pos (3316.2, 1517.4, 19.7) Screen 1920x1080
[19:30:12] [CAMERA-LOCK] Active camera found at 0x04279C6C: Pos (3316.2, 1517.4, 19.7) Screen 1920x1080
[19:30:14] [CAMERA-LOCK] Active camera found at 0x04279C6C: Pos (3316.2, 1517.4, 19.7) Screen 1920x1080
[19:30:16] [CAMERA-LOCK] Active camera found at 0x04279C6C: Pos (3316.2, 1517.4, 19.7) Screen 1920x1080
[19:30:18] [CAMERA-LOCK] Active camera found at 0x04279C6C: Pos (3316.2, 1517.4, 19.7) Screen 1920x1080
[19:30:20] [CAMERA-LOCK] Active camera found at 0x04279C6C: Pos (3316.2, 1517.4, 19.7) Screen 1920x1080
[19:30:22] [CAMERA-LOCK] Active camera found at 0x04279C6C: Pos (3316.2, 1517.4, 19.7) Screen 1920x1080
[19:30:24] [CAMERA-LOCK] Active camera found at 0x04279C6C: Pos (3316.2, 1517.4, 19.7) Screen 1920x1080
[19:30:26] [CAMERA-LOCK] Active camera found at 0x04279C6C: Pos (3316.2, 1517.4, 19.7) Screen 1920x1080
[19:30:28] [CAMERA-LOCK] Active camera found at 0x04279C6C: Pos (3316.2, 1517.4, 19.7) Screen 1920x1080
[19:30:30] [CAMERA-LOCK] Active camera found at 0x04279C6C: Pos (3316.2, 1517.4, 19.7) Screen 1920x1080
[19:30:32] [CAMERA-LOCK] Active camera found at 0x04279C6C: Pos (3316.2, 1517.4, 19.7) Screen 1920x1080
[19:30:34] [CAMERA-LOCK] Active camera found at 0x04279C6C: Pos (3316.2, 1517.4, 19.7) Screen 1920x1080
[19:30:36] [CAMERA-LOCK] Active camera found at 0x04279C6C: Pos (3316.2, 1517.4, 19.7) Screen 1920x1080
[19:30:38] [CAMERA-LOCK] Active camera found at 0x04279C6C: Pos (3316.2, 1517.4, 19.7) Screen 1920x1080
[19:30:40] [CAMERA-LOCK] Active camera found at 0x04279C6C: Pos (3316.2, 1517.4, 19.7) Screen 1920x1080
[19:30:42] [CAMERA-LOCK] Active camera found at 0x04279C6C: Pos (3316.2, 1517.4, 19.7) Screen 1920x1080
[19:30:44] [CAMERA-LOCK] Active camera found at 0x04279C6C: Pos (3316.2, 1517.4, 19.7) Screen 1920x1080
[19:30:46] [CAMERA-LOCK] Active camera found at 0x04279C6C: Pos (3316.2, 1517.4, 19.7) Screen 1920x1080
[19:30:48] [CAMERA-LOCK] Active camera found at 0x04279C6C: Pos (3316.2, 1517.4, 19.7) Screen 1920x1080
[19:30:50] [CAMERA-LOCK] Active camera found at 0x04279C6C: Pos (3316.2, 1517.4, 19.7) Screen 1920x1080
[19:30:52] [CAMERA-LOCK] Active camera found at 0x04279C6C: Pos (3316.2, 1517.4, 19.7) Screen 1920x1080
[19:30:54] [CAMERA-LOCK] Active camera found at 0x04279C6C: Pos (3316.2, 1517.4, 19.7) Screen 1920x1080
[19:30:56] [CAMERA-LOCK] Active camera found at 0x04279C6C: Pos (3316.2, 1517.4, 19.7) Screen 1920x1080
[19:30:58] [CAMERA-LOCK] Active camera found at 0x04279C6C: Pos (3316.2, 1517.4, 19.7) Screen 1920x1080
[19:31:00] [CAMERA-LOCK] Active camera found at 0x04279C6C: Pos (3316.2, 1517.4, 19.7) Screen 1920x1080
[19:31:02] [CAMERA-LOCK] Active camera found at 0x04279C6C: Pos (3316.2, 1517.4, 19.7) Screen 1920x1080
[19:31:04] [CAMERA-LOCK] Active camera found at 0x04279C6C: Pos (3316.2, 1517.4, 19.7) Screen 1920x1080
[19:31:06] [CAMERA-LOCK] Active camera found at 0x04279C6C: Pos (3316.2, 1517.4, 19.7) Screen 1920x1080
[19:31:08] [CAMERA-LOCK] Active camera found at 0x04279C6C: Pos (3316.2, 1517.4, 19.7) Screen 1920x1080
[19:31:10] [CAMERA-LOCK] Active camera found at 0x04279C6C: Pos (3316.2, 1517.4, 19.7) Screen 1920x1080
[19:31:12] [CAMERA-LOCK] Active camera found at 0x04279C6C: Pos (3316.2, 1517.4, 19.7) Screen 1920x1080
[19:31:14] [CAMERA-LOCK] Active camera found at 0x04279C6C: Pos (3316.2, 1517.4, 19.7) Screen 1920x1080
[19:31:16] [CAMERA-LOCK] Active camera found at 0x04279C6C: Pos (3316.2, 1517.4, 19.7) Screen 1920x1080
[19:31:18] [CAMERA-LOCK] Active camera found at 0x04279C6C: Pos (3316.2, 1517.4, 19.7) Screen 1920x1080
[19:31:20] [CAMERA-LOCK] Active camera found at 0x04279C6C: Pos (3316.2, 1517.4, 19.7) Screen 1920x1080
[19:31:22] [CAMERA-LOCK] Active camera found at 0x04279C6C: Pos (3316.2, 1517.4, 19.7) Screen 1920x1080
[19:31:24] [CAMERA-LOCK] Active camera found at 0x04279C6C: Pos (3316.2, 1517.4, 19.7) Screen 1920x1080
[19:31:26] [CAMERA-LOCK] Active camera found at 0x04279C6C: Pos (3316.2, 1517.4, 19.7) Screen 1920x1080
[19:31:28] [CAMERA-LOCK] Active camera found at 0x04279C6C: Pos (3316.2, 1517.4, 19.7) Screen 1920x1080
[19:31:30] [CAMERA-LOCK] Active camera found at 0x04279C6C: Pos (3316.2, 1517.4, 19.7) Screen 1920x1080
[19:31:32] [CAMERA-LOCK] Active camera found at 0x04279C6C: Pos (3316.2, 1517.4, 19.7) Screen 1920x1080
[19:31:34] [CAMERA-LOCK] Active camera found at 0x04279C6C: Pos (3316.2, 1517.4, 19.7) Screen 1920x1080
[19:31:36] [CAMERA-LOCK] Active camera found at 0x04279C6C: Pos (3316.2, 1517.4, 19.7) Screen 1920x1080
[19:31:38] [CAMERA-LOCK] Active camera found at 0x04279C6C: Pos (3316.2, 1517.4, 19.7) Screen 1920x1080
[19:31:40] [CAMERA-LOCK] Active camera found at 0x04279C6C: Pos (3316.2, 1517.4, 19.7) Screen 1920x1080
[19:31:42] [CAMERA-LOCK] Active camera found at 0x04279C6C: Pos (3316.2, 1517.4, 19.7) Screen 1920x1080
[19:31:44] [CAMERA-LOCK] Active camera found at 0x04279C6C: Pos (3316.2, 1517.4, 19.7) Screen 1920x1080
[19:31:46] [CAMERA-LOCK] Active camera found at 0x04279C6C: Pos (3316.2, 1517.4, 19.7) Screen 1920x1080
[19:31:48] [CAMERA-LOCK] Active camera found at 0x04279C6C: Pos (3316.2, 1517.4, 19.7) Screen 1920x1080
[19:31:50] [CAMERA-LOCK] Active camera found at 0x04279C6C: Pos (3316.2, 1517.4, 19.7) Screen 1920x1080
[19:31:52] [CAMERA-LOCK] Active camera found at 0x04279C6C: Pos (3316.2, 1517.4, 19.7) Screen 1920x1080
[19:31:54] [CAMERA-LOCK] Active camera found at 0x04279C6C: Pos (3316.2, 1517.4, 19.7) Screen 1920x1080
[19:31:56] [CAMERA-LOCK] Active camera found at 0x04279C6C: Pos (3316.2, 1517.4, 19.7) Screen 1920x1080
[19:31:58] [CAMERA-LOCK] Active camera found at 0x04279C6C: Pos (3316.2, 1517.4, 19.7) Screen 1920x1080
[19:32:00] [CAMERA-LOCK] Active camera found at 0x04279C6C: Pos (3316.2, 1517.4, 19.7) Screen 1920x1080
[19:32:02] [CAMERA-LOCK] Active camera found at 0x04279C6C: Pos (3316.2, 1517.4, 19.7) Screen 1920x1080
[19:32:04] [CAMERA-LOCK] Active camera found at 0x04279C6C: Pos (3316.2, 1517.4, 19.7) Screen 1920x1080
[19:32:06] [CAMERA-LOCK] Active camera found at 0x04279C6C: Pos (3316.2, 1517.4, 19.7) Screen 1920x1080
[19:32:08] [CAMERA-LOCK] Active camera found at 0x04279C6C: Pos (3316.2, 1517.4, 19.7) Screen 1920x1080
[19:32:10] [CAMERA-LOCK] Active camera found at 0x04279C6C: Pos (3316.2, 1517.4, 19.7) Screen 1920x1080
[19:32:12] [CAMERA-LOCK] Active camera found at 0x04279C6C: Pos (3316.2, 1517.4, 19.7) Screen 1920x1080
[19:32:14] [CAMERA-LOCK] Active camera found at 0x04279C6C: Pos (3316.2, 1517.4, 19.7) Screen 1920x1080
[19:32:16] [CAMERA-LOCK] Active camera found at 0x04279C6C: Pos (3316.2, 1517.4, 19.7) Screen 1920x1080
[19:32:18] [CAMERA-LOCK] Active camera found at 0x04279C6C: Pos (3316.2, 1517.4, 19.7) Screen 1920x1080
[19:32:20] [CAMERA-LOCK] Active camera found at 0x04279C6C: Pos (3316.2, 1517.4, 19.7) Screen 1920x1080
[19:32:22] [CAMERA-LOCK] Active camera found at 0x04279C6C: Pos (3316.2, 1517.4, 19.7) Screen 1920x1080
[19:32:24] [CAMERA-LOCK] Active camera found at 0x04279C6C: Pos (3316.2, 1517.4, 19.7) Screen 1920x1080
[19:32:26] [CAMERA-LOCK] Active camera found at 0x04279C6C: Pos (3316.2, 1517.4, 19.7) Screen 1920x1080
[19:32:28] [CAMERA-LOCK] Active camera found at 0x04279C6C: Pos (3316.2, 1517.4, 19.7) Screen 1920x1080
[19:32:30] [CAMERA-LOCK] Active camera found at 0x04279C6C: Pos (3316.2, 1517.4, 19.7) Screen 1920x1080
[19:32:32] [CAMERA-LOCK] Active camera found at 0x04279C6C: Pos (3316.2, 1517.4, 19.7) Screen 1920x1080
[19:32:34] [CAMERA-LOCK] Active camera found at 0x04279C6C: Pos (3316.2, 1517.4, 19.7) Screen 1920x1080
[19:32:36] [CAMERA-LOCK] Active camera found at 0x04279C6C: Pos (3316.2, 1517.4, 19.7) Screen 1920x1080
[19:32:38] [CAMERA-LOCK] Active camera found at 0x04279C6C: Pos (3316.2, 1517.4, 19.7) Screen 1920x1080
[19:32:40] [CAMERA-LOCK] Active camera found at 0x04279C6C: Pos (3316.2, 1517.4, 19.7) Screen 1920x1080
[19:32:42] [CAMERA-LOCK] Active camera found at 0x04279C6C: Pos (3316.2, 1517.4, 19.7) Screen 1920x1080
[19:32:44] [CAMERA-LOCK] Active camera found at 0x04279C6C: Pos (3316.2, 1517.4, 19.7) Screen 1920x1080
[19:32:46] [CAMERA-LOCK] Active camera found at 0x04279C6C: Pos (3316.2, 1517.4, 19.7) Screen 1920x1080
[19:32:48] [CAMERA-LOCK] Active camera found at 0x04279C6C: Pos (3316.2, 1517.4, 19.7) Screen 1920x1080
[19:32:50] [CAMERA-LOCK] Active camera found at 0x04279C6C: Pos (3316.2, 1517.4, 19.7) Screen 1920x1080
[19:32:52] [CAMERA-LOCK] Active camera found at 0x04279C6C: Pos (3316.2, 1517.4, 19.7) Screen 1920x1080
[19:32:54] [CAMERA-LOCK] Active camera found at 0x04279C6C: Pos (3316.2, 1517.4, 19.7) Screen 1920x1080
[19:32:56] [CAMERA-LOCK] Active camera found at 0x04279C6C: Pos (3316.2, 1517.4, 19.7) Screen 1920x1080
[19:32:58] [CAMERA-LOCK] Active camera found at 0x04279C6C: Pos (3316.2, 1517.4, 19.7) Screen 1920x1080
[19:33:00] [CAMERA-LOCK] Active camera found at 0x04279C6C: Pos (3316.2, 1517.4, 19.7) Screen 1920x1080
[19:33:02] [CAMERA-LOCK] Active camera found at 0x04279C6C: Pos (3316.2, 1517.4, 19.7) Screen 1920x1080
[19:33:04] [CAMERA-LOCK] Active camera found at 0x04279C6C: Pos (3316.2, 1517.4, 19.7) Screen 1920x1080
[19:33:06] [CAMERA-LOCK] Active camera found at 0x04279C6C: Pos (3316.2, 1517.4, 19.7) Screen 1920x1080
[19:33:08] [CAMERA-LOCK] Active camera found at 0x04279C6C: Pos (3316.2, 1517.4, 19.7) Screen 1920x1080
[19:33:10] [CAMERA-LOCK] Active camera found at 0x04279C6C: Pos (3316.2, 1517.4, 19.7) Screen 1920x1080
[19:33:12] [CAMERA-LOCK] Active camera found at 0x04279C6C: Pos (3316.2, 1517.4, 19.7) Screen 1920x1080
[19:33:14] [CAMERA-LOCK] Active camera found at 0x04279C6C: Pos (3316.2, 1517.4, 19.7) Screen 1920x1080
[19:33:16] [CAMERA-LOCK] Active camera found at 0x04279C6C: Pos (3316.2, 1517.4, 19.7) Screen 1920x1080
[19:33:18] [CAMERA-LOCK] Active camera found at 0x04279C6C: Pos (3316.2, 1517.4, 19.7) Screen 1920x1080
[19:33:20] [CAMERA-LOCK] Active camera found at 0x04279C6C: Pos (3316.2, 1517.4, 19.7) Screen 1920x1080
[19:33:22] [CAMERA-LOCK] Active camera found at 0x04279C6C: Pos (3316.2, 1517.4, 19.7) Screen 1920x1080
[19:33:24] [CAMERA-LOCK] Active camera found at 0x04279C6C: Pos (3316.2, 1517.4, 19.7) Screen 1920x1080
[19:33:26] [CAMERA-LOCK] Active camera found at 0x04279C6C: Pos (3316.2, 1517.4, 19.7) Screen 1920x1080
[19:33:28] [CAMERA-LOCK] Active camera found at 0x04279C6C: Pos (3316.2, 1517.4, 19.7) Screen 1920x1080
[19:33:30] [CAMERA-LOCK] Active camera found at 0x04279C6C: Pos (3316.2, 1517.4, 19.7) Screen 1920x1080
[19:33:32] [CAMERA-LOCK] Active camera found at 0x04279C6C: Pos (3316.2, 1517.4, 19.7) Screen 1920x1080
[19:33:34] [CAMERA-LOCK] Active camera found at 0x04279C6C: Pos (3316.2, 1517.4, 19.7) Screen 1920x1080
[19:33:36] [CAMERA-LOCK] Active camera found at 0x04279C6C: Pos (3316.2, 1517.4, 19.7) Screen 1920x1080
[19:33:38] [CAMERA-LOCK] Active camera found at 0x04279C6C: Pos (3316.2, 1517.4, 19.7) Screen 1920x1080
[19:33:40] [CAMERA-LOCK] Active camera found at 0x04279C6C: Pos (3316.2, 1517.4, 19.7) Screen 1920x1080
[19:33:42] [CAMERA-LOCK] Active camera found at 0x04279C6C: Pos (3316.2, 1517.4, 19.7) Screen 1920x1080
[19:33:44] [CAMERA-LOCK] Active camera found at 0x04279C6C: Pos (3316.2, 1517.4, 19.7) Screen 1920x1080
[19:33:46] [CAMERA-LOCK] Active camera found at 0x04279C6C: Pos (3316.2, 1517.4, 19.7) Screen 1920x1080
[19:33:48] [CAMERA-LOCK] Active camera found at 0x04279C6C: Pos (3316.2, 1517.4, 19.7) Screen 1920x1080
[19:33:50] [CAMERA-LOCK] Active camera found at 0x04279C6C: Pos (3316.2, 1517.4, 19.7) Screen 1920x1080
[19:33:52] [CAMERA-LOCK] Active camera found at 0x04279C6C: Pos (3316.2, 1517.4, 19.7) Screen 1920x1080
[19:33:54] [CAMERA-LOCK] Active camera found at 0x04279C6C: Pos (3316.2, 1517.4, 19.7) Screen 1920x1080
[19:33:56] [CAMERA-LOCK] Active camera found at 0x04279C6C: Pos (3316.2, 1517.4, 19.7) Screen 1920x1080
[19:33:58] [CAMERA-LOCK] Active camera found at 0x04279C6C: Pos (3316.2, 1517.4, 19.7) Screen 1920x1080
[19:34:00] [CAMERA-LOCK] Active camera found at 0x04279C6C: Pos (3316.2, 1517.4, 19.7) Screen 1920x1080
[19:34:02] [CAMERA-LOCK] Active camera found at 0x04279C6C: Pos (3316.2, 1517.4, 19.7) Screen 1920x1080
[19:34:04] [CAMERA-LOCK] Active camera found at 0x04279C6C: Pos (3316.2, 1517.4, 19.7) Screen 1920x1080
[19:34:06] [CAMERA-LOCK] Active camera found at 0x04279C6C: Pos (3316.2, 1517.4, 19.7) Screen 1920x1080
[19:34:08] [CAMERA-LOCK] Active camera found at 0x04279C6C: Pos (3316.2, 1517.4, 19.7) Screen 1920x1080
[19:34:10] [CAMERA-LOCK] Active camera found at 0x04279C6C: Pos (3316.2, 1517.4, 19.7) Screen 1920x1080
[19:34:12] [CAMERA-LOCK] Active camera found at 0x04279C6C: Pos (3316.2, 1517.4, 19.7) Screen 1920x1080
[19:34:14] [CAMERA-LOCK] Active camera found at 0x04279C6C: Pos (3316.2, 1517.4, 19.7) Screen 1920x1080
[19:34:16] [CAMERA-LOCK] Active camera found at 0x04279C6C: Pos (3316.2, 1517.4, 19.7) Screen 1920x1080
[19:34:18] [CAMERA-LOCK] Active camera found at 0x04279C6C: Pos (3316.2, 1517.4, 19.7) Screen 1920x1080
[19:34:20] [CAMERA-LOCK] Active camera found at 0x04279C6C: Pos (3316.2, 1517.4, 19.7) Screen 1920x1080
[19:34:22] [CAMERA-LOCK] Active camera found at 0x04279C6C: Pos (3316.2, 1517.4, 19.7) Screen 1920x1080
[19:34:24] [CAMERA-LOCK] Active camera found at 0x04279C6C: Pos (3316.2, 1517.4, 19.7) Screen 1920x1080
[19:34:26] [CAMERA-LOCK] Active camera found at 0x04279C6C: Pos (3316.2, 1517.4, 19.7) Screen 1920x1080
[19:34:28] [CAMERA-LOCK] Active camera found at 0x04279C6C: Pos (3316.2, 1517.4, 19.7) Screen 1920x1080
[19:34:30] [CAMERA-LOCK] Active camera found at 0x04279C6C: Pos (3316.2, 1517.4, 19.7) Screen 1920x1080
[19:34:32] [CAMERA-LOCK] Active camera found at 0x04279C6C: Pos (3316.2, 1517.4, 19.7) Screen 1920x1080
[19:34:34] [CAMERA-LOCK] Active camera found at 0x04279C6C: Pos (3316.2, 1517.4, 19.7) Screen 1920x1080
[19:34:36] [CAMERA-LOCK] Active camera found at 0x04279C6C: Pos (3316.2, 1517.4, 19.7) Screen 1920x1080
[19:34:38] [CAMERA-LOCK] Active camera found at 0x04279C6C: Pos (3316.2, 1517.4, 19.7) Screen 1920x1080
[19:34:40] [CAMERA-LOCK] Active camera found at 0x04279C6C: Pos (3316.2, 1517.4, 19.7) Screen 1920x1080
[19:34:42] [CAMERA-LOCK] Active camera found at 0x04279C6C: Pos (3316.2, 1517.4, 19.7) Screen 1920x1080
[19:34:44] [CAMERA-LOCK] Active camera found at 0x04279C6C: Pos (3316.2, 1517.4, 19.7) Screen 1920x1080
[19:34:46] [CAMERA-LOCK] Active camera found at 0x04279C6C: Pos (3316.2, 1517.4, 19.7) Screen 1920x1080
[19:34:48] [CAMERA-LOCK] Active camera found at 0x04279C6C: Pos (3316.2, 1517.4, 19.7) Screen 1920x1080
[19:34:50] [CAMERA-LOCK] Active camera found at 0x04279C6C: Pos (3316.2, 1517.4, 19.7) Screen 1920x1080
[19:34:52] [CAMERA-LOCK] Active camera found at 0x04279C6C: Pos (3316.2, 1517.4, 19.7) Screen 1920x1080
[19:34:54] [CAMERA-LOCK] Active camera found at 0x04279C6C: Pos (3316.2, 1517.4, 19.7) Screen 1920x1080
[19:34:56] [CAMERA-LOCK] Active camera found at 0x04279C6C: Pos (3316.2, 1517.4, 19.7) Screen 1920x1080
[19:34:58] [CAMERA-LOCK] Active camera found at 0x04279C6C: Pos (3316.2, 1517.4, 19.7) Screen 1920x1080
[19:35:00] [CAMERA-LOCK] Active camera found at 0x04279C6C: Pos (3316.2, 1517.4, 19.7) Screen 1920x1080
[19:35:02] [CAMERA-LOCK] Active camera found at 0x04279C6C: Pos (3316.2, 1517.4, 19.7) Screen 1920x1080
[19:35:04] [CAMERA-LOCK] Active camera found at 0x04279C6C: Pos (3316.2, 1517.4, 19.7) Screen 1920x1080
[19:35:06] [CAMERA-LOCK] Active camera found at 0x04279C6C: Pos (3316.2, 1517.4, 19.7) Screen 1920x1080
[19:35:08] [CAMERA-LOCK] Active camera found at 0x04279C6C: Pos (3316.2, 1517.4, 19.7) Screen 1920x1080
[19:35:10] [CAMERA-LOCK] Active camera found at 0x04279C6C: Pos (3316.2, 1517.4, 19.7) Screen 1920x1080
[19:35:12] [CAMERA-LOCK] Active camera found at 0x04279C6C: Pos (3316.2, 1517.4, 19.7) Screen 1920x1080
[19:35:14] [CAMERA-LOCK] Active camera found at 0x04279C6C: Pos (3316.2, 1517.4, 19.7) Screen 1920x1080
[19:35:16] [CAMERA-LOCK] Active camera found at 0x04279C6C: Pos (3316.2, 1517.4, 19.7) Screen 1920x1080
[19:35:18] [CAMERA-LOCK] Active camera found at 0x04279C6C: Pos (3316.2, 1517.4, 19.7) Screen 1920x1080
[19:35:20] [CAMERA-LOCK] Active camera found at 0x04279C6C: Pos (3316.2, 1517.4, 19.7) Screen 1920x1080
[19:35:22] [CAMERA-LOCK] Active camera found at 0x04279C6C: Pos (3316.2, 1517.4, 19.7) Screen 1920x1080
[19:35:24] [CAMERA-LOCK] Active camera found at 0x04279C6C: Pos (3316.2, 1517.4, 19.7) Screen 1920x1080
[19:35:26] [CAMERA-LOCK] Active camera found at 0x04279C6C: Pos (3316.2, 1517.4, 19.7) Screen 1920x1080
[19:35:28] [CAMERA-LOCK] Active camera found at 0x04279C6C: Pos (3316.2, 1517.4, 19.7) Screen 1920x1080
[19:35:30] [CAMERA-LOCK] Active camera found at 0x04279C6C: Pos (3316.2, 1517.4, 19.7) Screen 1920x1080
[19:35:32] [CAMERA-LOCK] Active camera found at 0x04279C6C: Pos (3316.2, 1517.4, 19.7) Screen 1920x1080
[19:35:34] [CAMERA-LOCK] Active camera found at 0x04279C6C: Pos (3316.2, 1517.4, 19.7) Screen 1920x1080
[19:35:36] [CAMERA-LOCK] Active camera found at 0x04279C6C: Pos (3316.2, 1517.4, 19.7) Screen 1920x1080
[19:35:38] [CAMERA-LOCK] Active camera found at 0x04279C6C: Pos (3316.2, 1517.4, 19.7) Screen 1920x1080
[19:35:40] [CAMERA-LOCK] Active camera found at 0x04279C6C: Pos (3316.2, 1517.4, 19.7) Screen 1920x1080
[19:35:42] [CAMERA-LOCK] Active camera found at 0x04279C6C: Pos (3316.2, 1517.4, 19.7) Screen 1920x1080
[19:35:44] [CAMERA-LOCK] Active camera found at 0x04279C6C: Pos (3316.2, 1517.4, 19.7) Screen 1920x1080
[19:35:46] [CAMERA-LOCK] Active camera found at 0x04279C6C: Pos (3316.2, 1517.4, 19.7) Screen 1920x1080
[19:35:48] [CAMERA-LOCK] Active camera found at 0x04279C6C: Pos (3316.2, 1517.4, 19.7) Screen 1920x1080
[19:35:50] [CAMERA-LOCK] Active camera found at 0x04279C6C: Pos (3316.2, 1517.4, 19.7) Screen 1920x1080
[19:35:52] [CAMERA-LOCK] Active camera found at 0x04279C6C: Pos (3316.2, 1517.4, 19.7) Screen 1920x1080
[19:35:54] [CAMERA-LOCK] Active camera found at 0x04279C6C: Pos (3316.2, 1517.4, 19.7) Screen 1920x1080
[19:35:56] [CAMERA-LOCK] Active camera found at 0x04279C6C: Pos (3316.2, 1517.4, 19.7) Screen 1920x1080
[19:35:58] [SHUTDOWN] Proxy detaching.
[19:36:06] [INIT] binkw32 proxy attached (PID: 356)
[19:36:08] =================================================
[19:36:08] Far Cry 2 Co-op Mod - Milestone 3: 3D Marker Overlay (v4)
[19:36:08] Keys: [F4] Re-anchor Test Marker | [F3] Toggle TX
[19:36:08] =================================================
[19:36:08] [NET-TX] Broadcast sender ready on UDP :42069
[19:36:08] [SUCCESS] Dunia.dll located at 0x10000000
[19:36:08] [NET-RX] Listening for remote partner packets on UDP :42070
[19:36:12] [D3D9] Setting up Direct3D9 vtable hook...
[19:36:12] [D3D9] Original EndScene: 0x79A4DD70 | Present: 0x79A4D9B0
[19:36:12] [INPUT] Subclassed game window (0x000200A4) - system cursor suppressed!
[19:36:12] [D3D9] Present hook active! Post-processing blur eliminated.
[19:36:18] [CAMERA-LOCK] Active camera found at 0x04789C6C: Pos (3317.3, 1518.6, 12.4) Screen 1024x1024
[19:36:18] [AUTO-INIT] Test marker placed 15m ahead at (3302.9, 1518.6, 15.2)
[19:36:21] [CAMERA-LOCK] Active camera found at 0x04789C6C: Pos (3317.3, 1518.6, 19.6) Screen 1920x1080
[19:36:22] [UDP TX #66] Pos: (3317.2, 1518.6, 19.6) -> Sent to UDP :42069
[19:36:24] [CAMERA-LOCK] Active camera found at 0x04789C6C: Pos (3314.3, 1516.9, 19.7) Screen 1920x1080
[19:36:27] [CAMERA-LOCK] Active camera found at 0x04789C6C: Pos (3303.4, 1517.8, 20.1) Screen 1920x1080
[19:36:27] [UDP TX #166] Pos: (3303.4, 1517.8, 20.1) -> Sent to UDP :42069
[19:36:28] [F4] Anchored 3D marker 15m ahead at (3289.5, 1523.0, 17.7) from (3303.4, 1517.8, 20.1)
[19:36:29] [F4] Anchored 3D marker 15m ahead at (3292.4, 1522.3, 10.5) from (3302.8, 1517.1, 20.0)
[19:36:30] [CAMERA-LOCK] Active camera found at 0x04789C6C: Pos (3302.0, 1517.0, 20.0) Screen 1920x1080
[19:36:32] [UDP TX #266] Pos: (3293.0, 1524.4, 21.6) -> Sent to UDP :42069
[19:36:33] [CAMERA-LOCK] Active camera found at 0x04789C6C: Pos (3290.2, 1526.2, 22.4) Screen 1920x1080
[19:36:33] [F4] Anchored 3D marker 15m ahead at (3280.3, 1537.5, 21.9) from (3290.2, 1526.2, 22.4)
[19:36:36] [CAMERA-LOCK] Active camera found at 0x04789C6C: Pos (3283.4, 1533.4, 23.9) Screen 1920x1080
[19:36:37] [UDP TX #366] Pos: (3280.0, 1536.1, 24.3) -> Sent to UDP :42069
[19:36:39] [CAMERA-LOCK] Active camera found at 0x04789C6C: Pos (3279.7, 1541.4, 25.4) Screen 1920x1080
[19:36:42] [CAMERA-LOCK] Active camera found at 0x04789C6C: Pos (3274.5, 1545.6, 26.7) Screen 1920x1080
[19:36:42] [UDP TX #466] Pos: (3274.5, 1545.6, 26.7) -> Sent to UDP :42069
[19:36:45] [CAMERA-LOCK] Active camera found at 0x04789C6C: Pos (3275.7, 1544.6, 26.3) Screen 1920x1080
[19:36:47] [UDP TX #566] Pos: (3275.0, 1544.9, 26.5) -> Sent to UDP :42069
[19:36:48] [CAMERA-LOCK] Active camera found at 0x04789C6C: Pos (3274.4, 1545.8, 26.8) Screen 1920x1080
[19:36:51] [CAMERA-LOCK] Active camera found at 0x04789C6C: Pos (3274.4, 1545.9, 26.8) Screen 1920x1080
[19:36:52] [UDP TX #666] Pos: (3274.4, 1546.0, 26.8) -> Sent to UDP :42069
[19:36:54] [CAMERA-LOCK] Active camera found at 0x04789C6C: Pos (3274.4, 1549.2, 27.4) Screen 1920x1080
[19:36:57] [CAMERA-LOCK] Active camera found at 0x04789C6C: Pos (3274.3, 1549.2, 27.4) Screen 1920x1080
[19:36:57] [UDP TX #766] Pos: (3274.3, 1549.2, 27.4) -> Sent to UDP :42069
[19:37:00] [CAMERA-LOCK] Active camera found at 0x04789C6C: Pos (3274.1, 1547.7, 27.1) Screen 1920x1080
[19:37:02] [UDP TX #866] Pos: (3274.0, 1547.8, 27.1) -> Sent to UDP :42069
[19:37:03] [CAMERA-LOCK] Active camera found at 0x04789C6C: Pos (3274.1, 1547.6, 27.1) Screen 1920x1080
[19:37:06] [CAMERA-LOCK] Active camera found at 0x04789C6C: Pos (3274.1, 1547.7, 27.1) Screen 1920x1080
[19:37:07] [UDP TX #966] Pos: (3274.1, 1547.7, 27.1) -> Sent to UDP :42069
[19:37:09] [CAMERA-LOCK] Active camera found at 0x04789C6C: Pos (3273.9, 1547.7, 27.1) Screen 1920x1080
[19:37:12] [CAMERA-LOCK] Active camera found at 0x04789C6C: Pos (3273.8, 1547.5, 27.2) Screen 1920x1080
[19:37:12] [UDP TX #1066] Pos: (3273.8, 1547.5, 27.2) -> Sent to UDP :42069
[19:37:15] [CAMERA-LOCK] Active camera found at 0x04789C6C: Pos (3270.9, 1552.8, 28.2) Screen 1920x1080
[19:37:17] [UDP TX #1166] Pos: (3273.0, 1555.4, 28.7) -> Sent to UDP :42069
[19:37:18] [CAMERA-LOCK] Active camera found at 0x04789C6C: Pos (3274.2, 1558.7, 2.6) Screen 1024x1024
[19:37:21] [CAMERA-LOCK] Active camera found at 0x04789C6C: Pos (3276.4, 1560.2, 29.4) Screen 1920x1080
[19:37:22] [UDP TX #1266] Pos: (3276.3, 1560.3, 29.4) -> Sent to UDP :42069
[19:37:24] [CAMERA-LOCK] Active camera found at 0x04789C6C: Pos (3276.3, 1560.3, 29.4) Screen 1920x1080
[19:37:27] [CAMERA-LOCK] Active camera found at 0x04789C6C: Pos (3276.4, 1560.3, 29.4) Screen 1920x1080
[19:37:27] [UDP TX #1366] Pos: (3276.4, 1560.3, 29.4) -> Sent to UDP :42069
[19:37:30] [CAMERA-LOCK] Active camera found at 0x04789C6C: Pos (3276.3, 1560.3, 29.5) Screen 1920x1080
[19:37:32] [UDP TX #1466] Pos: (3276.2, 1560.1, 29.4) -> Sent to UDP :42069
[19:37:33] [CAMERA-LOCK] Active camera found at 0x04789C6C: Pos (3276.1, 1558.2, 29.1) Screen 1920x1080
[19:37:36] [CAMERA-LOCK] Active camera found at 0x04789C6C: Pos (3278.2, 1542.3, 25.8) Screen 1920x1080
[19:37:37] [UDP TX #1566] Pos: (3278.2, 1542.3, 25.8) -> Sent to UDP :42069
[19:37:39] [CAMERA-LOCK] Active camera found at 0x04789C6C: Pos (3278.2, 1542.3, 25.8) Screen 1920x1080
[19:37:42] [CAMERA-LOCK] Active camera found at 0x04789C6C: Pos (3278.2, 1542.3, 25.8) Screen 1920x1080
[19:37:42] [UDP TX #1666] Pos: (3278.2, 1542.3, 25.8) -> Sent to UDP :42069
[19:37:45] [CAMERA-LOCK] Active camera found at 0x04789C6C: Pos (3278.2, 1542.3, 25.8) Screen 1920x1080
[19:37:47] [UDP TX #1766] Pos: (3278.2, 1542.3, 25.8) -> Sent to UDP :42069
[19:37:48] [CAMERA-LOCK] Active camera found at 0x04789C6C: Pos (3278.2, 1542.3, 25.8) Screen 1920x1080
[19:37:51] [CAMERA-LOCK] Active camera found at 0x04789C6C: Pos (3278.7, 1540.9, 25.4) Screen 1920x1080
[19:37:52] [UDP TX #1866] Pos: (3281.8, 1536.9, 24.4) -> Sent to UDP :42069
[19:37:54] [CAMERA-LOCK] Active camera found at 0x04789C6C: Pos (3283.2, 1535.3, 24.3) Screen 1920x1080
[19:37:57] [CAMERA-LOCK] Active camera found at 0x04789C6C: Pos (3281.8, 1534.1, 24.1) Screen 1920x1080
[19:37:57] [UDP TX #1966] Pos: (3281.8, 1534.1, 24.1) -> Sent to UDP :42069
[19:38:00] [CAMERA-LOCK] Active camera found at 0x04789C6C: Pos (3281.8, 1534.1, 24.1) Screen 1920x1080
[19:38:02] [UDP TX #2066] Pos: (3281.8, 1534.1, 24.1) -> Sent to UDP :42069
[19:38:03] [CAMERA-LOCK] Active camera found at 0x04789C6C: Pos (3281.8, 1534.1, 24.1) Screen 1920x1080
[19:38:06] [CAMERA-LOCK] Active camera found at 0x04789C6C: Pos (3281.8, 1534.1, 24.1) Screen 1920x1080
[19:38:07] [UDP TX #2166] Pos: (3281.8, 1534.1, 24.1) -> Sent to UDP :42069
[19:38:09] [CAMERA-LOCK] Active camera found at 0x04789C6C: Pos (3281.8, 1534.1, 24.1) Screen 1920x1080
[19:38:12] [CAMERA-LOCK] Active camera found at 0x04789C6C: Pos (3281.8, 1534.1, 24.1) Screen 1920x1080
[19:38:12] [UDP TX #2266] Pos: (3281.8, 1534.1, 24.1) -> Sent to UDP :42069
[19:38:15] [CAMERA-LOCK] Active camera found at 0x04789C6C: Pos (3281.8, 1534.1, 24.1) Screen 1920x1080
[19:38:17] [UDP TX #2366] Pos: (3281.8, 1534.1, 24.1) -> Sent to UDP :42069
[19:38:18] [CAMERA-LOCK] Active camera found at 0x04789C6C: Pos (3281.8, 1534.1, 24.1) Screen 1920x1080
[19:38:21] [CAMERA-LOCK] Active camera found at 0x04789C6C: Pos (3281.8, 1534.1, 24.1) Screen 1920x1080
[19:38:22] [UDP TX #2466] Pos: (3281.8, 1534.1, 24.1) -> Sent to UDP :42069
[19:38:25] [CAMERA-LOCK] Active camera found at 0x04789C6C: Pos (3281.8, 1534.1, 24.1) Screen 1920x1080
[19:38:28] [CAMERA-LOCK] Active camera found at 0x04789C6C: Pos (3281.8, 1534.1, 24.1) Screen 1920x1080
[19:38:28] [UDP TX #2566] Pos: (3281.8, 1534.1, 24.1) -> Sent to UDP :42069
[19:38:31] [CAMERA-LOCK] Active camera found at 0x04789C6C: Pos (3281.8, 1534.1, 24.1) Screen 1920x1080
[19:38:33] [UDP TX #2666] Pos: (3279.8, 1535.4, 24.4) -> Sent to UDP :42069
[19:38:34] [CAMERA-LOCK] Active camera found at 0x04789C6C: Pos (3281.6, 1533.0, 24.1) Screen 1920x1080
[19:38:34] [F4] Anchored 3D marker 15m ahead at (3275.4, 1544.3, 23.2) from (3282.6, 1531.2, 23.7)
[19:38:36] [F4] Anchored 3D marker 15m ahead at (3274.6, 1543.1, 16.3) from (3281.8, 1532.3, 23.8)
[19:38:36] [F4] Anchored 3D marker 15m ahead at (3278.9, 1536.5, 9.4) from (3281.8, 1532.3, 23.5)
[19:38:37] [CAMERA-LOCK] Active camera found at 0x04789C6C: Pos (3281.8, 1532.3, 23.5) Screen 1920x1080
[19:38:38] [UDP TX #2766] Pos: (3282.8, 1529.9, 23.5) -> Sent to UDP :42069
[19:38:40] [CAMERA-LOCK] Active camera found at 0x04789C6C: Pos (3285.1, 1525.3, 22.7) Screen 1920x1080
[19:38:41] [F4] Anchored 3D marker 15m ahead at (3273.5, 1542.1, 22.7) from (3281.9, 1529.7, 23.6)
[19:38:42] [F4] Anchored 3D marker 15m ahead at (3274.4, 1545.3, 23.6) from (3280.6, 1531.7, 24.0)
[19:38:42] [F4] Anchored 3D marker 15m ahead at (3274.7, 1545.4, 25.1) from (3280.6, 1531.7, 24.0)
[19:38:43] [CAMERA-LOCK] Active camera found at 0x04789C6C: Pos (3280.6, 1531.7, 24.0) Screen 1920x1080
[19:38:43] [UDP TX #2866] Pos: (3280.6, 1531.7, 24.0) -> Sent to UDP :42069
[19:38:46] [CAMERA-LOCK] Active camera found at 0x04789C6C: Pos (3274.2, 1544.3, 26.2) Screen 1920x1080
[19:38:48] [UDP TX #2966] Pos: (3271.9, 1545.9, 27.1) -> Sent to UDP :42069
[19:38:49] [CAMERA-LOCK] Active camera found at 0x04789C6C: Pos (3271.9, 1545.9, 27.1) Screen 1920x1080
[19:38:52] [CAMERA-LOCK] Active camera found at 0x04789C6C: Pos (3271.9, 1545.9, 27.1) Screen 1920x1080
[19:38:53] [UDP TX #3066] Pos: (3271.9, 1545.9, 27.1) -> Sent to UDP :42069
[19:38:55] [CAMERA-LOCK] Active camera found at 0x04789C6C: Pos (3271.9, 1545.9, 27.1) Screen 1920x1080
[19:38:58] [CAMERA-LOCK] Active camera found at 0x04789C6C: Pos (3271.9, 1545.9, 27.1) Screen 1920x1080
[19:38:58] [UDP TX #3166] Pos: (3271.9, 1545.9, 27.1) -> Sent to UDP :42069
[19:39:01] [CAMERA-LOCK] Active camera found at 0x04789C6C: Pos (3271.9, 1545.9, 27.1) Screen 1920x1080
[19:39:03] [UDP TX #3266] Pos: (3271.9, 1545.9, 27.1) -> Sent to UDP :42069
[19:39:04] [CAMERA-LOCK] Active camera found at 0x04789C6C: Pos (3271.9, 1545.9, 27.1) Screen 1920x1080
[19:39:07] [CAMERA-LOCK] Active camera found at 0x04789C6C: Pos (3271.9, 1545.9, 27.1) Screen 1920x1080
[19:39:08] [UDP TX #3366] Pos: (3271.9, 1545.9, 27.1) -> Sent to UDP :42069
[19:39:10] [CAMERA-LOCK] Active camera found at 0x04789C6C: Pos (3271.9, 1545.9, 27.1) Screen 1920x1080
[19:39:13] [CAMERA-LOCK] Active camera found at 0x04789C6C: Pos (3271.9, 1545.9, 27.1) Screen 1920x1080
[19:39:13] [UDP TX #3466] Pos: (3271.9, 1545.9, 27.1) -> Sent to UDP :42069
[19:39:16] [CAMERA-LOCK] Active camera found at 0x04789C6C: Pos (3271.9, 1545.9, 27.1) Screen 1920x1080
[19:39:18] [UDP TX #3566] Pos: (3271.9, 1545.9, 27.1) -> Sent to UDP :42069
[19:39:19] [CAMERA-LOCK] Active camera found at 0x04789C6C: Pos (3271.9, 1545.9, 27.1) Screen 1920x1080
[19:39:22] [CAMERA-LOCK] Active camera found at 0x04789C6C: Pos (3271.9, 1545.9, 27.1) Screen 1920x1080
[19:39:23] [UDP TX #3666] Pos: (3271.9, 1545.9, 27.1) -> Sent to UDP :42069
[19:39:25] [CAMERA-LOCK] Active camera found at 0x04789C6C: Pos (3271.9, 1545.9, 27.1) Screen 1920x1080
[19:39:28] [CAMERA-LOCK] Active camera found at 0x04789C6C: Pos (3271.9, 1545.9, 27.1) Screen 1920x1080
[19:39:28] [UDP TX #3766] Pos: (3271.9, 1545.9, 27.1) -> Sent to UDP :42069
[19:39:31] [CAMERA-LOCK] Active camera found at 0x04789C6C: Pos (3271.9, 1545.9, 27.1) Screen 1920x1080
[19:39:33] [UDP TX #3866] Pos: (3271.9, 1545.9, 27.1) -> Sent to UDP :42069
[19:39:34] [CAMERA-LOCK] Active camera found at 0x04789C6C: Pos (3271.9, 1545.9, 27.1) Screen 1920x1080
[19:39:37] [CAMERA-LOCK] Active camera found at 0x04789C6C: Pos (3271.9, 1545.9, 27.1) Screen 1920x1080
[19:39:38] [UDP TX #3966] Pos: (3271.9, 1545.9, 27.1) -> Sent to UDP :42069
[19:39:40] [CAMERA-LOCK] Active camera found at 0x04789C6C: Pos (3271.9, 1545.9, 27.1) Screen 1920x1080
[19:39:43] [CAMERA-LOCK] Active camera found at 0x04789C6C: Pos (3271.9, 1545.9, 27.1) Screen 1920x1080
[19:39:43] [UDP TX #4066] Pos: (3271.9, 1545.9, 27.1) -> Sent to UDP :42069
[19:39:46] [CAMERA-LOCK] Active camera found at 0x04789C6C: Pos (3271.9, 1545.9, 27.1) Screen 1920x1080
[19:39:48] [UDP TX #4166] Pos: (3271.9, 1545.9, 27.1) -> Sent to UDP :42069
[19:39:49] [CAMERA-LOCK] Active camera found at 0x04789C6C: Pos (3271.9, 1545.9, 27.1) Screen 1920x1080
[19:39:52] [CAMERA-LOCK] Active camera found at 0x04789C6C: Pos (3271.9, 1545.9, 27.1) Screen 1920x1080
[19:39:53] [UDP TX #4266] Pos: (3271.9, 1545.9, 27.1) -> Sent to UDP :42069
[19:39:55] [CAMERA-LOCK] Active camera found at 0x04789C6C: Pos (3271.9, 1545.9, 27.1) Screen 1920x1080
[19:39:58] [CAMERA-LOCK] Active camera found at 0x04789C6C: Pos (3271.9, 1545.9, 27.1) Screen 1920x1080
[19:39:58] [UDP TX #4366] Pos: (3271.9, 1545.9, 27.1) -> Sent to UDP :42069
[19:40:01] [CAMERA-LOCK] Active camera found at 0x04789C6C: Pos (3271.9, 1545.9, 27.1) Screen 1920x1080
[19:40:03] [UDP TX #4466] Pos: (3271.9, 1545.9, 27.1) -> Sent to UDP :42069
[19:40:04] [CAMERA-LOCK] Active camera found at 0x04789C6C: Pos (3271.9, 1545.9, 27.1) Screen 1920x1080
[19:40:07] [CAMERA-LOCK] Active camera found at 0x04789C6C: Pos (3271.9, 1545.9, 27.1) Screen 1920x1080
[19:40:08] [UDP TX #4566] Pos: (3271.9, 1545.9, 27.1) -> Sent to UDP :42069
[19:40:10] [CAMERA-LOCK] Active camera found at 0x04789C6C: Pos (3271.9, 1545.9, 27.1) Screen 1920x1080
[19:40:13] [CAMERA-LOCK] Active camera found at 0x04789C6C: Pos (3271.9, 1545.9, 27.1) Screen 1920x1080
[19:40:13] [UDP TX #4666] Pos: (3271.9, 1545.9, 27.1) -> Sent to UDP :42069
[19:40:16] [CAMERA-LOCK] Active camera found at 0x04789C6C: Pos (3271.9, 1545.9, 27.1) Screen 1920x1080
[19:40:18] [UDP TX #4766] Pos: (3271.9, 1545.9, 27.1) -> Sent to UDP :42069
[19:40:19] [CAMERA-LOCK] Active camera found at 0x04789C6C: Pos (3271.9, 1545.9, 27.1) Screen 1920x1080
[19:40:22] [CAMERA-LOCK] Active camera found at 0x04789C6C: Pos (3271.9, 1545.9, 27.1) Screen 1920x1080
[19:40:23] [UDP TX #4866] Pos: (3271.9, 1545.9, 27.1) -> Sent to UDP :42069
[19:40:25] [CAMERA-LOCK] Active camera found at 0x04789C6C: Pos (3271.9, 1545.9, 27.1) Screen 1920x1080
[19:40:28] [CAMERA-LOCK] Active camera found at 0x04789C6C: Pos (3271.9, 1545.9, 27.1) Screen 1920x1080
[19:40:28] [UDP TX #4966] Pos: (3271.9, 1545.9, 27.1) -> Sent to UDP :42069
[19:40:31] [CAMERA-LOCK] Active camera found at 0x04789C6C: Pos (3271.9, 1545.9, 27.1) Screen 1920x1080
[19:40:33] [UDP TX #5066] Pos: (3271.9, 1545.9, 27.1) -> Sent to UDP :42069
[19:40:34] [CAMERA-LOCK] Active camera found at 0x04789C6C: Pos (3271.9, 1545.9, 27.1) Screen 1920x1080
[19:40:37] [CAMERA-LOCK] Active camera found at 0x04789C6C: Pos (3271.9, 1545.9, 27.1) Screen 1920x1080
[19:40:38] [UDP TX #5166] Pos: (3271.9, 1545.9, 27.1) -> Sent to UDP :42069
[19:40:40] [CAMERA-LOCK] Active camera found at 0x04789C6C: Pos (3271.9, 1545.9, 27.1) Screen 1920x1080
[19:40:43] [CAMERA-LOCK] Active camera found at 0x04789C6C: Pos (3271.9, 1545.9, 27.1) Screen 1920x1080
[19:40:43] [UDP TX #5266] Pos: (3271.9, 1545.9, 27.1) -> Sent to UDP :42069
[19:40:46] [CAMERA-LOCK] Active camera found at 0x04789C6C: Pos (3271.9, 1545.9, 27.1) Screen 1920x1080
[19:40:48] [UDP TX #5366] Pos: (3271.9, 1545.9, 27.1) -> Sent to UDP :42069
[19:40:49] [CAMERA-LOCK] Active camera found at 0x04789C6C: Pos (3271.9, 1545.9, 27.1) Screen 1920x1080
[19:40:52] [CAMERA-LOCK] Active camera found at 0x04789C6C: Pos (3271.9, 1545.9, 27.1) Screen 1920x1080
[19:40:53] [UDP TX #5466] Pos: (3271.9, 1545.9, 27.1) -> Sent to UDP :42069
[19:40:55] [CAMERA-LOCK] Active camera found at 0x04789C6C: Pos (3271.9, 1545.9, 27.1) Screen 1920x1080
[19:40:58] [CAMERA-LOCK] Active camera found at 0x04789C6C: Pos (3271.9, 1545.9, 27.1) Screen 1920x1080
[19:40:58] [UDP TX #5566] Pos: (3271.9, 1545.9, 27.1) -> Sent to UDP :42069
[19:41:01] [CAMERA-LOCK] Active camera found at 0x04789C6C: Pos (3271.9, 1545.9, 27.1) Screen 1920x1080
[19:41:03] [UDP TX #5666] Pos: (3271.9, 1545.9, 27.1) -> Sent to UDP :42069
[19:41:04] [CAMERA-LOCK] Active camera found at 0x04789C6C: Pos (3271.9, 1545.9, 27.1) Screen 1920x1080
[19:41:07] [CAMERA-LOCK] Active camera found at 0x04789C6C: Pos (3271.9, 1545.9, 27.1) Screen 1920x1080
[19:41:08] [UDP TX #5766] Pos: (3271.9, 1545.9, 27.1) -> Sent to UDP :42069
[19:41:10] [CAMERA-LOCK] Active camera found at 0x04789C6C: Pos (3271.9, 1545.9, 27.1) Screen 1920x1080
[19:41:13] [CAMERA-LOCK] Active camera found at 0x04789C6C: Pos (3271.9, 1545.9, 27.1) Screen 1920x1080
[19:41:13] [UDP TX #5866] Pos: (3271.9, 1545.9, 27.1) -> Sent to UDP :42069
[19:41:16] [CAMERA-LOCK] Active camera found at 0x04789C6C: Pos (3271.9, 1545.9, 27.1) Screen 1920x1080
[19:41:18] [UDP TX #5966] Pos: (3271.9, 1545.9, 27.1) -> Sent to UDP :42069
[19:41:19] [CAMERA-LOCK] Active camera found at 0x04789C6C: Pos (3271.9, 1545.9, 27.1) Screen 1920x1080
[19:41:22] [CAMERA-LOCK] Active camera found at 0x04789C6C: Pos (3271.9, 1545.9, 27.1) Screen 1920x1080
[19:41:23] [UDP TX #6066] Pos: (3271.9, 1545.9, 27.1) -> Sent to UDP :42069
[19:41:25] [CAMERA-LOCK] Active camera found at 0x04789C6C: Pos (3271.9, 1545.9, 27.1) Screen 1920x1080
[19:41:26] [SHUTDOWN] Proxy detaching.
[08:46:38] [INIT] binkw32 proxy attached (PID: 356)
[08:46:40] =================================================
[08:46:40] Far Cry 2 Co-op Mod - Milestone 4: Entity Spawning
[08:46:40] Keys: [F3] Toggle TX | [F4] Anchor Marker
[08:46:40]        [F5] Spawn Buddy | [F6] Teleport Buddy
[08:46:40] =================================================
[08:46:40] [NET-TX] Broadcast sender ready on UDP :42069
[08:46:40] [SUCCESS] Dunia.dll located at 0x10000000
[08:46:40] [NET-RX] Listening for remote partner packets on UDP :42070
[08:46:44] [D3D9] Setting up Direct3D9 vtable hook...
[08:46:44] [D3D9] Original EndScene: 0x79A4DD70 | Present: 0x79A4D9B0
[08:46:44] [INPUT] Subclassed game window (0x000200A4) - system cursor suppressed!
[08:46:44] [LUA-INIT] Registered 'OnBuddySpawned' callback on render thread.
[08:46:44] [D3D9] Present hook active! Post-processing blur eliminated.
[08:46:51] [CAMERA-LOCK] Active camera found at 0x04789C6C: Pos (3317.3, 1518.6, 12.4) Screen 1024x1024
[08:46:51] [AUTO-INIT] Test marker placed 15m ahead at (3302.9, 1518.6, 15.2)
[08:46:53] [CAMERA-LOCK] Active camera found at 0x04789C6C: Pos (3317.3, 1518.6, 19.6) Screen 1920x1080
[08:46:54] [UDP TX #55] Pos: (3317.3, 1518.6, 19.6) -> Sent to UDP :42069
[08:46:56] [CAMERA-LOCK] Active camera found at 0x04789C6C: Pos (3314.8, 1517.5, 19.7) Screen 1920x1080
[08:46:59] [CAMERA-LOCK] Active camera found at 0x04789C6C: Pos (3303.4, 1519.5, 19.9) Screen 1920x1080
[08:46:59] [UDP TX #155] Pos: (3303.4, 1519.5, 19.9) -> Sent to UDP :42069
[08:47:02] [CAMERA-LOCK] Active camera found at 0x04789C6C: Pos (3297.3, 1517.8, 20.7) Screen 1920x1080
[08:47:02] [F4] Anchored 3D marker 15m ahead at (3311.2, 1517.3, 15.7) from (3297.1, 1517.8, 20.7)
[08:47:03] [F4] Anchored 3D marker 15m ahead at (3311.8, 1517.9, 14.1) from (3297.1, 1517.8, 11.2)
[08:47:04] [F4] Anchored 3D marker 15m ahead at (3311.2, 1518.2, 17.3) from (3296.6, 1517.8, 20.8)
[08:47:04] [UDP TX #255] Pos: (3296.2, 1517.8, 20.8) -> Sent to UDP :42069
[08:47:05] [F4] Anchored 3D marker 15m ahead at (3308.5, 1520.0, 17.4) from (3294.1, 1517.7, 21.1)
[08:47:05] [CAMERA-LOCK] Active camera found at 0x04789C6C: Pos (3293.3, 1517.8, 21.1) Screen 1920x1080
[08:47:05] [F4] Anchored 3D marker 15m ahead at (3288.4, 1530.7, 15.2) from (3293.2, 1517.8, 21.2)
[08:47:06] [F4] Anchored 3D marker 15m ahead at (3283.3, 1529.0, 20.2) from (3293.1, 1517.7, 21.3)
[08:47:06] [F4] Anchored 3D marker 15m ahead at (3282.8, 1528.5, 22.6) from (3293.1, 1517.7, 21.3)
[08:47:08] [CAMERA-LOCK] Active camera found at 0x04789C6C: Pos (3286.5, 1524.9, 22.6) Screen 1920x1080
[08:47:09] [UDP TX #355] Pos: (3283.8, 1527.5, 23.1) -> Sent to UDP :42069
[08:47:11] [CAMERA-LOCK] Active camera found at 0x04789C6C: Pos (3284.3, 1525.3, 22.8) Screen 1920x1080
[08:47:14] [CAMERA-LOCK] Active camera found at 0x04789C6C: Pos (3284.3, 1525.3, 22.8) Screen 1920x1080
[08:47:14] [UDP TX #455] Pos: (3284.3, 1525.3, 22.8) -> Sent to UDP :42069
[08:47:17] [CAMERA-LOCK] Active camera found at 0x04789C6C: Pos (3284.3, 1525.3, 22.8) Screen 1920x1080
[08:47:19] [UDP TX #555] Pos: (3284.3, 1525.3, 22.8) -> Sent to UDP :42069
[08:47:20] [CAMERA-LOCK] Active camera found at 0x04789C6C: Pos (3284.3, 1525.3, 22.8) Screen 1920x1080
[08:47:23] [CAMERA-LOCK] Active camera found at 0x04789C6C: Pos (3284.3, 1525.3, 22.8) Screen 1920x1080
[08:47:24] [UDP TX #655] Pos: (3284.3, 1525.3, 22.8) -> Sent to UDP :42069
[08:47:26] [CAMERA-LOCK] Active camera found at 0x04789C6C: Pos (3284.3, 1525.3, 22.8) Screen 1920x1080
[08:47:29] [CAMERA-LOCK] Active camera found at 0x04789C6C: Pos (3284.3, 1525.3, 22.8) Screen 1920x1080
[08:47:29] [UDP TX #755] Pos: (3284.3, 1525.3, 22.8) -> Sent to UDP :42069
[08:47:32] [CAMERA-LOCK] Active camera found at 0x04789C6C: Pos (3284.3, 1525.3, 22.8) Screen 1920x1080
[08:47:34] [F5] Spawn buddy requested (archetype: BUDDY_Hakim_Echebbi)
[08:47:34] [SPAWN] Spawning archetype 'BUDDY_Hakim_Echebbi' at (3282.6, 1528.7, 20.0)...
[08:47:34] [SPAWN-ERROR] lua_dostring returned code 1
[08:47:34] [UDP TX #855] Pos: (3284.1, 1525.8, 22.9) -> Sent to UDP :42069
[08:47:35] [CAMERA-LOCK] Active camera found at 0x04789C6C: Pos (3284.1, 1525.8, 22.9) Screen 1920x1080
[08:47:38] [CAMERA-LOCK] Active camera found at 0x04789C6C: Pos (3284.1, 1525.7, 22.9) Screen 1920x1080
[08:47:39] [UDP TX #955] Pos: (3284.7, 1523.8, 22.7) -> Sent to UDP :42069
[08:47:41] [CAMERA-LOCK] Active camera found at 0x04789C6C: Pos (3288.0, 1522.9, 22.2) Screen 1920x1080
[08:47:44] [CAMERA-LOCK] Active camera found at 0x04789C6C: Pos (3286.6, 1524.2, 22.5) Screen 1920x1080
[08:47:44] [UDP TX #1055] Pos: (3286.6, 1524.2, 22.5) -> Sent to UDP :42069
[08:47:47] [CAMERA-LOCK] Active camera found at 0x04789C6C: Pos (3286.6, 1524.2, 22.5) Screen 1920x1080
[08:47:49] [UDP TX #1155] Pos: (3286.6, 1524.2, 22.5) -> Sent to UDP :42069
[08:47:50] [CAMERA-LOCK] Active camera found at 0x04789C6C: Pos (3286.6, 1524.2, 22.5) Screen 1920x1080
[08:47:53] [CAMERA-LOCK] Active camera found at 0x04789C6C: Pos (3286.6, 1524.2, 22.5) Screen 1920x1080
[08:47:54] [UDP TX #1255] Pos: (3286.6, 1524.2, 22.5) -> Sent to UDP :42069
[08:47:56] [CAMERA-LOCK] Active camera found at 0x04789C6C: Pos (3286.6, 1524.2, 22.5) Screen 1920x1080
[08:47:57] [F6] Teleport buddy requested to (3282.8, 1528.5, 22.6)
[08:47:57] [TELEPORT] Buddy not spawned yet! Press [F5] first.
[08:47:58] [F6] Teleport buddy requested to (3282.8, 1528.5, 22.6)
[08:47:58] [TELEPORT] Buddy not spawned yet! Press [F5] first.
[08:47:59] [F6] Teleport buddy requested to (3282.8, 1528.5, 22.6)
[08:47:59] [TELEPORT] Buddy not spawned yet! Press [F5] first.
[08:47:59] [CAMERA-LOCK] Active camera found at 0x04789C6C: Pos (3286.6, 1524.2, 22.5) Screen 1920x1080
[08:47:59] [UDP TX #1355] Pos: (3286.6, 1524.2, 22.5) -> Sent to UDP :42069
[08:48:02] [CAMERA-LOCK] Active camera found at 0x04789C6C: Pos (3286.6, 1524.2, 22.5) Screen 1920x1080
[08:48:04] [UDP TX #1455] Pos: (3286.6, 1524.2, 22.5) -> Sent to UDP :42069
[08:48:05] [CAMERA-LOCK] Active camera found at 0x04789C6C: Pos (3286.6, 1524.2, 22.5) Screen 1920x1080
[08:48:08] [CAMERA-LOCK] Active camera found at 0x04789C6C: Pos (3286.6, 1524.2, 22.5) Screen 1920x1080
[08:48:09] [UDP TX #1555] Pos: (3286.6, 1524.2, 22.5) -> Sent to UDP :42069
[08:48:11] [CAMERA-LOCK] Active camera found at 0x04789C6C: Pos (3286.6, 1524.2, 22.5) Screen 1920x1080
[08:48:12] [F4] Anchored 3D marker 15m ahead at (3277.9, 1536.4, 22.0) from (3286.6, 1524.2, 22.5)
[08:48:14] [F4] Anchored 3D marker 15m ahead at (3279.1, 1537.1, 20.9) from (3286.6, 1524.2, 22.5)
[08:48:14] [CAMERA-LOCK] Active camera found at 0x04789C6C: Pos (3286.6, 1524.2, 22.5) Screen 1920x1080
[08:48:14] [UDP TX #1655] Pos: (3286.6, 1524.2, 22.5) -> Sent to UDP :42069
[08:48:15] [F4] Anchored 3D marker 15m ahead at (3278.7, 1536.9, 21.8) from (3286.6, 1524.2, 22.5)
[08:48:17] [CAMERA-LOCK] Active camera found at 0x04789C6C: Pos (3286.6, 1524.2, 22.5) Screen 1920x1080
[08:48:19] [UDP TX #1755] Pos: (3286.6, 1524.2, 22.5) -> Sent to UDP :42069
[08:48:20] [CAMERA-LOCK] Active camera found at 0x04789C6C: Pos (3286.6, 1524.2, 22.5) Screen 1920x1080
[08:48:23] [CAMERA-LOCK] Active camera found at 0x04789C6C: Pos (3286.7, 1524.2, 22.5) Screen 1920x1080
[08:48:24] [F5] Spawn buddy requested (archetype: BUDDY_Hakim_Echebbi)
[08:48:24] [SPAWN] Spawning archetype 'BUDDY_Hakim_Echebbi' at (3284.6, 1527.0, 20.6)...
[08:48:24] [SPAWN-ERROR] lua_dostring returned code 1
[08:48:24] [UDP TX #1855] Pos: (3286.6, 1524.2, 22.5) -> Sent to UDP :42069
[08:48:27] [CAMERA-LOCK] Active camera found at 0x04789C6C: Pos (3286.6, 1524.2, 22.5) Screen 1920x1080
[08:48:30] [CAMERA-LOCK] Active camera found at 0x04789C6C: Pos (3286.6, 1524.2, 22.5) Screen 1920x1080
[08:48:30] [UDP TX #1955] Pos: (3286.6, 1524.2, 22.5) -> Sent to UDP :42069
[08:48:33] [CAMERA-LOCK] Active camera found at 0x04789C6C: Pos (3286.6, 1524.2, 22.5) Screen 1920x1080
[08:48:35] [UDP TX #2055] Pos: (3286.6, 1524.2, 22.5) -> Sent to UDP :42069
[08:48:36] [CAMERA-LOCK] Active camera found at 0x04789C6C: Pos (3286.6, 1524.2, 22.5) Screen 1920x1080
[08:48:39] [CAMERA-LOCK] Active camera found at 0x04789C6C: Pos (3286.6, 1524.2, 22.5) Screen 1920x1080
[08:48:40] [UDP TX #2155] Pos: (3286.6, 1524.2, 22.5) -> Sent to UDP :42069
[08:48:42] [CAMERA-LOCK] Active camera found at 0x04789C6C: Pos (3286.6, 1524.2, 22.5) Screen 1920x1080
[08:48:45] [CAMERA-LOCK] Active camera found at 0x04789C6C: Pos (3286.6, 1524.2, 22.5) Screen 1920x1080
[08:48:45] [UDP TX #2255] Pos: (3286.6, 1524.2, 22.5) -> Sent to UDP :42069
[08:48:48] [CAMERA-LOCK] Active camera found at 0x04789C6C: Pos (3286.6, 1524.2, 22.5) Screen 1920x1080
[08:48:49] [F6] Teleport buddy requested to (3278.7, 1536.9, 21.8)
[08:48:49] [TELEPORT] Buddy not spawned yet! Press [F5] first.
[08:48:50] [UDP TX #2355] Pos: (3286.6, 1524.2, 22.5) -> Sent to UDP :42069
[08:48:50] [F6] Teleport buddy requested to (3278.7, 1536.9, 21.8)
[08:48:50] [TELEPORT] Buddy not spawned yet! Press [F5] first.
[08:48:51] [CAMERA-LOCK] Active camera found at 0x04789C6C: Pos (3286.6, 1524.2, 22.5) Screen 1920x1080
[08:48:52] [F6] Teleport buddy requested to (3278.7, 1536.9, 21.8)
[08:48:52] [TELEPORT] Buddy not spawned yet! Press [F5] first.
[08:48:52] [F6] Teleport buddy requested to (3278.7, 1536.9, 21.8)
[08:48:52] [TELEPORT] Buddy not spawned yet! Press [F5] first.
[08:48:53] [F6] Teleport buddy requested to (3278.7, 1536.9, 21.8)
[08:48:53] [TELEPORT] Buddy not spawned yet! Press [F5] first.
[08:48:53] [F6] Teleport buddy requested to (3278.7, 1536.9, 21.8)
[08:48:53] [TELEPORT] Buddy not spawned yet! Press [F5] first.
[08:48:54] [CAMERA-LOCK] Active camera found at 0x04789C6C: Pos (3286.7, 1524.2, 22.5) Screen 1920x1080
[08:48:54] [F6] Teleport buddy requested to (3278.7, 1536.9, 21.8)
[08:48:54] [TELEPORT] Buddy not spawned yet! Press [F5] first.
[08:48:54] [F6] Teleport buddy requested to (3278.7, 1536.9, 21.8)
[08:48:54] [TELEPORT] Buddy not spawned yet! Press [F5] first.
[08:48:55] [F6] Teleport buddy requested to (3278.7, 1536.9, 21.8)
[08:48:55] [UDP TX #2455] Pos: (3286.6, 1524.2, 22.5) -> Sent to UDP :42069
[08:48:55] [TELEPORT] Buddy not spawned yet! Press [F5] first.
[08:48:57] [CAMERA-LOCK] Active camera found at 0x04789C6C: Pos (3286.8, 1524.0, 22.5) Screen 1920x1080
[08:48:58] [F6] Teleport buddy requested to (3278.7, 1536.9, 21.8)
[08:48:58] [TELEPORT] Buddy not spawned yet! Press [F5] first.
[08:48:59] [F6] Teleport buddy requested to (3278.7, 1536.9, 21.8)
[08:48:59] [TELEPORT] Buddy not spawned yet! Press [F5] first.
[08:49:00] [CAMERA-LOCK] Active camera found at 0x04789C6C: Pos (3286.6, 1524.2, 22.5) Screen 1920x1080
[08:49:00] [UDP TX #2555] Pos: (3286.6, 1524.2, 22.5) -> Sent to UDP :42069
[08:49:03] [CAMERA-LOCK] Active camera found at 0x04789C6C: Pos (3286.6, 1524.2, 22.5) Screen 1920x1080
[08:49:05] [UDP TX #2655] Pos: (3286.6, 1524.2, 22.5) -> Sent to UDP :42069
[08:49:06] [CAMERA-LOCK] Active camera found at 0x04789C6C: Pos (3286.6, 1524.2, 22.5) Screen 1920x1080
[08:49:09] [CAMERA-LOCK] Active camera found at 0x04789C6C: Pos (3286.6, 1524.2, 22.5) Screen 1920x1080
[08:49:10] [UDP TX #2755] Pos: (3286.6, 1524.2, 22.5) -> Sent to UDP :42069
[08:49:10] [F5] Spawn buddy requested (archetype: BUDDY_Hakim_Echebbi)
[08:49:10] [SPAWN] Spawning archetype 'BUDDY_Hakim_Echebbi' at (3284.7, 1527.1, 20.7)...
[08:49:10] [SPAWN-ERROR] lua_dostring returned code 1
[08:49:11] [F6] Teleport buddy requested to (3278.7, 1536.9, 21.8)
[08:49:11] [TELEPORT] Buddy not spawned yet! Press [F5] first.
[08:49:12] [CAMERA-LOCK] Active camera found at 0x04789C6C: Pos (3286.7, 1524.2, 22.5) Screen 1920x1080
[08:49:15] [CAMERA-LOCK] Active camera found at 0x04789C6C: Pos (3286.7, 1524.2, 22.5) Screen 1920x1080
[08:49:15] [UDP TX #2855] Pos: (3286.7, 1524.2, 22.5) -> Sent to UDP :42069
[08:49:18] [CAMERA-LOCK] Active camera found at 0x04789C6C: Pos (3286.6, 1524.2, 22.5) Screen 1920x1080
[08:49:18] [F4] Anchored 3D marker 15m ahead at (3280.2, 1537.6, 20.3) from (3286.6, 1524.2, 22.5)
[08:49:18] [F4] Anchored 3D marker 15m ahead at (3279.2, 1537.2, 21.6) from (3286.6, 1524.2, 22.5)
[08:49:20] [UDP TX #2955] Pos: (3286.7, 1524.2, 22.5) -> Sent to UDP :42069
[08:49:21] [CAMERA-LOCK] Active camera found at 0x04789C6C: Pos (3285.8, 1524.9, 22.7) Screen 1920x1080
[08:49:21] [F4] Anchored 3D marker 15m ahead at (3273.2, 1519.1, 25.7) from (3286.5, 1525.3, 22.7)
[08:49:23] [F4] Anchored 3D marker 15m ahead at (3279.7, 1529.8, 35.1) from (3286.7, 1525.4, 22.5)
[08:49:24] [F4] Anchored 3D marker 15m ahead at (3274.9, 1531.2, 29.9) from (3286.6, 1525.4, 22.7)
[08:49:24] [CAMERA-LOCK] Active camera found at 0x04789C6C: Pos (3286.6, 1525.4, 22.7) Screen 1920x1080
[08:49:24] [F4] Anchored 3D marker 15m ahead at (3273.8, 1530.5, 28.6) from (3286.6, 1525.4, 22.7)
[08:49:25] [UDP TX #3055] Pos: (3286.7, 1525.4, 22.6) -> Sent to UDP :42069
[08:49:25] [F4] Anchored 3D marker 15m ahead at (3287.0, 1532.5, 35.7) from (3286.7, 1525.3, 22.5)
[08:49:26] [F4] Anchored 3D marker 15m ahead at (3286.7, 1525.6, 37.3) from (3286.7, 1525.4, 22.3)
[08:49:27] [CAMERA-LOCK] Active camera found at 0x04789C6C: Pos (3286.7, 1525.3, 22.6) Screen 1920x1080
[08:49:30] [CAMERA-LOCK] Active camera found at 0x04789C6C: Pos (3295.1, 1526.2, 21.6) Screen 1920x1080
[08:49:30] [UDP TX #3155] Pos: (3295.1, 1526.2, 21.6) -> Sent to UDP :42069
[08:49:30] [F4] Anchored 3D marker 15m ahead at (3298.9, 1529.7, 35.7) from (3295.1, 1526.2, 21.6)
[08:49:31] [F4] Anchored 3D marker 15m ahead at (3297.3, 1528.4, 36.2) from (3295.1, 1526.2, 21.6)
[08:49:33] [CAMERA-LOCK] Active camera found at 0x04789C6C: Pos (3295.1, 1526.2, 21.8) Screen 1920x1080
[08:49:35] [UDP TX #3255] Pos: (3295.1, 1526.2, 21.8) -> Sent to UDP :42069
[08:49:36] [CAMERA-LOCK] Active camera found at 0x04789C6C: Pos (3295.1, 1526.2, 21.8) Screen 1920x1080
[08:49:36] [F5] Spawn buddy requested (archetype: BUDDY_Hakim_Echebbi)
[08:49:36] [SPAWN] Spawning archetype 'BUDDY_Hakim_Echebbi' at (3296.5, 1528.4, 22.6)...
[08:49:36] [SPAWN-ERROR] lua_dostring returned code 1
[08:49:37] [F6] Teleport buddy requested to (3297.3, 1528.4, 36.2)
[08:49:37] [TELEPORT] Buddy not spawned yet! Press [F5] first.
[08:49:39] [CAMERA-LOCK] Active camera found at 0x04789C6C: Pos (3295.1, 1526.2, 21.7) Screen 1920x1080
[08:49:40] [UDP TX #3355] Pos: (3295.1, 1526.2, 21.7) -> Sent to UDP :42069
[08:49:40] [F6] Teleport buddy requested to (3297.3, 1528.4, 36.2)
[08:49:40] [TELEPORT] Buddy not spawned yet! Press [F5] first.
[08:49:40] [F6] Teleport buddy requested to (3297.3, 1528.4, 36.2)
[08:49:40] [TELEPORT] Buddy not spawned yet! Press [F5] first.
[08:49:41] [F6] Teleport buddy requested to (3297.3, 1528.4, 36.2)
[08:49:41] [TELEPORT] Buddy not spawned yet! Press [F5] first.
[08:49:41] [F6] Teleport buddy requested to (3297.3, 1528.4, 36.2)
[08:49:41] [TELEPORT] Buddy not spawned yet! Press [F5] first.
[08:49:42] [CAMERA-LOCK] Active camera found at 0x04789C6C: Pos (3295.1, 1526.2, 21.7) Screen 1920x1080
[08:49:45] [CAMERA-LOCK] Active camera found at 0x04789C6C: Pos (3295.1, 1526.2, 21.7) Screen 1920x1080
[08:49:45] [UDP TX #3455] Pos: (3295.1, 1526.2, 21.7) -> Sent to UDP :42069
[08:49:48] [CAMERA-LOCK] Active camera found at 0x04789C6C: Pos (3295.1, 1526.2, 21.7) Screen 1920x1080
[08:49:50] [UDP TX #3555] Pos: (3295.1, 1526.2, 21.7) -> Sent to UDP :42069
[08:49:51] [CAMERA-LOCK] Active camera found at 0x04789C6C: Pos (3295.1, 1526.2, 21.7) Screen 1920x1080
[08:49:54] [CAMERA-LOCK] Active camera found at 0x04789C6C: Pos (3295.1, 1526.2, 21.7) Screen 1920x1080
[08:49:54] [SHUTDOWN] Proxy detaching.
[09:00:52] [INIT] binkw32 proxy attached (PID: 356)
[09:00:54] =================================================
[09:00:54] Far Cry 2 Co-op Mod - Milestone 4: Entity Spawning
[09:00:54] Keys: [F3] Toggle TX | [F4] Anchor Marker
[09:00:54]        [F7 / Num7] Spawn Buddy | [F8 / Num8] Teleport Buddy
[09:00:54] =================================================
[09:00:54] [NET-TX] Broadcast sender ready on UDP :42069
[09:00:54] [SUCCESS] Dunia.dll located at 0x10000000
[09:00:54] [NET-RX] Listening for remote partner packets on UDP :42070
[09:00:58] [D3D9] Setting up Direct3D9 vtable hook...
[09:00:59] [D3D9] Original EndScene: 0x79A4DD70 | Present: 0x79A4D9B0
[09:00:59] [INPUT] Subclassed game window (0x000200A4) - system cursor suppressed!
[09:00:59] [LUA-INIT] Registered 'OnBuddySpawned' callback on render thread.
[09:00:59] [D3D9] Present hook active! Post-processing blur eliminated.
[09:01:06] [CAMERA-LOCK] Active camera found at 0x04279C6C: Pos (3286.6, 1524.2, 9.5) Screen 1024x1024
[09:01:06] [AUTO-INIT] Test marker placed 15m ahead at (3278.0, 1536.4, 21.0)
[09:01:08] [CAMERA-LOCK] Active camera found at 0x04279C6C: Pos (3286.6, 1524.2, 22.5) Screen 1920x1080
[09:01:09] [UDP TX #55] Pos: (3286.6, 1524.2, 22.5) -> Sent to UDP :42069
[09:01:11] [CAMERA-LOCK] Active camera found at 0x04279C6C: Pos (3285.3, 1526.1, 22.8) Screen 1920x1080
[09:01:14] [CAMERA-LOCK] Active camera found at 0x04279C6C: Pos (3286.1, 1525.2, 22.7) Screen 1920x1080
[09:01:14] [UDP TX #155] Pos: (3286.1, 1525.2, 22.7) -> Sent to UDP :42069
[09:01:14] [F4] Anchored 3D marker 15m ahead at (3274.1, 1534.1, 22.8) from (3286.1, 1525.1, 22.7)
[09:01:15] [F4] Anchored 3D marker 15m ahead at (3278.4, 1538.0, 21.9) from (3286.1, 1525.2, 22.7)
[09:01:17] [CAMERA-LOCK] Active camera found at 0x04279C6C: Pos (3286.1, 1525.2, 22.7) Screen 1920x1080
[09:01:17] [SPAWN-KEY] Spawn buddy requested (archetype: BUDDY_Hakim_Echebbi)
[09:01:17] [SPAWN] Spawning archetype 'BUDDY_Hakim_Echebbi' at (3284.0, 1528.0, 21.0)...
[09:01:17] [BUDDY-SPAWN] Received Spawn ID: 18446744073709551615 (0xFFFFFFFFFFFFFFFF)
[09:01:17] [BUDDY-SPAWN] SUCCESS! CEntity pointer resolved: 0x00000000
[09:01:17] [SPAWN-OK] lua_dostring finished successfully.
[09:01:19] [UDP TX #255] Pos: (3287.1, 1524.6, 22.5) -> Sent to UDP :42069
[09:01:20] [CAMERA-LOCK] Active camera found at 0x04279C6C: Pos (3286.5, 1526.5, 22.8) Screen 1920x1080
[09:01:23] [CAMERA-LOCK] Active camera found at 0x04279C6C: Pos (3286.5, 1526.5, 22.8) Screen 1920x1080
[09:01:24] [UDP TX #355] Pos: (3286.5, 1526.5, 22.8) -> Sent to UDP :42069
[09:01:26] [CAMERA-LOCK] Active camera found at 0x04279C6C: Pos (3286.5, 1526.5, 22.8) Screen 1920x1080
[09:01:29] [CAMERA-LOCK] Active camera found at 0x04279C6C: Pos (3286.5, 1526.5, 22.8) Screen 1920x1080
[09:01:29] [UDP TX #455] Pos: (3286.5, 1526.5, 22.8) -> Sent to UDP :42069
[09:01:32] [CAMERA-LOCK] Active camera found at 0x04279C6C: Pos (3286.5, 1526.5, 22.8) Screen 1920x1080
[09:01:34] [UDP TX #555] Pos: (3286.5, 1526.6, 9.2) -> Sent to UDP :42069
[09:01:35] [CAMERA-LOCK] Active camera found at 0x04279C6C: Pos (3286.6, 1527.0, 22.9) Screen 1920x1080
[09:01:37] [TELEPORT-KEY] Teleport buddy requested to (3278.4, 1538.0, 21.9)
[09:01:37] [TELEPORT] Buddy not spawned yet! Press [F5] first.
[09:01:38] [CAMERA-LOCK] Active camera found at 0x04279C6C: Pos (3286.5, 1527.2, 22.9) Screen 1920x1080
[09:01:39] [UDP TX #655] Pos: (3285.0, 1527.6, 23.0) -> Sent to UDP :42069
[09:01:41] [CAMERA-LOCK] Active camera found at 0x04279C6C: Pos (3278.8, 1536.9, 24.9) Screen 1920x1080
[09:01:44] [CAMERA-LOCK] Active camera found at 0x04279C6C: Pos (3283.0, 1535.1, 24.4) Screen 1920x1080
[09:01:44] [UDP TX #755] Pos: (3283.0, 1535.1, 24.4) -> Sent to UDP :42069
[09:01:47] [CAMERA-LOCK] Active camera found at 0x04279C6C: Pos (3290.0, 1524.5, 22.1) Screen 1920x1080
[09:01:49] [F4] Anchored 3D marker 15m ahead at (3312.9, 1519.9, 17.8) from (3298.3, 1521.4, 20.8)
[09:01:49] [UDP TX #855] Pos: (3299.0, 1521.4, 20.7) -> Sent to UDP :42069
[09:01:50] [CAMERA-LOCK] Active camera found at 0x04279C6C: Pos (3305.8, 1520.2, 19.9) Screen 1920x1080
[09:01:51] [F4] Anchored 3D marker 15m ahead at (3323.5, 1517.9, 17.6) from (3308.8, 1519.8, 19.8)
[09:01:51] [F4] Anchored 3D marker 15m ahead at (3326.0, 1519.5, 17.6) from (3311.1, 1519.7, 19.7)
[09:01:53] [CAMERA-LOCK] Active camera found at 0x04279C6C: Pos (3317.0, 1524.2, 19.7) Screen 1920x1080
[09:01:54] [UDP TX #955] Pos: (3318.8, 1528.6, 19.7) -> Sent to UDP :42069
[09:01:56] [CAMERA-LOCK] Active camera found at 0x04279C6C: Pos (3315.6, 1535.8, 19.7) Screen 1920x1080
[09:01:56] [F4] Anchored 3D marker 15m ahead at (3305.8, 1544.5, 27.0) from (3315.6, 1535.8, 19.7)
[09:01:58] [F4] Anchored 3D marker 15m ahead at (3313.7, 1537.3, 34.1) from (3315.7, 1534.9, 19.4)
[09:01:59] [CAMERA-LOCK] Active camera found at 0x04279C6C: Pos (3315.7, 1534.9, 19.4) Screen 1920x1080
[09:01:59] [UDP TX #1055] Pos: (3315.7, 1534.9, 19.4) -> Sent to UDP :42069
[09:02:02] [CAMERA-LOCK] Active camera found at 0x04279C6C: Pos (3315.6, 1535.2, 19.6) Screen 1920x1080
[09:02:04] [UDP TX #1155] Pos: (3315.6, 1535.2, 19.6) -> Sent to UDP :42069
[09:02:05] [CAMERA-LOCK] Active camera found at 0x04279C6C: Pos (3315.6, 1535.2, 19.6) Screen 1920x1080
[09:02:08] [CAMERA-LOCK] Active camera found at 0x04279C6C: Pos (3315.6, 1535.2, 19.6) Screen 1920x1080
[09:02:09] [UDP TX #1255] Pos: (3315.6, 1535.2, 19.6) -> Sent to UDP :42069
[09:02:11] [CAMERA-LOCK] Active camera found at 0x04279C6C: Pos (3315.6, 1535.2, 19.6) Screen 1920x1080
[09:02:14] [CAMERA-LOCK] Active camera found at 0x04279C6C: Pos (3315.6, 1535.2, 19.6) Screen 1920x1080
[09:02:14] [UDP TX #1355] Pos: (3315.6, 1535.2, 19.6) -> Sent to UDP :42069
[09:02:15] [SPAWN-KEY] Spawn buddy requested (archetype: BUDDY_Hakim_Echebbi)
[09:02:15] [SPAWN] Spawning archetype 'BUDDY_Hakim_Echebbi' at (3314.2, 1536.6, 21.0)...
[09:02:15] [BUDDY-SPAWN] Received Spawn ID: 18446744073709551615 (0xFFFFFFFFFFFFFFFF)
[09:02:15] [BUDDY-SPAWN] SUCCESS! CEntity pointer resolved: 0x00000000
[09:02:15] [SPAWN-OK] lua_dostring finished successfully.
[09:02:15] [TELEPORT-KEY] Teleport buddy requested to (3313.7, 1537.3, 34.1)
[09:02:15] [TELEPORT] Buddy not spawned yet! Press [F5] first.
[09:02:17] [CAMERA-LOCK] Active camera found at 0x04279C6C: Pos (3315.6, 1535.2, 19.5) Screen 1920x1080
[09:02:18] [TELEPORT-KEY] Teleport buddy requested to (3313.7, 1537.3, 34.1)
[09:02:18] [TELEPORT] Buddy not spawned yet! Press [F5] first.
[09:02:19] [SPAWN-KEY] Spawn buddy requested (archetype: BUDDY_Hakim_Echebbi)
[09:02:19] [SPAWN] Spawning archetype 'BUDDY_Hakim_Echebbi' at (3314.5, 1536.6, 21.1)...
[09:02:19] [BUDDY-SPAWN] Received Spawn ID: 18446744073709551615 (0xFFFFFFFFFFFFFFFF)
[09:02:19] [BUDDY-SPAWN] SUCCESS! CEntity pointer resolved: 0x00000000
[09:02:19] [SPAWN-OK] lua_dostring finished successfully.
[09:02:19] [UDP TX #1455] Pos: (3315.6, 1535.2, 19.5) -> Sent to UDP :42069
[09:02:19] [TELEPORT-KEY] Teleport buddy requested to (3313.7, 1537.3, 34.1)
[09:02:19] [TELEPORT] Buddy not spawned yet! Press [F5] first.
[09:02:20] [CAMERA-LOCK] Active camera found at 0x04279C6C: Pos (3315.6, 1535.2, 19.6) Screen 1920x1080
[09:02:22] [F4] Anchored 3D marker 15m ahead at (3316.0, 1549.6, 14.9) from (3315.6, 1535.4, 19.6)
[09:02:23] [CAMERA-LOCK] Active camera found at 0x04279C6C: Pos (3315.6, 1535.3, 19.6) Screen 1920x1080
[09:02:24] [UDP TX #1555] Pos: (3315.3, 1538.1, 19.6) -> Sent to UDP :42069
[09:02:25] [F4] Anchored 3D marker 15m ahead at (3303.9, 1547.7, 21.0) from (3315.3, 1538.1, 19.7)
[09:02:26] [F4] Anchored 3D marker 15m ahead at (3304.0, 1549.3, 17.3) from (3314.5, 1538.8, 19.6)
[09:02:26] [CAMERA-LOCK] Active camera found at 0x04279C6C: Pos (3314.6, 1538.9, 19.6) Screen 1920x1080
[09:02:27] [F4] Anchored 3D marker 15m ahead at (3316.2, 1554.0, 14.5) from (3314.8, 1540.0, 19.6)
[09:02:27] [F4] Anchored 3D marker 15m ahead at (3320.7, 1553.2, 15.6) from (3314.8, 1540.0, 19.6)
[09:02:28] [F4] Anchored 3D marker 15m ahead at (3320.6, 1553.3, 15.8) from (3314.8, 1540.0, 19.6)
[09:02:29] [F4] Anchored 3D marker 15m ahead at (3321.0, 1548.0, 8.4) from (3314.9, 1540.0, 19.4)
[09:02:29] [CAMERA-LOCK] Active camera found at 0x04279C6C: Pos (3314.9, 1540.0, 19.4) Screen 1920x1080
[09:02:29] [UDP TX #1655] Pos: (3314.9, 1540.0, 19.4) -> Sent to UDP :42069
[09:02:30] [F4] Anchored 3D marker 15m ahead at (3328.4, 1545.7, 20.6) from (3314.6, 1539.8, 19.7)
[09:02:31] [F4] Anchored 3D marker 15m ahead at (3328.8, 1544.9, 19.2) from (3314.7, 1539.8, 19.7)
[09:02:31] [F4] Anchored 3D marker 15m ahead at (3329.8, 1545.7, 18.6) from (3315.8, 1540.3, 19.7)
[09:02:32] [F4] Anchored 3D marker 15m ahead at (3317.9, 1554.2, 13.6) from (3316.3, 1540.6, 19.6)
[09:02:32] [CAMERA-LOCK] Active camera found at 0x04279C6C: Pos (3316.1, 1539.9, 19.4) Screen 1920x1080
[09:02:34] [F4] Anchored 3D marker 15m ahead at (3314.7, 1547.2, 10.6) from (3316.3, 1535.2, 19.5)
[09:02:34] [UDP TX #1755] Pos: (3316.3, 1535.2, 19.5) -> Sent to UDP :42069
[09:02:35] [F4] Anchored 3D marker 15m ahead at (3315.6, 1550.0, 21.4) from (3316.3, 1535.1, 19.7)
[09:02:35] [CAMERA-LOCK] Active camera found at 0x04279C6C: Pos (3316.3, 1535.1, 12.3) Screen 1024x1024
[09:02:36] [F4] Anchored 3D marker 15m ahead at (3318.6, 1552.0, 16.6) from (3316.3, 1537.5, 19.6)
[09:02:37] [SPAWN-KEY] Spawn buddy requested (archetype: BUDDY_Hakim_Echebbi)
[09:02:37] [SPAWN] Spawning archetype 'BUDDY_Hakim_Echebbi' at (3317.0, 1541.0, 17.2)...
[09:02:37] [BUDDY-SPAWN] Received Spawn ID: 18446744073709551615 (0xFFFFFFFFFFFFFFFF)
[09:02:37] [BUDDY-SPAWN] SUCCESS! CEntity pointer resolved: 0x00000000
[09:02:37] [SPAWN-OK] lua_dostring finished successfully.
[09:02:38] [TELEPORT-KEY] Teleport buddy requested to (3318.6, 1552.0, 16.6)
[09:02:38] [TELEPORT] Buddy not spawned yet! Press [F5] first.
[09:02:38] [CAMERA-LOCK] Active camera found at 0x04279C6C: Pos (3316.4, 1537.6, 12.4) Screen 1024x1024
[09:02:38] [TELEPORT-KEY] Teleport buddy requested to (3318.6, 1552.0, 16.6)
[09:02:38] [TELEPORT] Buddy not spawned yet! Press [F5] first.
[09:02:39] [TELEPORT-KEY] Teleport buddy requested to (3318.6, 1552.0, 16.6)
[09:02:39] [TELEPORT] Buddy not spawned yet! Press [F5] first.
[09:02:39] [TELEPORT-KEY] Teleport buddy requested to (3318.6, 1552.0, 16.6)
[09:02:39] [TELEPORT] Buddy not spawned yet! Press [F5] first.
[09:02:39] [TELEPORT-KEY] Teleport buddy requested to (3318.6, 1552.0, 16.6)
[09:02:39] [TELEPORT] Buddy not spawned yet! Press [F5] first.
[09:02:39] [UDP TX #1855] Pos: (3316.5, 1537.4, 19.6) -> Sent to UDP :42069
[09:02:40] [SPAWN-KEY] Spawn buddy requested (archetype: BUDDY_Hakim_Echebbi)
[09:02:40] [SPAWN] Spawning archetype 'BUDDY_Hakim_Echebbi' at (3319.8, 1536.7, 17.2)...
[09:02:40] [BUDDY-SPAWN] Received Spawn ID: 18446744073709551615 (0xFFFFFFFFFFFFFFFF)
[09:02:40] [BUDDY-SPAWN] SUCCESS! CEntity pointer resolved: 0x00000000
[09:02:40] [SPAWN-OK] lua_dostring finished successfully.
[09:02:40] [SPAWN-KEY] Spawn buddy requested (archetype: BUDDY_Hakim_Echebbi)
[09:02:40] [SPAWN] Spawning archetype 'BUDDY_Hakim_Echebbi' at (3318.3, 1540.5, 17.8)...
[09:02:40] [BUDDY-SPAWN] Received Spawn ID: 18446744073709551615 (0xFFFFFFFFFFFFFFFF)
[09:02:40] [BUDDY-SPAWN] SUCCESS! CEntity pointer resolved: 0x00000000
[09:02:40] [SPAWN-OK] lua_dostring finished successfully.
[09:02:41] [SPAWN-KEY] Spawn buddy requested (archetype: BUDDY_Hakim_Echebbi)
[09:02:41] [SPAWN] Spawning archetype 'BUDDY_Hakim_Echebbi' at (3318.3, 1540.5, 17.8)...
[09:02:41] [BUDDY-SPAWN] Received Spawn ID: 18446744073709551615 (0xFFFFFFFFFFFFFFFF)
[09:02:41] [BUDDY-SPAWN] SUCCESS! CEntity pointer resolved: 0x00000000
[09:02:41] [SPAWN-OK] lua_dostring finished successfully.
[09:02:41] [TELEPORT-KEY] Teleport buddy requested to (3318.6, 1552.0, 16.6)
[09:02:41] [TELEPORT] Buddy not spawned yet! Press [F5] first.
[09:02:41] [CAMERA-LOCK] Active camera found at 0x04279C6C: Pos (3316.4, 1537.6, 19.6) Screen 1920x1080
[09:02:43] [F4] Anchored 3D marker 15m ahead at (3334.2, 1544.0, 13.6) from (3320.1, 1539.0, 12.6)
[09:02:44] [F4] Anchored 3D marker 15m ahead at (3330.4, 1542.4, 32.0) from (3325.4, 1540.8, 18.0)
[09:02:44] [CAMERA-LOCK] Active camera found at 0x04279C6C: Pos (3325.9, 1541.0, 18.0) Screen 1920x1080
[09:02:44] [UDP TX #1955] Pos: (3325.9, 1541.0, 18.0) -> Sent to UDP :42069
[09:02:46] [SPAWN-KEY] Spawn buddy requested (archetype: BUDDY_Hakim_Echebbi)
[09:02:46] [SPAWN] Spawning archetype 'BUDDY_Hakim_Echebbi' at (3329.7, 1542.1, 19.1)...
[09:02:46] [BUDDY-SPAWN] Received Spawn ID: 18446744073709551615 (0xFFFFFFFFFFFFFFFF)
[09:02:46] [BUDDY-SPAWN] SUCCESS! CEntity pointer resolved: 0x00000000
[09:02:46] [SPAWN-OK] lua_dostring finished successfully.
[09:02:46] [TELEPORT-KEY] Teleport buddy requested to (3330.4, 1542.4, 32.0)
[09:02:46] [TELEPORT] Buddy not spawned yet! Press [F5] first.
[09:02:47] [TELEPORT-KEY] Teleport buddy requested to (3330.4, 1542.4, 32.0)
[09:02:47] [TELEPORT] Buddy not spawned yet! Press [F5] first.
[09:02:47] [CAMERA-LOCK] Active camera found at 0x04279C6C: Pos (3327.6, 1541.5, 17.9) Screen 1920x1080
[09:02:48] [TELEPORT-KEY] Teleport buddy requested to (3330.4, 1542.4, 32.0)
[09:02:48] [TELEPORT] Buddy not spawned yet! Press [F5] first.
[09:02:49] [UDP TX #2055] Pos: (3328.9, 1543.2, 17.2) -> Sent to UDP :42069
[09:02:50] [CAMERA-LOCK] Active camera found at 0x04279C6C: Pos (3329.3, 1543.4, 17.0) Screen 1920x1080
[09:02:53] [CAMERA-LOCK] Active camera found at 0x04279C6C: Pos (3328.7, 1541.3, 17.5) Screen 1920x1080
[09:02:54] [UDP TX #2155] Pos: (3328.7, 1541.3, 17.5) -> Sent to UDP :42069
[09:02:56] [SHUTDOWN] Proxy detaching.
[09:17:31] [INIT] binkw32 proxy attached (PID: 356)
[09:17:33] =================================================
[09:17:33] Far Cry 2 Co-op Mod - Milestone 4: Entity Spawning
[09:17:33] Keys: [F3] Toggle TX | [F4] Anchor Marker
[09:17:33]        [F7 / Num7] Spawn Buddy | [F8 / Num8] Teleport Buddy
[09:17:33] =================================================
[09:17:33] [NET-TX] Broadcast sender ready on UDP :42069
[09:17:33] [SUCCESS] Dunia.dll located at 0x10000000
[09:17:33] [NET-RX] Listening for remote partner packets on UDP :42070
[09:17:37] [D3D9] Setting up Direct3D9 vtable hook...
[09:17:37] [D3D9] Original EndScene: 0x79A4DD70 | Present: 0x79A4D9B0
[09:17:37] [INPUT] Subclassed game window (0x000200A4) - system cursor suppressed!
[09:17:37] [LUA-INIT] Registered 'OnBuddySpawned' callback on render thread.
[09:17:37] [D3D9] Present hook active! Post-processing blur eliminated.
[09:17:42] [CAMERA-LOCK] Active camera found at 0x04289C6C: Pos (3286.6, 1524.2, 22.5) Screen 1920x1080
[09:17:42] [AUTO-INIT] Test marker placed 15m ahead at (3278.0, 1536.4, 21.0)
[09:17:43] [CAMERA-LOCK] Active camera found at 0x04289C6C: Pos (3286.6, 1524.2, 22.5) Screen 1920x1080
[09:17:46] [CAMERA-LOCK] Active camera found at 0x04289C6C: Pos (3286.6, 1524.2, 22.5) Screen 1920x1080
[09:17:47] [UDP TX #86] Pos: (3286.6, 1524.2, 22.5) -> Sent to UDP :42069
[09:17:49] [CAMERA-LOCK] Active camera found at 0x04289C6C: Pos (3286.6, 1524.2, 22.5) Screen 1920x1080
[09:17:52] [CAMERA-LOCK] Active camera found at 0x04289C6C: Pos (3286.6, 1524.2, 22.5) Screen 1920x1080
[09:17:52] [UDP TX #186] Pos: (3286.6, 1524.2, 22.5) -> Sent to UDP :42069
[09:17:53] [SPAWN-KEY] Spawn buddy requested (archetype: BUDDY_Hakim_Echebbi)
[09:17:53] [SPAWN-TRY] Trying archetype 'Hakim_Echebbi' at (3285.6, 1526.0, 20.8)...
[09:17:53] [SPAWN-TRY] Trying archetype 'Marty_Alencar' at (3285.6, 1526.0, 20.8)...
[09:17:53] [SPAWN-TRY] Trying archetype 'Paul_Ferenc' at (3285.6, 1526.0, 20.8)...
[09:17:53] [SPAWN-TRY] Trying archetype 'Warren_Clyde' at (3285.6, 1526.0, 20.8)...
[09:17:53] [SPAWN-TRY] Trying archetype 'Josip_Idromeno' at (3285.6, 1526.0, 20.8)...
[09:17:53] [SPAWN-TRY] Trying archetype 'BUDDY_Hakim_Echebbi' at (3285.6, 1526.0, 20.8)...
[09:17:53] [SPAWN-TRY] Trying archetype 'BUDDY_Marty_Alencar' at (3285.6, 1526.0, 20.8)...
[09:17:53] [SPAWN-TRY] Trying archetype 'enemy_archetypes.Red_Faction.Assault_Caucasian' at (3285.6, 1526.0, 20.8)...
[09:17:53] [BUDDY-SPAWN] Received Valid Spawn ID: 13070468460485026048 (0xB563A1D083282100)
[09:17:53] [BUDDY-SPAWN] SUCCESS! CEntity pointer resolved: 0x18208DC0
[09:17:53] [SPAWN-SUCCESS] Archetype 'enemy_archetypes.Red_Faction.Assault_Caucasian' spawned successfully! EntityPtr=0x18208DC0
[09:17:55] [CAMERA-LOCK] Active camera found at 0x04289C6C: Pos (3287.4, 1523.0, 22.3) Screen 1920x1080
[09:17:57] [UDP TX #286] Pos: (3287.4, 1523.0, 22.3) -> Sent to UDP :42069
[09:17:58] [CAMERA-LOCK] Active camera found at 0x04289C6C: Pos (3287.4, 1523.0, 22.3) Screen 1920x1080
[09:18:01] [CAMERA-LOCK] Active camera found at 0x04289C6C: Pos (3286.3, 1524.7, 22.6) Screen 1920x1080
[09:18:02] [UDP TX #386] Pos: (3286.8, 1523.9, 22.4) -> Sent to UDP :42069
[09:18:02] [TELEPORT-KEY] Teleport buddy requested to (3278.0, 1536.4, 21.0)
[09:18:09] [INIT] binkw32 proxy attached (PID: 356)
[09:18:11] =================================================
[09:18:11] Far Cry 2 Co-op Mod - Milestone 4: Entity Spawning
[09:18:11] Keys: [F3] Toggle TX | [F4] Anchor Marker
[09:18:11]        [F7 / Num7] Spawn Buddy | [F8 / Num8] Teleport Buddy
[09:18:11] =================================================
[09:18:11] [NET-TX] Broadcast sender ready on UDP :42069
[09:18:11] [SUCCESS] Dunia.dll located at 0x10000000
[09:18:11] [NET-RX] Listening for remote partner packets on UDP :42070
[09:18:15] [D3D9] Setting up Direct3D9 vtable hook...
[09:18:15] [D3D9] Original EndScene: 0x79A4DD70 | Present: 0x79A4D9B0
[09:18:15] [INPUT] Subclassed game window (0x000200A4) - system cursor suppressed!
[09:18:15] [LUA-INIT] Registered 'OnBuddySpawned' callback on render thread.
[09:18:15] [D3D9] Present hook active! Post-processing blur eliminated.
[09:18:22] [CAMERA-LOCK] Active camera found at 0x04279C6C: Pos (3286.6, 1524.2, 22.5) Screen 1920x1080
[09:18:22] [AUTO-INIT] Test marker placed 15m ahead at (3278.0, 1536.4, 21.0)
[09:18:25] [CAMERA-LOCK] Active camera found at 0x04279C6C: Pos (3286.6, 1524.2, 22.5) Screen 1920x1080
[09:18:26] [UDP TX #55] Pos: (3286.6, 1524.2, 22.5) -> Sent to UDP :42069
[09:18:28] [CAMERA-LOCK] Active camera found at 0x04279C6C: Pos (3286.0, 1525.1, 22.7) Screen 1920x1080
[09:18:28] [SPAWN-KEY] Spawn buddy requested (archetype: BUDDY_Hakim_Echebbi)
[09:18:28] [SPAWN-TRY] Trying archetype 'Hakim_Echebbi' at (3284.2, 1528.1, 21.1)...
[09:18:28] [SPAWN-TRY] Trying archetype 'Marty_Alencar' at (3284.2, 1528.1, 21.1)...
[09:18:28] [SPAWN-TRY] Trying archetype 'Paul_Ferenc' at (3284.2, 1528.1, 21.1)...
[09:18:28] [SPAWN-TRY] Trying archetype 'Warren_Clyde' at (3284.2, 1528.1, 21.1)...
[09:18:28] [SPAWN-TRY] Trying archetype 'Josip_Idromeno' at (3284.2, 1528.1, 21.1)...
[09:18:28] [SPAWN-TRY] Trying archetype 'BUDDY_Hakim_Echebbi' at (3284.2, 1528.1, 21.1)...
[09:18:28] [SPAWN-TRY] Trying archetype 'BUDDY_Marty_Alencar' at (3284.2, 1528.1, 21.1)...
[09:18:28] [SPAWN-TRY] Trying archetype 'enemy_archetypes.Red_Faction.Assault_Caucasian' at (3284.2, 1528.1, 21.1)...
[09:18:28] [BUDDY-SPAWN] Received Valid Spawn ID: 13070468535646953728 (0xB563A1E203282100)
[09:18:28] [BUDDY-SPAWN] SUCCESS! CEntity pointer resolved: 0x18209840
[09:18:28] [SPAWN-SUCCESS] Archetype 'enemy_archetypes.Red_Faction.Assault_Caucasian' spawned successfully! EntityPtr=0x18209840
[09:18:31] [CAMERA-LOCK] Active camera found at 0x04279C6C: Pos (3286.1, 1525.1, 22.7) Screen 1920x1080
[09:18:31] [UDP TX #155] Pos: (3286.1, 1525.1, 22.7) -> Sent to UDP :42069
[09:18:34] [CAMERA-LOCK] Active camera found at 0x04279C6C: Pos (3286.1, 1525.1, 22.7) Screen 1920x1080
[09:18:36] [UDP TX #255] Pos: (3286.1, 1525.1, 22.7) -> Sent to UDP :42069
[09:18:37] [CAMERA-LOCK] Active camera found at 0x04279C6C: Pos (3286.1, 1525.1, 22.7) Screen 1920x1080
[09:18:38] [SPAWN-KEY] Spawn buddy requested (archetype: BUDDY_Hakim_Echebbi)
